transaction_id,time_s,r2_policy,route_provisional,route_actual,projected_route,reliable_rank,weak_rank,raw_residual_norm,selected_residual_norm,base_R_selected_trace,adaptive_R_selected_trace,adaptive_R_minus_base_frobenius,selected_R_trace,selected_R_min_eigenvalue,selected_R_max_eigenvalue,selected_S_trace,selected_nis,nis_threshold,nis_gate_enabled,update_attempted,update_committed,nis_rejected,update_status,actual_delta_position_norm,actual_delta_rotation_norm,actual_delta_velocity_norm,prior_position_sigma_max,posterior_position_sigma_max
1,0.042698054999999999,ADAPTIVE_SELECTED_NIS,NORMAL_LIDAR,NORMAL_LIDAR,0,0,0,0,0,nan,nan,nan,0,0,0,0,nan,nan,1,1,1,0,NO_PROJECTED_UPDATE,0,0,0,1.0009459348361875,0.1961230227380763
2,0.143557936,ADAPTIVE_SELECTED_NIS,NORMAL_LIDAR,NORMAL_LIDAR,0,0,0,0,0,nan,nan,nan,0,0,0,0,nan,nan,1,1,1,0,NO_PROJECTED_UPDATE,0,0,0,0.22142879808435401,0.1483934443195972
3,0.244418055,ADAPTIVE_SELECTED_NIS,NORMAL_LIDAR,NORMAL_LIDAR,0,0,0,0,0,nan,nan,nan,0,0,0,0,nan,nan,1,1,1,0,NO_PROJECTED_UPDATE,0,0,0,0.20123027690372339,0.14178468394843838
4,0.34527793499999998,ADAPTIVE_SELECTED_NIS,LIDAR_DEGRADED_VISION_INVALID,LIDAR_DEGRADED_VISION_INVALID,1,5,1,0.077132908094085906,0.027649214519456473,0.11535274435149921,0.11535274435149925,3.1981883047303744e-17,0.11535274435149925,0.010000000000000002,0.040000000000000029,0.21347234676759053,0.01354801931814557,15.086,1,1,1,0,COMMITTED,0.013526412356347165,0.0020384025909291697,0.045777401296824248,0.20170542836809521,0.16909289236198108
5,0.44613805400000001,ADAPTIVE_SELECTED_NIS,NORMAL_LIDAR,NORMAL_LIDAR,0,0,0,0,0,nan,nan,nan,0,0,0,0,nan,nan,1,1,1,0,NO_PROJECTED_UPDATE,0,0,0,0.22984398370634185,0.15060819139717219
6,0.54699793399999996,ADAPTIVE_SELECTED_NIS,NORMAL_LIDAR,NORMAL_LIDAR,0,0,0,0,0,nan,nan,nan,0,0,0,0,nan,nan,1,1,1,0,NO_PROJECTED_UPDATE,0,0,0,0.19579756219808969,0.13985007331426533
7,0.64785805299999999,ADAPTIVE_SELECTED_NIS,LIDAR_DEGRADED_VISION_INVALID,LIDAR_DEGRADED_VISION_INVALID,1,5,1,0.029767979577672434,0.029566554364421987,0.11548599170178894,0.11548599170178898,2.9281595316913918e-17,0.11548599170178898,0.010000000000000002,0.040000000000000029,0.18602539768144472,0.020002422522769535,15.086,1,1,1,0,COMMITTED,0.012391808361468987,0.001544286232583297,0.029149896426936855,0.17585910524140924,0.15268563102220312
8,0.74871793399999997,ADAPTIVE_SELECTED_NIS,NORMAL_LIDAR,NORMAL_LIDAR,0,0,0,0,0,nan,nan,nan,0,0,0,0,nan,nan,1,1,1,0,NO_PROJECTED_UPDATE,0,0,0,0.18595856273954767,0.13605328317901111
9,0.84951511000000002,ADAPTIVE_SELECTED_NIS,LIDAR_DEGRADED_VISION_INVALID,LIDAR_DEGRADED_VISION_INVALID,1,5,1,0.085870232301575353,0.085747314288421514,0.11561938475998269,0.11561938475998274,3.2347244950155819e-17,0.11561938475998274,0.009999999999999995,0.040000000000000015,0.17096886589801186,0.1287850036084347,15.086,1,1,1,0,COMMITTED,0.032614766651791575,0.0022481435248872545,0.062469048737958804,0.16209323697181632,0.1436269342281421
10,0.950374991,ADAPTIVE_SELECTED_NIS,NORMAL_LIDAR,NORMAL_LIDAR,0,0,0,0,0,nan,nan,nan,0,0,0,0,nan,nan,1,1,1,0,NO_PROJECTED_UPDATE,0,0,0,0.16759434334389892,0.12830715552285321
11,1.0512351090000001,ADAPTIVE_SELECTED_NIS,NORMAL_LIDAR,NORMAL_LIDAR,0,0,0,0,0,nan,nan,nan,0,0,0,0,nan,nan,1,1,1,0,NO_PROJECTED_UPDATE,0,0,0,0.14775232442872444,0.11877469238308748
12,1.1520949899999999,ADAPTIVE_SELECTED_NIS,NORMAL_LIDAR,NORMAL_LIDAR,0,0,0,0,0,nan,nan,nan,0,0,0,0,nan,nan,1,1,1,0,NO_PROJECTED_UPDATE,0,0,0,0.13568820117930447,0.11217219463661604
13,1.252955109,ADAPTIVE_SELECTED_NIS,NORMAL_LIDAR,NORMAL_LIDAR,0,0,0,0,0,nan,nan,nan,0,0,0,0,nan,nan,1,1,1,0,NO_PROJECTED_UPDATE,0,0,0,0.13044988132359209,0.1088649013737439
14,1.353814989,ADAPTIVE_SELECTED_NIS,NORMAL_LIDAR,NORMAL_LIDAR,0,0,0,0,0,nan,nan,nan,0,0,0,0,nan,nan,1,1,1,0,NO_PROJECTED_UPDATE,0,0,0,0.12725470631205579,0.10692547314507332
15,1.454675108,ADAPTIVE_SELECTED_NIS,NORMAL_LIDAR,NORMAL_LIDAR,0,0,0,0,0,nan,nan,nan,0,0,0,0,nan,nan,1,1,1,0,NO_PROJECTED_UPDATE,0,0,0,0.12476832180037177,0.10538420996010608
16,1.555534988,ADAPTIVE_SELECTED_NIS,LIDAR_DEGRADED_VISION_INVALID,LIDAR_DEGRADED_VISION_INVALID,1,5,1,0.059774300628439386,0.054489848793964728,0.11519854564905016,0.11519854564905026,7.4113365297412107e-17,0.11519854564905026,0.010000000000000009,0.040000000000000029,0.14915258718636687,0.13315032781988251,15.086,1,1,1,0,COMMITTED,0.014767492050535663,0.0016773966619290589,0.019173413920494733,0.12285120126909954,0.10468222907937391
17,1.656395107,ADAPTIVE_SELECTED_NIS,LIDAR_DEGRADED_VISION_INVALID,LIDAR_DEGRADED_VISION_INVALID,1,5,1,0.10235047893156844,0.098499273959541944,0.11513917773466237,0.11513917773466248,8.5900172020585877e-17,0.11513917773466248,0.009999999999999995,0.040000000000000022,0.14821295434324086,0.28841948069465478,15.086,1,1,1,0,COMMITTED,0.026050468682382907,0.0021621209507610749,0.034358761876274513,0.12146580809016816,0.10577335152258878
18,1.7572549879999999,ADAPTIVE_SELECTED_NIS,LIDAR_DEGRADED_VISION_INVALID,LIDAR_DEGRADED_VISION_INVALID,1,5,1,0.18859310805688712,0.13054140963152142,0.11492639701228066,0.11493507062791125,8.4214884015678436e-06,0.11493507062791125,0.010000000000000054,0.040008326272293601,0.14725926934217273,0.45348212856929371,15.086,1,1,1,0,COMMITTED,0.031892915914022796,0.0017979880322599169,0.036980524440704071,0.120259412814113,0.10789451889127891
19,1.8580550250000001,ADAPTIVE_SELECTED_NIS,LIDAR_DEGRADED_VISION_INVALID,LIDAR_DEGRADED_VISION_INVALID,1,5,1,0.12628758994321454,0.12186345951988556,0.11527260128466693,0.11527260128466706,9.1268842929229659e-17,0.11527260128466706,0.0099999999999999915,0.040000000000000022,0.14732108109960859,0.38712883476693249,15.086,1,1,1,0,COMMITTED,0.031847902079519132,0.0029255324904839349,0.043645744140597423,0.11922084836238418,0.10927125397612648
20,1.958914906,ADAPTIVE_SELECTED_NIS,LIDAR_DEGRADED_VISION_INVALID,LIDAR_DEGRADED_VISION_INVALID,1,5,1,0.097531988426220281,0.08441262213206753,0.11537871581740826,0.11537871581740837,8.6674270525674789e-17,0.11537871581740837,0.0099999999999999985,0.040000000000000001,0.14703193818131122,0.25337488371361649,15.086,1,1,1,0,COMMITTED,0.023043600707994685,0.0013956985560993388,0.024954014520650641,0.11886794476114142,0.11016296366596359
21,2.059775025,ADAPTIVE_SELECTED_NIS,LIDAR_DEGRADED_VISION_INVALID,LIDAR_DEGRADED_VISION_INVALID,1,5,1,0.23295887542957283,0.17211931327174143,0.11558788235836828,0.11561423706619946,2.3591359787753072e-05,0.11561423706619946,0.010000000000001331,0.040006224171053546,0.14695329104038449,0.63676020131698863,15.086,1,1,1,0,COMMITTED,0.044720860922570445,0.0041907753461970353,0.063068368172452483,0.11942058523344043,0.11074341842693762
22,2.1606360969999998,ADAPTIVE_SELECTED_NIS,LIDAR_DEGRADED_VISION_INVALID,LIDAR_DEGRADED_VISION_INVALID,1,5,1,0.19987526537442371,0.095389404299502531,0.11542627207940823,0.11545759774815545,2.6275448030255001e-05,0.11545759774815545,0.010000000000000038,0.04000944927788145,0.14644486050897948,0.3400080194652409,15.086,1,1,1,0,COMMITTED,0.026750917612564502,0.0019335218611692283,0.030792054530532888,0.1203452881451591,0.11133600337112086
23,2.261495977,ADAPTIVE_SELECTED_NIS,LIDAR_DEGRADED_VISION_INVALID,LIDAR_DEGRADED_VISION_INVALID,1,5,1,0.22111600768341874,0.14312306343448072,0.11522273209574548,0.1152227320957456,8.298377162183016e-17,0.1152227320957456,0.010000000000000004,0.040000000000000015,0.14622761607800322,0.97527090543412687,15.086,1,1,1,0,COMMITTED,0.03805808352115176,0.0017133093050866019,0.03415792738235271,0.12127912579489378,0.11081394703803789
24,2.3623560960000001,ADAPTIVE_SELECTED_NIS,LIDAR_DEGRADED_VISION_INVALID,LIDAR_DEGRADED_VISION_INVALID,1,3,3,0.34257328366610368,0.06730626808493205,0.052676128759452767,0.053497006499761447,0.00081832327598900956,0.053497006499761447,0.010163365410081563,0.032645849670308258,0.065979311017006229,0.16312962230688374,11.345000000000001,1,1,1,0,COMMITTED,0.018099570322503568,0.0021004713918208002,0.026924949573957375,0.1200819548478852,0.11836437734853687
25,2.4632159769999999,ADAPTIVE_SELECTED_NIS,LIDAR_DEGRADED_VISION_INVALID,LIDAR_DEGRADED_VISION_INVALID,1,5,1,0.22590105096061727,0.20633506219616551,0.11701231211299355,0.1170227066053396,9.1340255858896871e-06,0.1170227066053396,0.010000000265963177,0.040008706677666088,0.15289315087975452,0.92988373410398539,15.086,1,1,1,0,COMMITTED,0.054964330560559771,0.0038319453493925264,0.066479729460887454,0.12895545089947213,0.11389323126623452
26,2.564076096,ADAPTIVE_SELECTED_NIS,LIDAR_DEGRADED_VISION_INVALID,LIDAR_DEGRADED_VISION_INVALID,1,5,1,0.1117561992361488,0.11128800079560383,0.11768897748361042,0.11768897748361058,1.1757256838983834e-16,0.11768897748361058,0.010000000000000007,0.040000000000000029,0.15149563727790741,0.37299415811802683,15.086,1,1,1,0,COMMITTED,0.031044768474122214,0.0030701355960685429,0.043254810783639103,0.12416076954640752,0.11056871507668133
27,2.6649359760000002,ADAPTIVE_SELECTED_NIS,LIDAR_DEGRADED_VISION_INVALID,LIDAR_DEGRADED_VISION_INVALID,1,5,1,0.074430089242028555,0.064571806614826394,0.11799041477862698,0.11799041477862712,9.9170368129205578e-17,0.11799041477862712,0.010000000000000011,0.040000000000000015,0.15039725126028336,0.22968274697302821,15.086,1,1,1,0,COMMITTED,0.014625535026544085,0.0016646566645157044,0.0094847655914446251,0.1209204215864718,0.10793420166739527
28,2.7657960949999998,ADAPTIVE_SELECTED_NIS,LIDAR_DEGRADED_VISION_INVALID,LIDAR_DEGRADED_VISION_INVALID,1,5,1,0.13571860833412475,0.134291041277257,0.11893408658456268,0.1189340865845628,8.4800701987226004e-17,0.1189340865845628,0.010000000000000004,0.040000000000000015,0.15082615219101483,0.43675402244667583,15.086,1,1,1,0,COMMITTED,0.033015891625832294,0.0031519052749490271,0.042989578154828859,0.11877745841326742,0.10498523121877675
29,2.8665939869999999,ADAPTIVE_SELECTED_NIS,LIDAR_DEGRADED_VISION_INVALID,LIDAR_DEGRADED_VISION_INVALID,1,5,1,0.081824797691032819,0.080668295549940733,0.12005208973548875,0.12005208973548888,8.8880754732654326e-17,0.12005208973548888,0.010000000000000002,0.040000000000000022,0.15141794383155036,0.13959520306779735,15.086,1,1,1,0,COMMITTED,0.02072317112684181,0.0018976694239491647,0.027835870582476337,0.11667359063700887,0.10234588655439818
30,2.9674541049999998,ADAPTIVE_SELECTED_NIS,LIDAR_DEGRADED_VISION_VALID,LIDAR_DEGRADED_VISION_VALID,1,5,1,0.11870571139465122,0.087808083605142903,0.12067229836279571,0.12067229836279585,8.7204300189853682e-17,0.12067229836279585,0.01,0.040000000000000008,0.15046552964653614,0.17884888784912936,15.086,1,1,1,0,COMMITTED,0.02186207074917744,0.0023503592557879436,0.031558776261605817,0.1149637350106376,0.099754376608793008
31,3.0683139860000002,ADAPTIVE_SELECTED_NIS,LIDAR_DEGRADED_VISION_VALID,LIDAR_DEGRADED_VISION_VALID,1,5,1,0.27414870091673915,0.23017118829794395,0.12291791917619781,0.12299887587738034,6.095760374472936e-05,0.12299887587738034,0.010000000000190634,0.040050408977709707,0.15292331620055877,1.1818681888185152,15.086,1,1,1,0,COMMITTED,0.050220481414203023,0.0032528450141326541,0.058695397044022629,0.11403840355326213,0.098910278788240241
32,3.1691741050000002,ADAPTIVE_SELECTED_NIS,LIDAR_DEGRADED_VISION_VALID,VISUAL_ONLY_THIS_INTERVAL,1,5,1,1.3817831287957205,1.3803996162261376,0.12217196947830843,0.12217196947832068,1.214158222487646e-14,0.12217196947832068,0.010000000000000014,0.040000000000000029,0.1503027152540615,36.51559714014634,15.086,1,1,0,1,SELECTED_NIS_REJECTED,0,0,0,0.11307983838767792,0.11307983838767792
33,3.270033985,ADAPTIVE_SELECTED_NIS,LIDAR_DEGRADED_VISION_VALID,IMU_ONLY_THIS_INTERVAL,1,5,1,1.3997767187168939,1.3972116001006925,0.12336970371148687,0.12338073975265497,9.2453755203087272e-06,0.12338073975265497,0.010000004782642463,0.040008536598690608,0.15963665087724746,34.989375417190168,15.086,1,1,0,1,SELECTED_NIS_REJECTED,0,0,0,0.12934164218439795,0.12934164218439795
34,3.370894104,ADAPTIVE_SELECTED_NIS,LIDAR_DEGRADED_VISION_VALID,LIDAR_DEGRADED_VISION_VALID,1,5,1,0.25056775714459817,0.22447210286975047,0.12617834458441782,0.12618247324276374,3.7333890824483889e-06,0.12618247324276374,0.010000007830356657,0.04000334185129404,0.17249742621116915,0.95611876823168307,15.086,1,1,1,0,COMMITTED,0.071886310912288864,0.0056851425779795529,0.089149200632773512,0.1473219493445366,0.11823956941467735
35,3.4717539849999999,ADAPTIVE_SELECTED_NIS,LIDAR_DEGRADED_VISION_VALID,LIDAR_DEGRADED_VISION_VALID,1,3,3,1.235250660041783,0.18037276042609379,0.072286156098489637,0.072985372671107773,0.00069916169241864402,0.072985372671107773,0.010160568090645189,0.039743657096389759,0.09330288088550881,0.66734466430823591,11.345000000000001,1,1,1,0,COMMITTED,0.05091821228807529,0.0037850121464852622,0.060388385677927994,0.13469949478196921,0.13359522432433515
36,3.5726141029999998,ADAPTIVE_SELECTED_NIS,LIDAR_DEGRADED_VISION_VALID,LIDAR_DEGRADED_VISION_VALID,1,3,3,0.87833294968737707,0.63363725805339799,0.060294192563640832,0.061787122510638268,0.0014928376484835549,0.061787122510638268,0.010164746248675161,0.033964928141002465,0.078741767963843162,8.4674922865524849,11.345000000000001,1,1,1,0,COMMITTED,0.2251580824586564,0.019304820442462518,0.28176527919259436,0.15161514656927533,0.14051689670599052
37,3.6734739840000001,ADAPTIVE_SELECTED_NIS,LIDAR_DEGRADED_VISION_INVALID,LIDAR_DEGRADED_VISION_INVALID,1,3,3,0.67226633847675743,0.41617122245597954,0.058928838236496119,0.059928776878221811,0.00099986810358143174,0.059928776878221811,0.010831489643438785,0.029752789766012387,0.072945951942786386,5.8129131614514584,11.345000000000001,1,1,1,0,COMMITTED,0.17998769405351792,0.016156299857807175,0.22597868532525708,0.15930948832483033,0.15050432381552786
38,3.7743341030000002,ADAPTIVE_SELECTED_NIS,LIDAR_DEGRADED_VISION_INVALID,LIDAR_DEGRADED_VISION_INVALID,1,5,1,0.97113783157869582,0.97104416981189356,0.12429572300860307,0.1242957848240292,5.4968983311774284e-08,0.1242957848240292,0.010000000000020685,0.040000053450729024,0.17309791935619109,13.984830696934205,15.086,1,1,1,0,COMMITTED,0.40617594655641315,0.033996753329225762,0.49609979264225718,0.17034686474459235,0.12955035048555885
39,3.8751329480000001,ADAPTIVE_SELECTED_NIS,LIDAR_DEGRADED_VISION_VALID,LIDAR_DEGRADED_VISION_VALID,1,3,3,0.29578260348978663,0.14975468964934771,0.057476150338688886,0.059171628583881919,0.0016950350955155105,0.059171628583881919,0.010778753244838124,0.029714258240444952,0.071211881045338321,0.83539131595992755,11.345000000000001,1,1,1,0,COMMITTED,0.050364366238512551,0.0035625892029150122,0.056470255923553037,0.14628440378410734,0.13279270839932131
40,3.9759930670000001,ADAPTIVE_SELECTED_NIS,LIDAR_DEGRADED_VISION_VALID,LIDAR_DEGRADED_VISION_VALID,1,5,1,0.64245551357650521,0.63972827491086082,0.12479589503659021,0.12479673956920653,7.981869365453506e-07,0.12479673956920653,0.01000000000000004,0.040000367011735934,0.16657332722836121,7.5908249464919884,15.086,1,1,1,0,COMMITTED,0.18893319638092101,0.015130285406203793,0.22231121828155961,0.14986195313052261,0.11993950544336889
41,4.0768529469999999,ADAPTIVE_SELECTED_NIS,LIDAR_DEGRADED_VISION_INVALID,LIDAR_DEGRADED_VISION_INVALID,1,5,1,0.51819458509202487,0.49969241537508757,0.12693550855031926,0.12725131630927214,0.0003118391277089631,0.12725131630927214,0.010000000000014208,0.040311268398885144,0.1633637060822335,4.673346079127775,15.086,1,1,1,0,COMMITTED,0.13603330322579837,0.01062957749271848,0.15885519610341475,0.13523136805981439,0.11249014582654887
42,4.1777130659999999,ADAPTIVE_SELECTED_NIS,LIDAR_DEGRADED_VISION_INVALID,LIDAR_DEGRADED_VISION_INVALID,1,3,3,0.43113936268317538,0.16403189163951018,0.069847955902954256,0.070098216932558993,0.00024946127227501506,0.070098216932558993,0.010003236203109242,0.034347530662679961,0.086351004910304313,0.644199441338696,11.345000000000001,1,1,1,0,COMMITTED,0.046153208642511982,0.0042186821447550453,0.057455509943026721,0.12690292930074365,0.11554801604176738
43,4.2785729469999998,ADAPTIVE_SELECTED_NIS,LIDAR_DEGRADED_VISION_VALID,LIDAR_DEGRADED_VISION_VALID,1,3,3,0.53907356631785819,0.15820489984385286,0.057875636494735261,0.05918451938910349,0.0013086345029034367,0.05918451938910349,0.010150099377884698,0.037451310588082452,0.064329586803738861,0.69787351756507299,11.345000000000001,1,1,1,0,COMMITTED,0.015930308816641328,0.0017190087680629964,0.012389498747228523,0.11255932809400786,0.1121744408905779
44,4.3794340189999996,ADAPTIVE_SELECTED_NIS,LIDAR_DEGRADED_VISION_VALID,LIDAR_DEGRADED_VISION_VALID,1,5,1,0.48001798645019189,0.45561338333118734,0.13585440052257866,0.13585704494485901,2.0752612487409377e-06,0.13585704494485901,0.010000000005361734,0.040002027765889771,0.170432838921034,4.045618474839511,15.086,1,1,1,0,COMMITTED,0.12222787348770205,0.010166177585479243,0.14435271848395892,0.12628805863753945,0.10645037954642339
45,4.4802939000000004,ADAPTIVE_SELECTED_NIS,LIDAR_DEGRADED_VISION_INVALID,LIDAR_DEGRADED_VISION_INVALID,1,5,1,0.43605730761941519,0.41607031352189677,0.1368283466868824,0.136828389649719,3.9919831925642811e-08,0.136828389649719,0.010000000000024227,0.040000032033971317,0.16956038385520689,3.3745506057026207,15.086,1,1,1,0,COMMITTED,0.10154480922376954,0.0091938514263954565,0.12468438489075813,0.11987394192718877,0.10255520182094441
46,4.5811540180000003,ADAPTIVE_SELECTED_NIS,LIDAR_DEGRADED_VISION_INVALID,LIDAR_DEGRADED_VISION_INVALID,1,5,1,0.50989566859123969,0.47149652858666491,0.13722240316292064,0.13726487353733854,4.0021054134285774e-05,0.13726487353733854,0.010000014905548251,0.040039889346729099,0.16794839901770381,4.6779227777933725,15.086,1,1,1,0,COMMITTED,0.10997584396762206,0.010054909890904499,0.13538546988491965,0.11561669991848143,0.10000644352123826
47,4.6820138990000002,ADAPTIVE_SELECTED_NIS,LIDAR_DEGRADED_VISION_VALID,LIDAR_DEGRADED_VISION_VALID,1,3,3,0.63456295373506966,0.13671178860371705,0.053974884901170528,0.054826721283916725,0.00083250790857208369,0.054826721283916725,0.010056803028526632,0.033439275808835142,0.059490479441740483,0.93962009812506997,11.345000000000001,1,1,1,0,COMMITTED,0.017448295167416455,0.0044481174896561313,0.017584489145175127,0.11229841056255219,0.11060168682962268
48,4.7828740180000002,ADAPTIVE_SELECTED_NIS,LIDAR_DEGRADED_VISION_VALID,LIDAR_DEGRADED_VISION_VALID,1,5,1,0.84976692353465677,0.74065117487988152,0.13044423792174342,0.13044875091223554,4.1261352379808277e-06,0.13044875091223554,0.010000000520566526,0.040003628233821496,0.16204463309714906,12.292875081845841,15.086,1,1,1,0,COMMITTED,0.19756235921956622,0.017518353299114171,0.24451083094588236,0.12477093209628365,0.10551343572445747
49,4.8836719090000003,ADAPTIVE_SELECTED_NIS,LIDAR_DEGRADED_VISION_INVALID,IMU_ONLY_THIS_INTERVAL,1,5,1,0.92282109681714242,0.90312202047487489,0.13437389601699426,0.13437865471431643,3.7865174458655619e-06,0.13437865471431643,0.010000019001747842,0.040003245167877823,0.16673531153792426,15.729091534392815,15.086,1,1,0,1,SELECTED_NIS_REJECTED,0,0,0,0.11942660864045938,0.11942660864045938
50,4.9845320280000003,ADAPTIVE_SELECTED_NIS,LIDAR_DEGRADED_VISION_INVALID,LIDAR_DEGRADED_VISION_INVALID,1,3,3,1.5544648989069365,0.4007087159446911,0.069653887479532842,0.073438843667595816,0.003784871442425653,0.073438843667595816,0.010000541731212072,0.039904691875614746,0.086015265299135404,4.102117967167759,11.345000000000001,1,1,1,0,COMMITTED,0.11646327510134874,0.0095505385756567088,0.13268601633448626,0.13595793832963543,0.13553971122837458
51,5.0853919090000002,ADAPTIVE_SELECTED_NIS,LIDAR_DEGRADED_VISION_INVALID,IMU_ONLY_THIS_INTERVAL,1,5,1,3.9591127827956929,3.9164893844783251,0.11749159283578381,0.11749159283608668,2.4361112677965784e-13,0.11749159283608668,0.010000000000000507,0.040000000000240461,0.16112480183442587,260.97264329989326,15.086,1,1,0,1,SELECTED_NIS_REJECTED,0,0,0,0.15411935759258699,0.15411935759258699
52,5.1862520280000002,ADAPTIVE_SELECTED_NIS,LIDAR_DEGRADED_VISION_INVALID,LIDAR_DEGRADED_VISION_INVALID,1,3,3,0.68913540460052369,0.34586265847891434,0.060865095898982736,0.06086576723194189,5.8907303175252705e-07,0.06086576723194189,0.010417415122637051,0.039996241916655038,0.085167127661820496,3.3824949427768001,11.345000000000001,1,1,1,0,COMMITTED,0.12832990702011776,0.014218803869392616,0.15129377591940349,0.17463409895343951,0.17051492047469885
53,5.287111908,ADAPTIVE_SELECTED_NIS,LIDAR_DEGRADED_VISION_INVALID,LIDAR_DEGRADED_VISION_INVALID,1,1,5,1.3301209682826294,0.0067798247728819983,0.010402415117161433,0.010614236009416652,0.00021182089225521908,0.010614236009416652,0.010614236009416652,0.010614236009416652,0.011061266476803142,0.0041555841772170417,6.6349999999999998,1,1,1,0,COMMITTED,0.0012879244191218607,0.00020960813482017595,0.0018597162160433629,0.19247973956505732,0.1923010723155533
54,5.387972027,ADAPTIVE_SELECTED_NIS,LIDAR_DEGRADED_VISION_INVALID,LIDAR_DEGRADED_VISION_INVALID,1,1,5,0.84898619934117048,0.044614544000727174,0.01059542193186039,0.01139029855331191,0.00079487662145152037,0.01139029855331191,0.01139029855331191,0.01139029855331191,0.012857400250011301,0.15481026472603365,6.6349999999999998,1,1,1,0,COMMITTED,0.019268451245453799,0.0027062935592801199,0.022270049484852342,0.21621327834234005,0.21198272953180328
55,5.4888319069999998,ADAPTIVE_SELECTED_NIS,LIDAR_DEGRADED_VISION_VALID,LIDAR_DEGRADED_VISION_VALID,1,1,5,0.90177477754146573,0.028630158314139405,0.010380108672998366,0.010391085754969477,1.0977081971111011e-05,0.010391085754969477,0.010391085754969477,0.010391085754969477,0.010715954333459767,0.076492110696410626,6.6349999999999998,1,1,1,0,COMMITTED,0.0050479950122892308,0.0007401845358171211,0.0063308865683421338,0.20450640192754013,0.20389260664012271
56,5.5896920259999998,ADAPTIVE_SELECTED_NIS,LIDAR_DEGRADED_VISION_VALID,LIDAR_DEGRADED_VISION_VALID,1,1,5,1.5850280718490943,0.024088029300355373,0.010316810611891426,0.010324983401979019,8.1727900875933068e-06,0.010324983401979019,0.010324983401979019,0.010324983401979019,0.010626157816942698,0.054604229070420542,6.6349999999999998,1,1,1,0,COMMITTED,0.004487879954441866,0.00050532459910285297,0.0061757960754054448,0.22753904437451253,0.22739703766206187
57,5.6905519069999997,ADAPTIVE_SELECTED_NIS,LIDAR_DEGRADED_VISION_INVALID,LIDAR_DEGRADED_VISION_INVALID,1,1,5,2.144784808720563,0.025539877519505334,0.010283739355386012,0.010301370864711289,1.7631509325276989e-05,0.010301370864711289,0.010301370864711289,0.010301370864711289,0.010596346152738268,0.061557572233781055,6.6349999999999998,1,1,1,0,COMMITTED,0.0049589660611283094,0.00055646997002043157,0.0066246751351119191,0.25286662870052656,0.2528393550941313
58,5.7914120259999997,ADAPTIVE_SELECTED_NIS,LIDAR_DEGRADED_VISION_VALID,LIDAR_DEGRADED_VISION_VALID,1,1,5,0.83879244526919117,0.046186620586099916,0.010269985350092051,0.011508330753808495,0.001238345403716444,0.011508330753808495,0.011508330753808495,0.011508330753808495,0.012679938575842794,0.16823456268379924,6.6349999999999998,1,1,1,0,COMMITTED,0.017970604710217178,0.0027736496346908819,0.018120197173987013,0.24143566798497251,0.23747816873908972
59,5.8922099169999997,ADAPTIVE_SELECTED_NIS,LIDAR_DEGRADED_VISION_VALID,LIDAR_DEGRADED_VISION_VALID,1,1,5,0.99779846602739808,0.025804921070082577,0.01025643083198422,0.010265222374323176,8.7915423389560432e-06,0.010265222374323176,0.010265222374323176,0.010265222374323176,0.010568446470403187,0.063007742273002945,6.6349999999999998,1,1,1,0,COMMITTED,0.0056939363252437912,0.00054069119615772737,0.0071655836961211907,0.2624361900488637,0.26243607147215936
60,5.9930700359999998,ADAPTIVE_SELECTED_NIS,LIDAR_DEGRADED_VISION_VALID,LIDAR_DEGRADED_VISION_VALID,1,3,3,0.86152452946956282,0.62414311064396222,0.060452031333639016,0.060452031334154693,4.9895600990325281e-13,0.060452031334154693,0.010224065774560143,0.039998439255323537,0.093093218173706804,6.2281825849713099,11.345000000000001,1,1,1,0,COMMITTED,0.27749183892095081,0.0163017334679398,0.27241729253592162,0.24922313113355285,0.24483854896429849
61,6.0939299159999996,ADAPTIVE_SELECTED_NIS,LIDAR_DEGRADED_VISION_VALID,LIDAR_DEGRADED_VISION_VALID,1,1,5,1.4528363376154843,0.0024076632288504082,0.010225160032725847,0.010427442088441666,0.00020228205571581892,0.010427442088441666,0.010427442088441666,0.010427442088441666,0.010819313139283941,0.00053578652812169439,6.6349999999999998,1,1,1,0,COMMITTED,0.00050838301902161973,7.3106668516278414e-05,0.00058042770322629979,0.2691272449676041,0.26879467410502494
62,6.1947900349999996,ADAPTIVE_SELECTED_NIS,LIDAR_DEGRADED_VISION_VALID,VISUAL_ONLY_THIS_INTERVAL,1,0,6,0,0,nan,nan,nan,0,0,0,0,nan,nan,1,0,0,0,NO_PROJECTED_UPDATE,0,0,0,0.25409092575333914,0.25409092575333914
63,6.2956499160000003,ADAPTIVE_SELECTED_NIS,LIDAR_DEGRADED_VISION_VALID,LIDAR_DEGRADED_VISION_VALID,1,1,5,0.93256153696778632,0.012210883193908378,0.010176919399405253,0.010225426635497675,4.8507236092421371e-05,0.010225426635497675,0.010225426635497675,0.010225426635497675,0.010446932148283756,0.014272675102974556,6.6349999999999998,1,1,1,0,COMMITTED,0.0015615798684903025,0.0002755006067328903,0.0020014823289987286,0.27799259848310776,0.27793484045001021
64,6.3965100350000004,ADAPTIVE_SELECTED_NIS,LIDAR_DEGRADED_VISION_VALID,LIDAR_DEGRADED_VISION_VALID,1,2,4,0.98521292187109777,0.038842303309960982,0.020355284751550802,0.020355284751600429,4.106560784589212e-14,0.020355284751600429,0.010171842368498179,0.010183442383102249,0.021673849107828595,0.13395790777809358,9.2100000000000009,1,1,1,0,COMMITTED,0.01560212237437098,0.00264528346750775,0.014087297531780625,0.26159573222950833,0.25809394478318776
65,6.4973699150000002,ADAPTIVE_SELECTED_NIS,LIDAR_DEGRADED_VISION_VALID,IMU_ONLY_THIS_INTERVAL,1,0,6,0,0,nan,nan,nan,0,0,0,0,nan,nan,1,0,0,0,NO_PROJECTED_UPDATE,0,0,0,0.2811906127025709,0.2811906127025709
66,6.5982300340000002,ADAPTIVE_SELECTED_NIS,LIDAR_DEGRADED_VISION_INVALID,LIDAR_DEGRADED_VISION_INVALID,1,2,4,0.78518143877361346,0.011418376226410672,0.020301693597992998,0.020499980851043993,0.00019820068959771088,0.020499980851043993,0.010130700752681616,0.010369280098362381,0.02186023087087197,0.01197227242935426,9.2100000000000009,1,1,1,0,COMMITTED,0.0035836949618070668,0.00059220656413090796,0.0031648345861795364,0.30575053726003282,0.30134962619238237
67,6.6990911070000001,ADAPTIVE_SELECTED_NIS,LIDAR_DEGRADED_VISION_INVALID,LIDAR_DEGRADED_VISION_INVALID,1,3,3,1.9483063149729678,0.21347613775789029,0.059940737052835799,0.059950579938837269,9.6800453554841174e-06,0.059950579938837269,0.010154598536031661,0.039593889187433381,0.099108516851873246,0.87277135038306841,11.345000000000001,1,1,1,0,COMMITTED,0.12147487915258783,0.0058335276051666137,0.10337123278230646,0.32706147328756058,0.31503418915570075
68,6.7999509869999999,ADAPTIVE_SELECTED_NIS,LIDAR_DEGRADED_VISION_VALID,LIDAR_DEGRADED_VISION_VALID,1,3,3,3.7324108246119851,0.21285355281063775,0.060185179445043493,0.060192652727807577,6.4805420191042682e-06,0.060192652727807577,0.010152610938008009,0.039863317191059296,0.082386623915379945,0.78937192387983557,11.345000000000001,1,1,1,0,COMMITTED,0.088857754492735266,0.0049024709078965435,0.074562026440305407,0.29436593429750069,0.27978406273762713
69,6.900750071,ADAPTIVE_SELECTED_NIS,LIDAR_DEGRADED_VISION_VALID,LIDAR_DEGRADED_VISION_VALID,1,2,4,1.2329310470125554,0.053827415320495967,0.020299619096847691,0.020304470993003813,4.8294847499780001e-06,0.020304470993003813,0.010145701311238434,0.010158769681765382,0.021423962668785622,0.26141217395884558,9.2100000000000009,1,1,1,0,COMMITTED,0.021942683156944583,0.0031174984108619276,0.018457089528900138,0.30264727231701533,0.29955064946636728
70,7.0016099509999998,ADAPTIVE_SELECTED_NIS,LIDAR_DEGRADED_VISION_VALID,LIDAR_DEGRADED_VISION_VALID,1,3,3,1.7155408349119416,0.71709462710591554,0.060256379923999334,0.060256857490760159,4.413922103074191e-07,0.060256857490760159,0.010139201291389243,0.039972523283020887,0.074287507321693813,9.8274682893603345,11.345000000000001,1,1,1,0,COMMITTED,0.17534781846617617,0.0083160337891807351,0.15924026724579901,0.27913072753395357,0.27733298531475337
71,7.1024700699999999,ADAPTIVE_SELECTED_NIS,LIDAR_DEGRADED_VISION_VALID,IMU_ONLY_THIS_INTERVAL,1,0,6,0,0,nan,nan,nan,0,0,0,0,nan,nan,1,0,0,0,NO_PROJECTED_UPDATE,0,0,0,0.29913071032912586,0.29913071032912586
72,7.2033299499999996,ADAPTIVE_SELECTED_NIS,LIDAR_DEGRADED_VISION_VALID,LIDAR_DEGRADED_VISION_VALID,1,1,5,0.51935384761077386,0.021889979633980428,0.010137212225084119,0.010148886399991916,1.1674174907796292e-05,0.010148886399991916,0.010148886399991916,0.010148886399991916,0.010257781486247765,0.046712947533390656,6.6349999999999998,1,1,1,0,COMMITTED,0.0015014571984739689,0.00019372694505426799,0.0020119171506107446,0.27803585190777141,0.27801757018905737
73,7.3041900689999997,ADAPTIVE_SELECTED_NIS,LIDAR_DEGRADED_VISION_VALID,IMU_ONLY_THIS_INTERVAL,1,0,6,0,0,nan,nan,nan,0,0,0,0,nan,nan,1,0,0,0,NO_PROJECTED_UPDATE,0,0,0,0.2991902080198533,0.2991902080198533
74,7.4050499500000004,ADAPTIVE_SELECTED_NIS,LIDAR_DEGRADED_VISION_VALID,IMU_ONLY_THIS_INTERVAL,1,0,6,0,0,nan,nan,nan,0,0,0,0,nan,nan,1,0,0,0,NO_PROJECTED_UPDATE,0,0,0,0.32154053051760217,0.32154053051760217
75,7.5059100689999996,ADAPTIVE_SELECTED_NIS,LIDAR_DEGRADED_VISION_INVALID,IMU_ONLY_THIS_INTERVAL,1,0,6,0,0,nan,nan,nan,0,0,0,0,nan,nan,1,0,0,0,NO_PROJECTED_UPDATE,0,0,0,0.34521894705993283,0.34521894705993283
76,7.6067699490000003,ADAPTIVE_SELECTED_NIS,LIDAR_DEGRADED_VISION_VALID,LIDAR_DEGRADED_VISION_VALID,1,2,4,0.95546806907739112,0.041043442784241754,0.020252080562159262,0.021161905356371524,0.00090369569431019824,0.021161905356371524,0.010136828728628399,0.011025076627743123,0.022342041193015826,0.15670108113183545,9.2100000000000009,1,1,1,0,COMMITTED,0.0096612259364910694,0.0016163134202797338,0.008061960946314577,0.31942856463243374,0.31666366215881731
77,7.7076300680000003,ADAPTIVE_SELECTED_NIS,LIDAR_DEGRADED_VISION_VALID,IMU_ONLY_THIS_INTERVAL,1,0,6,0,0,nan,nan,nan,0,0,0,0,nan,nan,1,0,0,0,NO_PROJECTED_UPDATE,0,0,0,0.33915171925515086,0.33915171925515086
78,7.8084899480000001,ADAPTIVE_SELECTED_NIS,LIDAR_DEGRADED_VISION_INVALID,IMU_ONLY_THIS_INTERVAL,1,0,6,0,0,nan,nan,nan,0,0,0,0,nan,nan,1,0,0,0,NO_PROJECTED_UPDATE,0,0,0,0.36288024213139591,0.36288024213139591
79,7.9092890320000002,ADAPTIVE_SELECTED_NIS,LIDAR_DEGRADED_VISION_VALID,VISUAL_ONLY_THIS_INTERVAL,1,0,6,0,0,nan,nan,nan,0,0,0,0,nan,nan,1,0,0,0,NO_PROJECTED_UPDATE,0,0,0,0.33471196404506293,0.33471196404506293
80,8.0101489130000001,ADAPTIVE_SELECTED_NIS,LIDAR_DEGRADED_VISION_VALID,IMU_ONLY_THIS_INTERVAL,1,0,6,0,0,nan,nan,nan,0,0,0,0,nan,nan,1,0,0,0,NO_PROJECTED_UPDATE,0,0,0,0.35742354541418914,0.35742354541418914
81,8.111009031,ADAPTIVE_SELECTED_NIS,LIDAR_DEGRADED_VISION_VALID,VISUAL_ONLY_THIS_INTERVAL,1,0,6,0,0,nan,nan,nan,0,0,0,0,nan,nan,1,0,0,0,NO_PROJECTED_UPDATE,0,0,0,0.32913308733587882,0.32913308733587882
82,8.2118689119999999,ADAPTIVE_SELECTED_NIS,LIDAR_DEGRADED_VISION_VALID,IMU_ONLY_THIS_INTERVAL,1,0,6,0,0,nan,nan,nan,0,0,0,0,nan,nan,1,0,0,0,NO_PROJECTED_UPDATE,0,0,0,0.35087899692952529,0.35087899692952529
83,8.3127290309999999,ADAPTIVE_SELECTED_NIS,LIDAR_DEGRADED_VISION_INVALID,IMU_ONLY_THIS_INTERVAL,1,0,6,0,0,nan,nan,nan,0,0,0,0,nan,nan,1,0,0,0,NO_PROJECTED_UPDATE,0,0,0,0.37375996148879825,0.37375996148879825
84,8.4135889109999997,ADAPTIVE_SELECTED_NIS,LIDAR_DEGRADED_VISION_INVALID,IMU_ONLY_THIS_INTERVAL,1,0,6,0,0,nan,nan,nan,0,0,0,0,nan,nan,1,0,0,0,NO_PROJECTED_UPDATE,0,0,0,0.39782214846440594,0.39782214846440594
85,8.5144490299999998,ADAPTIVE_SELECTED_NIS,LIDAR_DEGRADED_VISION_VALID,VISUAL_ONLY_THIS_INTERVAL,1,0,6,0,0,nan,nan,nan,0,0,0,0,nan,nan,1,0,0,0,NO_PROJECTED_UPDATE,0,0,0,0.36517493032205933,0.36517493032205933
86,8.6153089099999995,ADAPTIVE_SELECTED_NIS,IMU_COASTING,IMU_ONLY_THIS_INTERVAL,0,0,0,0,0,nan,nan,nan,0,0,0,0,nan,nan,1,0,0,0,NO_PROJECTED_UPDATE,0,0,0,0.38808809095421731,0.38808809095421731
87,8.7161690289999996,ADAPTIVE_SELECTED_NIS,IMU_COASTING,IMU_ONLY_THIS_INTERVAL,0,0,0,0,0,nan,nan,nan,0,0,0,0,nan,nan,1,0,0,0,NO_PROJECTED_UPDATE,0,0,0,0.41213100859030111,0.41213100859030111
88,8.8169681129999997,ADAPTIVE_SELECTED_NIS,LIDAR_DEGRADED_VISION_INVALID,IMU_ONLY_THIS_INTERVAL,1,0,6,0,0,nan,nan,nan,0,0,0,0,nan,nan,1,0,0,0,NO_PROJECTED_UPDATE,0,0,0,0.43731214071259605,0.43731214071259605
89,8.9178279929999995,ADAPTIVE_SELECTED_NIS,IMU_COASTING,VISUAL_ONLY_THIS_INTERVAL,0,0,0,0,0,nan,nan,nan,0,0,0,0,nan,nan,1,0,0,0,NO_PROJECTED_UPDATE,0,0,0,0.40023136277160687,0.40023136277160687
90,9.0186890660000003,ADAPTIVE_SELECTED_NIS,IMU_COASTING,IMU_ONLY_THIS_INTERVAL,0,0,0,0,0,nan,nan,nan,0,0,0,0,nan,nan,1,0,0,0,NO_PROJECTED_UPDATE,0,0,0,0.42408070763609962,0.42408070763609962
91,9.1195489460000001,ADAPTIVE_SELECTED_NIS,RELOCALIZATION_REQUIRED,IMU_ONLY_THIS_INTERVAL,0,0,0,0,0,nan,nan,nan,0,0,0,0,nan,nan,1,0,0,0,NO_PROJECTED_UPDATE,0,0,0,0.44902501314168913,0.44902501314168913
92,9.2204090650000001,ADAPTIVE_SELECTED_NIS,RELOCALIZATION_REQUIRED,IMU_ONLY_THIS_INTERVAL,0,0,0,0,0,nan,nan,nan,0,0,0,0,nan,nan,1,0,0,0,NO_PROJECTED_UPDATE,0,0,0,0.47508244456088461,0.47508244456088461
93,9.321268946,ADAPTIVE_SELECTED_NIS,RELOCALIZATION_REQUIRED,IMU_ONLY_THIS_INTERVAL,0,0,0,0,0,nan,nan,nan,0,0,0,0,nan,nan,1,0,0,0,NO_PROJECTED_UPDATE,0,0,0,0.50227941426740075,0.50227941426740075
94,9.422129065,ADAPTIVE_SELECTED_NIS,RELOCALIZATION_REQUIRED,IMU_ONLY_THIS_INTERVAL,0,0,0,0,0,nan,nan,nan,0,0,0,0,nan,nan,1,0,0,0,NO_PROJECTED_UPDATE,0,0,0,0.5306561642500448,0.5306561642500448
95,9.5229889449999998,ADAPTIVE_SELECTED_NIS,RELOCALIZATION_REQUIRED,IMU_ONLY_THIS_INTERVAL,0,0,0,0,0,nan,nan,nan,0,0,0,0,nan,nan,1,0,0,0,NO_PROJECTED_UPDATE,0,0,0,0.56018539820321633,0.56018539820321633
96,9.6238490639999998,ADAPTIVE_SELECTED_NIS,RELOCALIZATION_REQUIRED,IMU_ONLY_THIS_INTERVAL,0,0,0,0,0,nan,nan,nan,0,0,0,0,nan,nan,1,0,0,0,NO_PROJECTED_UPDATE,0,0,0,0.59091631906089004,0.59091631906089004
97,9.7247089439999996,ADAPTIVE_SELECTED_NIS,RELOCALIZATION_REQUIRED,IMU_ONLY_THIS_INTERVAL,0,0,0,0,0,nan,nan,nan,0,0,0,0,nan,nan,1,0,0,0,NO_PROJECTED_UPDATE,0,0,0,0.62283853889407836,0.62283853889407836
98,9.8255070740000008,ADAPTIVE_SELECTED_NIS,RELOCALIZATION_REQUIRED,IMU_ONLY_THIS_INTERVAL,1,0,6,0,0,nan,nan,nan,0,0,0,0,nan,nan,1,0,0,0,NO_PROJECTED_UPDATE,0,0,0,0.65595397516937481,0.65595397516937481
99,9.9263669550000007,ADAPTIVE_SELECTED_NIS,RELOCALIZATION_REQUIRED,VISUAL_ONLY_THIS_INTERVAL,0,0,0,0,0,nan,nan,nan,0,0,0,0,nan,nan,1,0,0,0,NO_PROJECTED_UPDATE,0,0,0,0.59598715401037505,0.59598715401037505
100,10.027227074000001,ADAPTIVE_SELECTED_NIS,RELOCALIZATION_REQUIRED,IMU_ONLY_THIS_INTERVAL,1,0,6,0,0,nan,nan,nan,0,0,0,0,nan,nan,1,0,0,0,NO_PROJECTED_UPDATE,0,0,0,0.62677763190924007,0.62677763190924007
101,10.128086954,ADAPTIVE_SELECTED_NIS,RELOCALIZATION_REQUIRED,IMU_ONLY_THIS_INTERVAL,1,0,6,0,0,nan,nan,nan,0,0,0,0,nan,nan,1,0,0,0,NO_PROJECTED_UPDATE,0,0,0,0.65874182014795613,0.65874182014795613
102,10.228947073000001,ADAPTIVE_SELECTED_NIS,RELOCALIZATION_REQUIRED,VISUAL_ONLY_THIS_INTERVAL,0,0,0,0,0,nan,nan,nan,0,0,0,0,nan,nan,1,0,0,0,NO_PROJECTED_UPDATE,0,0,0,0.59736451964818638,0.59736451964818638
103,10.329806954,ADAPTIVE_SELECTED_NIS,RELOCALIZATION_REQUIRED,IMU_ONLY_THIS_INTERVAL,0,0,0,0,0,nan,nan,nan,0,0,0,0,nan,nan,1,0,0,0,NO_PROJECTED_UPDATE,0,0,0,0.62700763889248157,0.62700763889248157
104,10.430667072,ADAPTIVE_SELECTED_NIS,RELOCALIZATION_REQUIRED,IMU_ONLY_THIS_INTERVAL,0,0,0,0,0,nan,nan,nan,0,0,0,0,nan,nan,1,0,0,0,NO_PROJECTED_UPDATE,0,0,0,0.65773589213529104,0.65773589213529104
105,10.531526953,ADAPTIVE_SELECTED_NIS,RELOCALIZATION_REQUIRED,IMU_ONLY_THIS_INTERVAL,0,0,0,0,0,nan,nan,nan,0,0,0,0,nan,nan,1,0,0,0,NO_PROJECTED_UPDATE,0,0,0,0.689550611022404,0.689550611022404
106,10.632387072,ADAPTIVE_SELECTED_NIS,RELOCALIZATION_REQUIRED,IMU_ONLY_THIS_INTERVAL,0,0,0,0,0,nan,nan,nan,0,0,0,0,nan,nan,1,0,0,0,NO_PROJECTED_UPDATE,0,0,0,0.72248403324091715,0.72248403324091715
107,10.733246952,ADAPTIVE_SELECTED_NIS,RELOCALIZATION_REQUIRED,IMU_ONLY_THIS_INTERVAL,1,0,6,0,0,nan,nan,nan,0,0,0,0,nan,nan,1,0,0,0,NO_PROJECTED_UPDATE,0,0,0,0.75651498460902333,0.75651498460902333
108,10.834045081999999,ADAPTIVE_SELECTED_NIS,RELOCALIZATION_REQUIRED,VISUAL_ONLY_THIS_INTERVAL,1,0,6,0,0,nan,nan,nan,0,0,0,0,nan,nan,1,0,0,0,NO_PROJECTED_UPDATE,0,0,0,0.68366664986008885,0.68366664986008885
109,10.934904962999999,ADAPTIVE_SELECTED_NIS,RELOCALIZATION_REQUIRED,IMU_ONLY_THIS_INTERVAL,1,0,6,0,0,nan,nan,nan,0,0,0,0,nan,nan,1,0,0,0,NO_PROJECTED_UPDATE,0,0,0,0.71507872053062826,0.71507872053062826
110,11.035765080999999,ADAPTIVE_SELECTED_NIS,RELOCALIZATION_REQUIRED,VISUAL_ONLY_THIS_INTERVAL,1,0,6,0,0,nan,nan,nan,0,0,0,0,nan,nan,1,0,0,0,NO_PROJECTED_UPDATE,0,0,0,0.64559905146814756,0.64559905146814756
111,11.136624962000001,ADAPTIVE_SELECTED_NIS,RELOCALIZATION_REQUIRED,RELOCALIZATION_REQUIRED,1,2,4,0.53475986544725385,0.11918310838837053,0.024600570539158893,0.02522693672381153,0.00062239220392409748,0.02522693672381153,0.010602134493700495,0.014624802230111035,0.061127010556302902,0.50522487168442742,9.2100000000000009,1,1,1,0,COMMITTED,0.18729386175240575,0.0054557261348470989,0.08732904302329321,0.67457393070330451,0.61296387291851129
112,11.237485081000001,ADAPTIVE_SELECTED_NIS,RELOCALIZATION_REQUIRED,IMU_ONLY_THIS_INTERVAL,1,0,6,0,0,nan,nan,nan,0,0,0,0,nan,nan,1,0,0,0,NO_PROJECTED_UPDATE,0,0,0,0.6406525566909097,0.6406525566909097
113,11.338345915,ADAPTIVE_SELECTED_NIS,RELOCALIZATION_REQUIRED,RELOCALIZATION_REQUIRED,1,1,5,1.487772266268959,0.0081900866513580327,0.010144256066164987,0.012121479956883298,0.00197722389071831,0.012121479956883298,0.012121479956883298,0.012121479956883298,0.014438930312749447,0.004645601710365219,6.6349999999999998,1,1,1,0,COMMITTED,0.0095232145207704792,0.0009119770367531717,0.0039394794111035749,0.66927644466720204,0.6548455164401592
114,11.439206034,ADAPTIVE_SELECTED_NIS,RELOCALIZATION_REQUIRED,RELOCALIZATION_REQUIRED,1,2,4,3.1370891956651792,0.16332583086208532,0.020186598922478885,0.021643927229246747,0.001436720550011333,0.021643927229246747,0.010029811885313608,0.011614115343933137,0.024337882482288561,2.525663269628962,9.2100000000000009,1,1,1,0,COMMITTED,0.12955086849320852,0.0040452495544818405,0.061668463194346643,0.68383090959444781,0.66409399783982936
115,11.540065913999999,ADAPTIVE_SELECTED_NIS,RELOCALIZATION_REQUIRED,IMU_ONLY_THIS_INTERVAL,1,0,6,0,0,nan,nan,nan,0,0,0,0,nan,nan,1,0,0,0,NO_PROJECTED_UPDATE,0,0,0,0.69312445611737838,0.69312445611737838
116,11.640926033,ADAPTIVE_SELECTED_NIS,RELOCALIZATION_REQUIRED,IMU_ONLY_THIS_INTERVAL,0,0,0,0,0,nan,nan,nan,0,0,0,0,nan,nan,1,0,0,0,NO_PROJECTED_UPDATE,0,0,0,0.72310864595582813,0.72310864595582813
117,11.741785913999999,ADAPTIVE_SELECTED_NIS,RELOCALIZATION_REQUIRED,IMU_ONLY_THIS_INTERVAL,0,0,0,0,0,nan,nan,nan,0,0,0,0,nan,nan,1,0,0,0,NO_PROJECTED_UPDATE,0,0,0,0.75396851284137734,0.75396851284137734
118,11.842584996999999,ADAPTIVE_SELECTED_NIS,RELOCALIZATION_REQUIRED,IMU_ONLY_THIS_INTERVAL,0,0,0,0,0,nan,nan,nan,0,0,0,0,nan,nan,1,0,0,0,NO_PROJECTED_UPDATE,0,0,0,0.78573426805647839,0.78573426805647839
119,11.943445115999999,ADAPTIVE_SELECTED_NIS,RELOCALIZATION_REQUIRED,IMU_ONLY_THIS_INTERVAL,0,0,0,0,0,nan,nan,nan,0,0,0,0,nan,nan,1,0,0,0,NO_PROJECTED_UPDATE,0,0,0,0.81843564835145666,0.81843564835145666
120,12.044304996999999,ADAPTIVE_SELECTED_NIS,RELOCALIZATION_REQUIRED,IMU_ONLY_THIS_INTERVAL,0,0,0,0,0,nan,nan,nan,0,0,0,0,nan,nan,1,0,0,0,NO_PROJECTED_UPDATE,0,0,0,0.85209357037503719,0.85209357037503719
121,12.145165114999999,ADAPTIVE_SELECTED_NIS,RELOCALIZATION_REQUIRED,IMU_ONLY_THIS_INTERVAL,0,0,0,0,0,nan,nan,nan,0,0,0,0,nan,nan,1,0,0,0,NO_PROJECTED_UPDATE,0,0,0,0.88665660464992435,0.88665660464992435
122,12.246024995999999,ADAPTIVE_SELECTED_NIS,RELOCALIZATION_REQUIRED,IMU_ONLY_THIS_INTERVAL,0,0,0,0,0,nan,nan,nan,0,0,0,0,nan,nan,1,0,0,0,NO_PROJECTED_UPDATE,0,0,0,0.92218745030436799,0.92218745030436799
123,12.346885114999999,ADAPTIVE_SELECTED_NIS,RELOCALIZATION_REQUIRED,IMU_ONLY_THIS_INTERVAL,0,0,0,0,0,nan,nan,nan,0,0,0,0,nan,nan,1,0,0,0,NO_PROJECTED_UPDATE,0,0,0,0.95871979446198319,0.95871979446198319
124,12.447744995000001,ADAPTIVE_SELECTED_NIS,RELOCALIZATION_REQUIRED,IMU_ONLY_THIS_INTERVAL,0,0,0,0,0,nan,nan,nan,0,0,0,0,nan,nan,1,0,0,0,NO_PROJECTED_UPDATE,0,0,0,0.99620453030470579,0.99620453030470579
125,12.548605114000001,ADAPTIVE_SELECTED_NIS,RELOCALIZATION_REQUIRED,IMU_ONLY_THIS_INTERVAL,0,0,0,0,0,nan,nan,nan,0,0,0,0,nan,nan,1,0,0,0,NO_PROJECTED_UPDATE,0,0,0,1.0347147381536694,1.0347147381536694
126,12.649464995000001,ADAPTIVE_SELECTED_NIS,RELOCALIZATION_REQUIRED,IMU_ONLY_THIS_INTERVAL,0,0,0,0,0,nan,nan,nan,0,0,0,0,nan,nan,1,0,0,0,NO_PROJECTED_UPDATE,0,0,0,1.0742067597034939,1.0742067597034939
127,12.750325113000001,ADAPTIVE_SELECTED_NIS,RELOCALIZATION_REQUIRED,IMU_ONLY_THIS_INTERVAL,0,0,0,0,0,nan,nan,nan,0,0,0,0,nan,nan,1,0,0,0,NO_PROJECTED_UPDATE,0,0,0,1.1146950094083965,1.1146950094083965
128,12.851123959000001,ADAPTIVE_SELECTED_NIS,RELOCALIZATION_REQUIRED,IMU_ONLY_THIS_INTERVAL,0,0,0,0,0,nan,nan,nan,0,0,0,0,nan,nan,1,0,0,0,NO_PROJECTED_UPDATE,0,0,0,1.1561507347574331,1.1561507347574331
129,12.951984078000001,ADAPTIVE_SELECTED_NIS,RELOCALIZATION_REQUIRED,IMU_ONLY_THIS_INTERVAL,0,0,0,0,0,nan,nan,nan,0,0,0,0,nan,nan,1,0,0,0,NO_PROJECTED_UPDATE,0,0,0,1.19868279346134,1.19868279346134
130,13.052843958,ADAPTIVE_SELECTED_NIS,RELOCALIZATION_REQUIRED,IMU_ONLY_THIS_INTERVAL,0,0,0,0,0,nan,nan,nan,0,0,0,0,nan,nan,1,0,0,0,NO_PROJECTED_UPDATE,0,0,0,1.24228672527958,1.24228672527958
131,13.153704077,ADAPTIVE_SELECTED_NIS,RELOCALIZATION_REQUIRED,IMU_ONLY_THIS_INTERVAL,0,0,0,0,0,nan,nan,nan,0,0,0,0,nan,nan,1,0,0,0,NO_PROJECTED_UPDATE,0,0,0,1.2869750853432016,1.2869750853432016
132,13.254563957,ADAPTIVE_SELECTED_NIS,RELOCALIZATION_REQUIRED,IMU_ONLY_THIS_INTERVAL,0,0,0,0,0,nan,nan,nan,0,0,0,0,nan,nan,1,0,0,0,NO_PROJECTED_UPDATE,0,0,0,1.3326920597120142,1.3326920597120142
133,13.355424076,ADAPTIVE_SELECTED_NIS,RELOCALIZATION_REQUIRED,IMU_ONLY_THIS_INTERVAL,0,0,0,0,0,nan,nan,nan,0,0,0,0,nan,nan,1,0,0,0,NO_PROJECTED_UPDATE,0,0,0,1.3795020450770012,1.3795020450770012
134,13.456283957,ADAPTIVE_SELECTED_NIS,RELOCALIZATION_REQUIRED,IMU_ONLY_THIS_INTERVAL,0,0,0,0,0,nan,nan,nan,0,0,0,0,nan,nan,1,0,0,0,NO_PROJECTED_UPDATE,0,0,0,1.4273935311195898,1.4273935311195898
135,13.557144075,ADAPTIVE_SELECTED_NIS,RELOCALIZATION_REQUIRED,IMU_ONLY_THIS_INTERVAL,0,0,0,0,0,nan,nan,nan,0,0,0,0,nan,nan,1,0,0,0,NO_PROJECTED_UPDATE,0,0,0,1.476364156557779,1.476364156557779
136,13.658004910000001,ADAPTIVE_SELECTED_NIS,RELOCALIZATION_REQUIRED,IMU_ONLY_THIS_INTERVAL,0,0,0,0,0,nan,nan,nan,0,0,0,0,nan,nan,1,0,0,0,NO_PROJECTED_UPDATE,0,0,0,1.526437004842262,1.526437004842262
137,13.758865028000001,ADAPTIVE_SELECTED_NIS,RELOCALIZATION_REQUIRED,IMU_ONLY_THIS_INTERVAL,0,0,0,0,0,nan,nan,nan,0,0,0,0,nan,nan,1,0,0,0,NO_PROJECTED_UPDATE,0,0,0,1.5776601675498148,1.5776601675498148
138,13.859664112000001,ADAPTIVE_SELECTED_NIS,RELOCALIZATION_REQUIRED,IMU_ONLY_THIS_INTERVAL,0,0,0,0,0,nan,nan,nan,0,0,0,0,nan,nan,1,0,0,0,NO_PROJECTED_UPDATE,0,0,0,1.62997909205159,1.62997909205159
139,13.960523993000001,ADAPTIVE_SELECTED_NIS,RELOCALIZATION_REQUIRED,IMU_ONLY_THIS_INTERVAL,0,0,0,0,0,nan,nan,nan,0,0,0,0,nan,nan,1,0,0,0,NO_PROJECTED_UPDATE,0,0,0,1.6834269461166971,1.6834269461166971
140,14.061384111000001,ADAPTIVE_SELECTED_NIS,RELOCALIZATION_REQUIRED,IMU_ONLY_THIS_INTERVAL,0,0,0,0,0,nan,nan,nan,0,0,0,0,nan,nan,1,0,0,0,NO_PROJECTED_UPDATE,0,0,0,1.7380251176887107,1.7380251176887107
141,14.162243992000001,ADAPTIVE_SELECTED_NIS,RELOCALIZATION_REQUIRED,IMU_ONLY_THIS_INTERVAL,0,0,0,0,0,nan,nan,nan,0,0,0,0,nan,nan,1,0,0,0,NO_PROJECTED_UPDATE,0,0,0,1.7937747458282465,1.7937747458282465
142,14.263104111000001,ADAPTIVE_SELECTED_NIS,RELOCALIZATION_REQUIRED,IMU_ONLY_THIS_INTERVAL,0,0,0,0,0,nan,nan,nan,0,0,0,0,nan,nan,1,0,0,0,NO_PROJECTED_UPDATE,0,0,0,1.8506553027699157,1.8506553027699157
143,14.363963991,ADAPTIVE_SELECTED_NIS,RELOCALIZATION_REQUIRED,IMU_ONLY_THIS_INTERVAL,0,0,0,0,0,nan,nan,nan,0,0,0,0,nan,nan,1,0,0,0,NO_PROJECTED_UPDATE,0,0,0,1.9087545522081555,1.9087545522081555
144,14.46482411,ADAPTIVE_SELECTED_NIS,RELOCALIZATION_REQUIRED,IMU_ONLY_THIS_INTERVAL,0,0,0,0,0,nan,nan,nan,0,0,0,0,nan,nan,1,0,0,0,NO_PROJECTED_UPDATE,0,0,0,1.9680310245199077,1.9680310245199077
145,14.565683991,ADAPTIVE_SELECTED_NIS,RELOCALIZATION_REQUIRED,IMU_ONLY_THIS_INTERVAL,0,0,0,0,0,nan,nan,nan,0,0,0,0,nan,nan,1,0,0,0,NO_PROJECTED_UPDATE,0,0,0,2.0284486458195756,2.0284486458195756
146,14.666544109,ADAPTIVE_SELECTED_NIS,RELOCALIZATION_REQUIRED,IMU_ONLY_THIS_INTERVAL,0,0,0,0,0,nan,nan,nan,0,0,0,0,nan,nan,1,0,0,0,NO_PROJECTED_UPDATE,0,0,0,2.0901379811655754,2.0901379811655754
147,14.76740399,ADAPTIVE_SELECTED_NIS,RELOCALIZATION_REQUIRED,IMU_ONLY_THIS_INTERVAL,0,0,0,0,0,nan,nan,nan,0,0,0,0,nan,nan,1,0,0,0,NO_PROJECTED_UPDATE,0,0,0,2.1530497841149594,2.1530497841149594
148,14.868203074,ADAPTIVE_SELECTED_NIS,RELOCALIZATION_REQUIRED,IMU_ONLY_THIS_INTERVAL,0,0,0,0,0,nan,nan,nan,0,0,0,0,nan,nan,1,0,0,0,NO_PROJECTED_UPDATE,0,0,0,2.2171740729034557,2.2171740729034557
149,14.969062954,ADAPTIVE_SELECTED_NIS,RELOCALIZATION_REQUIRED,IMU_ONLY_THIS_INTERVAL,0,0,0,0,0,nan,nan,nan,0,0,0,0,nan,nan,1,0,0,0,NO_PROJECTED_UPDATE,0,0,0,2.2825952723655867,2.2825952723655867
