record_type,sequence,frame,window,phase,relative_time_s,oracle_initial_translation_error_m,oracle_initial_rotation_error_deg,oracle_raw_endpoint_translation_error_m,oracle_raw_endpoint_rotation_error_deg,oracle_push_away_translation_m,push_away_gt_015m,push_away_gt_05m,push_away_gt_10m,strong_retention_le_015m_and_2deg,translation_limited,rotation_limited
FRAME,Corridor01,R6_0051,REFERENCE_ANCHOR_ONLY,PHASE0,0,0,8.88992e-16,0.0043073,0.17501,0.0043073,0,0,0,1,,
FRAME,Corridor01,R6_0052,W0_0_3.068,PHASE0,0.10086,0,1.2424e-16,0.0114251,0.154414,0.0114251,0,0,0,1,,
FRAME,Corridor01,R6_0053,W0_0_3.068,PHASE0,0.20172,0,2.56119e-15,0.00766112,0.0555368,0.00766112,0,0,0,1,,
FRAME,Corridor01,R6_0054,W0_0_3.068,PHASE0,0.30258,0,1.60265e-15,0.0243953,0.159174,0.0243953,0,0,0,1,,
FRAME,Corridor01,R6_0055,W0_0_3.068,PHASE0,0.40344,0,6.4605e-16,0.0120778,0.262196,0.0120778,0,0,0,1,,
FRAME,Corridor01,R6_0056,W0_0_3.068,PHASE0,0.5043,0,1.60285e-15,0.0244983,0.250055,0.0244983,0,0,0,1,,
FRAME,Corridor01,R6_0057,W0_0_3.068,PHASE0,0.60516,0,9.93923e-17,0.0268089,0.234615,0.0268089,0,0,0,1,,
FRAME,Corridor01,R6_0058,W0_0_3.068,PHASE0,0.70602,0,0,0.0261908,0.15994,0.0261908,0,0,0,1,,
FRAME,Corridor01,R6_0059,W0_0_3.068,PHASE0,0.806817,0,3.28747e-15,0.0573988,0.371878,0.0573988,0,0,0,1,,
FRAME,Corridor01,R6_0060,W0_0_3.068,PHASE0,0.907677,0,7.84192e-16,0.0612251,1.04032,0.0612251,0,0,0,1,,
FRAME,Corridor01,R6_0061,W0_0_3.068,PHASE0,1.00854,0,2.00332e-16,0.0579498,0.421985,0.0579498,0,0,0,1,,
FRAME,Corridor01,R6_0062,W0_0_3.068,PHASE0,1.1094,0,4.9108e-16,0.0666198,0.585186,0.0666198,0,0,0,1,,
FRAME,Corridor01,R6_0063,W0_0_3.068,PHASE0,1.21026,0,8.3528e-16,0.0654755,0.900095,0.0654755,0,0,0,1,,
FRAME,Corridor01,R6_0064,W0_0_3.068,PHASE0,1.31112,0,6.11813e-17,0.0922965,0.879323,0.0922965,0,0,0,1,,
FRAME,Corridor01,R6_0065,W0_0_3.068,PHASE0,1.41198,0,3.42014e-17,0.0769618,0.824017,0.0769618,0,0,0,1,,
FRAME,Corridor01,R6_0066,W0_0_3.068,PHASE0,1.51284,0,5.00829e-17,0.0941471,0.937649,0.0941471,0,0,0,1,,
FRAME,Corridor01,R6_0067,W0_0_3.068,PHASE0,1.6137,0,1.2424e-16,0.0879583,0.596732,0.0879583,0,0,0,1,,
FRAME,Corridor01,R6_0068,W0_0_3.068,PHASE0,1.71456,0,4.96962e-17,0.0831758,0.797364,0.0831758,0,0,0,1,,
FRAME,Corridor01,R6_0069,W0_0_3.068,PHASE0,1.81536,0,3.98781e-16,0.0798453,0.913528,0.0798453,0,0,0,1,,
FRAME,Corridor01,R6_0070,W0_0_3.068,PHASE0,1.91622,0,5.62557e-16,0.0996534,1.02228,0.0996534,0,0,0,1,,
FRAME,Corridor01,R6_0071,W0_0_3.068,PHASE0,2.01708,0,8.9591e-17,0.0880328,0.68716,0.0880328,0,0,0,1,,
FRAME,Corridor01,R6_0072,W0_0_3.068,PHASE0,2.11794,0,6.04708e-16,0.147528,1.50302,0.147528,0,0,0,1,,
FRAME,Corridor01,R6_0073,W0_0_3.068,PHASE0,2.2188,0,8.07077e-17,0.165198,2.84112,0.165198,1,0,0,0,,
FRAME,Corridor01,R6_0074,W0_0_3.068,PHASE0,2.31966,0,2.21357e-16,0.0845124,2.41051,0.0845124,0,0,0,0,,
FRAME,Corridor01,R6_0075,W0_0_3.068,PHASE0,2.42052,0,1.94613e-16,0.154808,2.54731,0.154808,1,0,0,0,,
FRAME,Corridor01,R6_0076,W0_0_3.068,PHASE0,2.52138,0,1.11124e-16,0.0957623,1.84349,0.0957623,0,0,0,1,,
FRAME,Corridor01,R6_0077,W0_0_3.068,PHASE0,2.62224,0,8.42731e-16,0.0659926,0.419383,0.0659926,0,0,0,1,,
FRAME,Corridor01,R6_0078,W0_0_3.068,PHASE0,2.7231,0,6.13049e-16,0.255188,1.74965,0.255188,1,0,0,0,,
FRAME,Corridor01,R6_0079,W0_0_3.068,PHASE0,2.8239,0,7.71892e-16,0.0523701,0.571467,0.0523701,0,0,0,1,,
FRAME,Corridor01,R6_0080,W0_0_3.068,PHASE0,2.92476,0,1.62446e-15,0.0823845,0.447911,0.0823845,0,0,0,1,,
FRAME,Corridor01,R6_0081,W0_0_3.068,PHASE0,3.02562,0,1.66853e-15,0.0912585,0.246789,0.0912585,0,0,0,1,,
FRAME,Corridor01,R6_0082,W1_3.068_5.590,PHASE1,3.12648,0,2.29088e-16,0.293297,2.2106,0.293297,1,0,0,0,,
FRAME,Corridor01,R6_0083,W1_3.068_5.590,PHASE1,3.22734,0,1.70982e-17,0.0728674,0.334154,0.0728674,0,0,0,1,,
FRAME,Corridor01,R6_0084,W1_3.068_5.590,PHASE1,3.3282,0,2.02249e-16,0.10658,1.93539,0.10658,0,0,0,1,,
FRAME,Corridor01,R6_0085,W1_3.068_5.590,PHASE1,3.42906,0,1.5931e-15,0.0846106,0.330013,0.0846106,0,0,0,1,,
FRAME,Corridor01,R6_0086,W1_3.068_5.590,PHASE1,3.52992,0,8.9038e-16,0.085618,0.671305,0.085618,0,0,0,1,,
FRAME,Corridor01,R6_0087,W1_3.068_5.590,PHASE1,3.63078,0,4.34841e-17,0.0924898,0.323526,0.0924898,0,0,0,1,,
FRAME,Corridor01,R6_0088,W1_3.068_5.590,PHASE1,3.73164,0,4.03016e-16,0.120397,1.00899,0.120397,0,0,0,1,,
FRAME,Corridor01,R6_0089,W1_3.068_5.590,PHASE1,3.83243,0,1.59134e-15,0.0840861,1.04863,0.0840861,0,0,0,1,,
FRAME,Corridor01,R6_0090,W1_3.068_5.590,PHASE1,3.9333,0,2.04903e-16,0.369391,2.45436,0.369391,1,0,0,0,,
FRAME,Corridor01,R6_0091,W1_3.068_5.590,PHASE1,4.03415,0,9.10946e-16,0.0626194,0.633285,0.0626194,0,0,0,1,,
FRAME,Corridor01,R6_0092,W1_3.068_5.590,PHASE1,4.13502,0,2.16164e-15,0.0614519,0.362638,0.0614519,0,0,0,1,,
FRAME,Corridor01,R6_0093,W1_3.068_5.590,PHASE1,4.23587,0,6.69055e-17,0.0859584,0.80836,0.0859584,0,0,0,1,,
FRAME,Corridor01,R6_0094,W1_3.068_5.590,PHASE1,4.33674,0,1.80846e-15,0.0264211,0.591446,0.0264211,0,0,0,1,,
FRAME,Corridor01,R6_0095,W1_3.068_5.590,PHASE1,4.4376,0,1.61634e-16,0.0759234,0.458909,0.0759234,0,0,0,1,,
FRAME,Corridor01,R6_0096,W1_3.068_5.590,PHASE1,4.53846,0,1.10964e-16,0.0724445,1.42699,0.0724445,0,0,0,1,,
FRAME,Corridor01,R6_0097,W1_3.068_5.590,PHASE1,4.63932,0,0,0.096374,1.38037,0.096374,0,0,0,1,,
FRAME,Corridor01,R6_0098,W1_3.068_5.590,PHASE1,4.74018,0,7.76503e-19,0.164039,1.5929,0.164039,1,0,0,0,,
FRAME,Corridor01,R6_0099,W1_3.068_5.590,PHASE1,4.84097,0,3.97618e-16,0.164612,2.33177,0.164612,1,0,0,0,,
FRAME,Corridor01,R6_0100,W1_3.068_5.590,PHASE1,4.94183,0,1.60034e-15,0.121301,2.5696,0.121301,0,0,0,0,,
FRAME,Corridor01,R6_0101,W1_3.068_5.590,PHASE1,5.04269,0,6.11468e-17,0.139164,2.23798,0.139164,0,0,0,0,,
FRAME,Corridor01,R6_0102,W1_3.068_5.590,PHASE1,5.14355,0,2.97934e-16,0.104667,0.76795,0.104667,0,0,0,1,,
FRAME,Corridor01,R6_0103,W1_3.068_5.590,PHASE1,5.24441,0,1.56686e-16,0.131969,1.72469,0.131969,0,0,0,1,,
FRAME,Corridor01,R6_0104,W1_3.068_5.590,PHASE1,5.34527,0,1.01431e-16,0.12787,1.39951,0.12787,0,0,0,1,,
FRAME,Corridor01,R6_0105,W1_3.068_5.590,PHASE1,5.44613,0,1.74713e-17,0.0942979,1.5092,0.0942979,0,0,0,1,,
FRAME,Corridor01,R6_0106,W1_3.068_5.590,PHASE1,5.54699,0,7.00791e-17,0.091678,1.45478,0.091678,0,0,0,1,,
FRAME,Corridor01,R6_0107,W2_5.590_6.5,PHASE1,5.64785,0,2.2171e-16,0.0733573,1.18092,0.0733573,0,0,0,1,,
FRAME,Corridor01,R6_0108,W2_5.590_6.5,PHASE1,5.74871,0,3.99952e-16,0.0504443,1.31101,0.0504443,0,0,0,1,,
FRAME,Corridor01,R6_0109,W2_5.590_6.5,PHASE1,5.84951,0,1.16702e-16,0.0782684,1.08756,0.0782684,0,0,0,1,,
FRAME,Corridor01,R6_0110,W2_5.590_6.5,PHASE1,5.95037,0,4.82908e-15,0.0570877,1.16049,0.0570877,0,0,0,1,,
FRAME,Corridor01,R6_0111,W2_5.590_6.5,PHASE1,6.05123,0,1.74193e-16,0.0756172,1.21475,0.0756172,0,0,0,1,,
FRAME,Corridor01,R6_0112,W2_5.590_6.5,PHASE1,6.15209,0,0,0.0979671,1.5103,0.0979671,0,0,0,1,,
FRAME,Corridor01,R6_0113,W2_5.590_6.5,PHASE1,6.25295,0,5.45574e-16,0.0971347,2.04022,0.0971347,0,0,0,0,,
FRAME,Corridor01,R6_0114,W2_5.590_6.5,PHASE1,6.35381,0,4.4519e-16,0.624308,2.61607,0.624308,1,1,0,0,,
FRAME,Corridor01,R6_0115,W2_5.590_6.5,PHASE1,6.45467,0,1.61493e-15,0.637882,2.87551,0.637882,1,1,0,0,,
SUMMARY,Corridor01,,W0_0_3.068,GROUP,,0,6.7794096e-16,0.0779599906667,0.861136593333,0.0779599906667,0.1,0,0,26/30 (0.866667),,
SUMMARY,Corridor01,,W1_3.068_5.590,GROUP,,0,5.2394762012e-16,0.1172051,1.26269384,0.1172051,0.16,0,0,19/25 (0.760000),,
SUMMARY,Corridor01,,W2_5.590_6.5,GROUP,,0,9.27481222222e-16,0.199118522222,1.66631444444,0.199118522222,0.222222222222,0.222222222222,0,6/9 (0.666667),,
SUMMARY,Corridor01,,W1_W2_EARLY_FAILURE_UNION,GROUP,,0,6.30765338324e-16,0.138888064706,1.36953458824,0.138888064706,0.176470588235,0.0588235294118,0,25/34 (0.735294),,
SUMMARY,Corridor01,,ALL_65_SELECTED_INCLUDING_ANCHOR,GROUP,,0,6.56511420046e-16,0.108696941846,1.11651205846,0.108696941846,0.138461538462,0.0307692307692,0,52/65 (0.800000),,
FRAME,Floor01,F01_NDT_0156,W0_PRE,PHASE0,15.0273,0,7.88656e-17,0.00850604,0.149314,0.00850604,0,0,0,1,0,0
FRAME,Floor01,F01_NDT_0157,W0_PRE,PHASE0,15.1282,0,1.73742e-17,0.015106,0.205637,0.015106,0,0,0,1,0,0
FRAME,Floor01,F01_NDT_0158,W0_PRE,PHASE0,15.229,0,1.43392e-16,0.0104923,0.125962,0.0104923,0,0,0,1,0,0
FRAME,Floor01,F01_NDT_0159,W0_PRE,PHASE0,15.3299,0,9.17707e-17,0.0143649,0.121306,0.0143649,0,0,0,1,0,0
FRAME,Floor01,F01_NDT_0160,W0_PRE,PHASE0,15.4307,0,1.09681e-17,0.0100372,0.1471,0.0100372,0,0,0,1,0,0
FRAME,Floor01,F01_NDT_0161,W0_PRE,PHASE0,15.5316,0,2.21305e-17,0.00985952,0.183334,0.00985952,0,0,0,1,0,0
FRAME,Floor01,F01_NDT_0162,W0_PRE,PHASE0,15.6325,0,2.35642e-16,0.0106268,0.163056,0.0106268,0,0,0,1,0,0
FRAME,Floor01,F01_NDT_0163,W0_PRE,PHASE0,15.7333,0,2.5707e-17,0.0144708,0.219083,0.0144708,0,0,0,1,0,0
FRAME,Floor01,F01_NDT_0164,W0_PRE,PHASE0,15.8341,0,7.43404e-18,0.0103784,0.118271,0.0103784,0,0,0,1,0,0
FRAME,Floor01,F01_NDT_0165,W0_PRE,PHASE0,15.935,0,5.82377e-17,0.011759,0.183126,0.011759,0,0,0,1,0,0
FRAME,Floor01,F01_NDT_0166,W0_PRE,PHASE0,16.0358,0,9.22699e-17,0.00637348,0.196372,0.00637348,0,0,0,1,0,0
FRAME,Floor01,F01_NDT_0167,W0_PRE,PHASE0,16.1367,0,5.048e-17,0.0147016,0.151932,0.0147016,0,0,0,1,0,0
FRAME,Floor01,F01_NDT_0168,W0_PRE,PHASE0,16.2376,0,7.67555e-17,0.0173154,0.310043,0.0173154,0,0,0,1,0,0
FRAME,Floor01,F01_NDT_0169,W0_PRE,PHASE0,16.3384,0,2.09466e-16,0.00593408,0.169049,0.00593408,0,0,0,1,0,0
FRAME,Floor01,F01_NDT_0170,W0_PRE,PHASE0,16.4393,0,3.47263e-18,0.0119438,0.264661,0.0119438,0,0,0,1,0,0
FRAME,Floor01,F01_NDT_0171,W0_PRE,PHASE0,16.5401,0,1.85875e-17,0.00593093,0.147649,0.00593093,0,0,0,1,0,0
FRAME,Floor01,F01_NDT_0172,W0_PRE,PHASE0,16.641,0,2.20264e-17,0.0155602,0.150934,0.0155602,0,0,0,1,0,0
FRAME,Floor01,F01_NDT_0173,W0_PRE,PHASE0,16.7419,0,1.70414e-17,0.0164796,0.149805,0.0164796,0,0,0,1,0,0
FRAME,Floor01,F01_NDT_0174,W0_PRE,PHASE0,16.8427,0,1.2424e-17,0.010712,0.251042,0.010712,0,0,0,1,0,0
FRAME,Floor01,F01_NDT_0175,W0_PRE,PHASE0,16.9435,0,3.26131e-17,0.0117788,0.249399,0.0117788,0,0,0,1,0,0
FRAME,Floor01,F01_NDT_0176,W0_PRE,PHASE0,17.0444,0,1.55301e-18,0.00600349,0.151702,0.00600349,0,0,0,1,0,0
FRAME,Floor01,F01_NDT_0177,W0_PRE,PHASE0,17.1452,0,2.71806e-17,0.0119918,0.154921,0.0119918,0,0,0,1,0,0
FRAME,Floor01,F01_NDT_0178,W0_PRE,PHASE0,17.2461,0,4.96962e-17,0.0139889,0.148623,0.0139889,0,0,0,1,0,0
FRAME,Floor01,F01_NDT_0179,W0_PRE,PHASE0,17.347,0,1.46742e-16,0.010464,0.216611,0.010464,0,0,0,1,0,0
FRAME,Floor01,F01_NDT_0180,W0_PRE,PHASE0,17.4478,0,4.02876e-17,0.0146016,0.176133,0.0146016,0,0,0,1,0,0
FRAME,Floor01,F01_NDT_0181,W0_PRE,PHASE0,17.5487,0,2.16715e-16,0.0112084,0.11572,0.0112084,0,0,0,1,0,0
FRAME,Floor01,F01_NDT_0182,W0_PRE,PHASE0,17.6495,0,4.34367e-16,0.00501603,0.171118,0.00501603,0,0,0,1,0,0
FRAME,Floor01,F01_NDT_0183,W0_PRE,PHASE0,17.7504,0,2.54538e-17,0.0168158,0.198216,0.0168158,0,0,0,1,0,0
FRAME,Floor01,F01_NDT_0184,W0_PRE,PHASE0,17.8512,0,2.28987e-17,0.0162767,0.157287,0.0162767,0,0,0,1,0,0
FRAME,Floor01,F01_NDT_0185,W0_PRE,PHASE0,17.9521,0,8.55809e-17,0.00798404,0.297053,0.00798404,0,0,0,1,0,0
FRAME,Floor01,F01_NDT_0186,W0_PRE,PHASE0,18.0529,0,1.65007e-18,0.00706071,0.146935,0.00706071,0,0,0,1,0,0
FRAME,Floor01,F01_NDT_0187,W0_PRE,PHASE0,18.1538,0,9.99642e-17,0.0180321,0.183925,0.0180321,0,0,0,1,0,0
FRAME,Floor01,F01_NDT_0188,W0_PRE,PHASE0,18.2547,0,1.14398e-15,0.00637724,0.223633,0.00637724,0,0,0,1,0,0
FRAME,Floor01,F01_NDT_0189,W0_PRE,PHASE0,18.3555,0,6.69733e-18,0.0111036,0.180331,0.0111036,0,0,0,1,0,0
FRAME,Floor01,F01_NDT_0190,W0_PRE,PHASE0,18.4564,0,2.00308e-16,0.00513331,0.188664,0.00513331,0,0,0,1,0,0
FRAME,Floor01,F01_NDT_0191,W0_PRE,PHASE0,18.5572,0,4.97507e-17,0.00909563,0.190923,0.00909563,0,0,0,1,0,0
FRAME,Floor01,F01_NDT_0192,W0_PRE,PHASE0,18.6581,0,5.04727e-18,0.0108653,0.169206,0.0108653,0,0,0,1,0,0
FRAME,Floor01,F01_NDT_0193,W0_PRE,PHASE0,18.759,0,6.6388e-17,0.00936615,0.270142,0.00936615,0,0,0,1,0,0
FRAME,Floor01,F01_NDT_0194,W0_PRE,PHASE0,18.8598,0,4.81432e-17,0.0236262,0.639298,0.0236262,0,0,0,1,0,0
FRAME,Floor01,F01_NDT_0195,W0_PRE,PHASE0,18.9606,0,4.04214e-16,0.0299918,0.20007,0.0299918,0,0,0,1,0,0
FRAME,Floor01,F01_NDT_0196,W0_PRE,PHASE0,19.0615,0,1.19886e-17,0.00805736,0.329799,0.00805736,0,0,0,1,0,0
FRAME,Floor01,F01_NDT_0197,W0_PRE,PHASE0,19.1623,0,1.06284e-17,0.0183471,0.24704,0.0183471,0,0,0,1,0,0
FRAME,Floor01,F01_NDT_0198,W0_PRE,PHASE0,19.2632,0,5.70525e-16,0.0212445,0.600142,0.0212445,0,0,0,1,0,0
FRAME,Floor01,F01_NDT_0199,W0_PRE,PHASE0,19.3641,0,7.14382e-17,0.0143509,0.302924,0.0143509,0,0,0,1,0,0
FRAME,Floor01,F01_NDT_0200,W0_PRE,PHASE0,19.4649,0,1.80978e-16,0.021637,0.31331,0.021637,0,0,0,1,0,0
FRAME,Floor01,F01_NDT_0201,W0_PRE,PHASE0,19.5658,0,2.03832e-17,0.0230199,0.149726,0.0230199,0,0,0,1,0,0
FRAME,Floor01,F01_NDT_0202,W0_PRE,PHASE0,19.6666,0,3.62163e-17,0.0106617,0.191041,0.0106617,0,0,0,1,0,0
FRAME,Floor01,F01_NDT_0203,W0_PRE,PHASE0,19.7675,0,7.06671e-17,0.0200961,0.255736,0.0200961,0,0,0,1,0,0
FRAME,Floor01,F01_NDT_0204,W0_PRE,PHASE0,19.8683,0,6.35238e-16,0.024226,0.425718,0.024226,0,0,0,1,0,0
FRAME,Floor01,F01_NDT_0205,W0_PRE,PHASE0,19.9692,0,1.78583e-15,0.0173066,0.161019,0.0173066,0,0,0,1,0,0
FRAME,Floor01,F01_NDT_0305,W1_TRANSIENT,PHASE1,30.0546,0,3.9767e-16,0.162217,1.36438,0.162217,1,0,0,0,0,0
FRAME,Floor01,F01_NDT_0306,W1_TRANSIENT,PHASE1,30.1555,0,9.73946e-17,0.179807,1.58346,0.179807,1,0,0,0,0,0
FRAME,Floor01,F01_NDT_0307,W1_TRANSIENT,PHASE1,30.2563,0,3.03881e-16,0.173348,1.44572,0.173348,1,0,0,0,0,0
FRAME,Floor01,F01_NDT_0308,W1_TRANSIENT,PHASE1,30.3572,0,2.84833e-15,0.177755,1.84816,0.177755,1,0,0,0,0,0
FRAME,Floor01,F01_NDT_0309,W1_TRANSIENT,PHASE1,30.458,0,7.22147e-17,0.172252,1.42268,0.172252,1,0,0,0,0,0
FRAME,Floor01,F01_NDT_0310,W1_TRANSIENT,PHASE1,30.5589,0,1.14308e-15,0.169663,1.61292,0.169663,1,0,0,0,0,0
FRAME,Floor01,F01_NDT_0311,W1_TRANSIENT,PHASE1,30.6598,0,1.99173e-16,0.163491,1.83622,0.163491,1,0,0,0,0,1
FRAME,Floor01,F01_NDT_0312,W1_TRANSIENT,PHASE1,30.7606,0,8.20363e-16,0.151359,0.949962,0.151359,1,0,0,0,0,1
FRAME,Floor01,F01_NDT_0313,W1_TRANSIENT,PHASE1,30.8614,0,1.79182e-16,0.178431,1.69502,0.178431,1,0,0,0,0,1
FRAME,Floor01,F01_NDT_0314,W1_TRANSIENT,PHASE1,30.9623,0,1.61647e-15,0.186507,1.26478,0.186507,1,0,0,0,0,1
FRAME,Floor01,F01_NDT_0315,W1_TRANSIENT,PHASE1,31.0631,0,4.58176e-16,0.212162,1.40388,0.212162,1,0,0,0,0,1
FRAME,Floor01,F01_NDT_0316,W1_TRANSIENT,PHASE1,31.164,0,4.81668e-15,0.18709,1.8124,0.18709,1,0,0,0,0,1
FRAME,Floor01,F01_NDT_0317,W1_TRANSIENT,PHASE1,31.2649,0,2.96685e-16,0.168775,1.61544,0.168775,1,0,0,0,0,1
FRAME,Floor01,F01_NDT_0318,W1_TRANSIENT,PHASE1,31.3657,0,3.8455e-15,0.166689,1.86112,0.166689,1,0,0,0,0,1
FRAME,Floor01,F01_NDT_0319,W1_TRANSIENT,PHASE1,31.4666,0,1.64187e-15,0.168494,1.69541,0.168494,1,0,0,0,0,1
FRAME,Floor01,F01_NDT_0320,W1_TRANSIENT,PHASE1,31.5674,0,1.86803e-15,0.153338,1.89663,0.153338,1,0,0,0,0,1
FRAME,Floor01,F01_NDT_0321,W1_TRANSIENT,PHASE1,31.6683,0,1.33414e-16,0.157871,1.49737,0.157871,1,0,0,0,0,1
FRAME,Floor01,F01_NDT_0322,W1_TRANSIENT,PHASE1,31.7692,0,4.4172e-16,0.149557,1.80385,0.149557,0,0,0,1,0,1
FRAME,Floor01,F01_NDT_0323,W1_TRANSIENT,PHASE1,31.87,0,1.59069e-15,0.167901,1.62258,0.167901,1,0,0,0,0,1
FRAME,Floor01,F01_NDT_0324,W1_TRANSIENT,PHASE1,31.9708,0,0,0.145741,1.77484,0.145741,0,0,0,1,0,1
FRAME,Floor01,F01_NDT_0325,W1_TRANSIENT,PHASE1,32.0717,0,3.9757e-16,0.168687,1.84326,0.168687,1,0,0,0,0,1
FRAME,Floor01,F01_NDT_0326,W1_TRANSIENT,PHASE1,32.1725,0,7.43528e-16,0.133999,1.57515,0.133999,0,0,0,1,0,1
FRAME,Floor01,F01_NDT_0327,W1_TRANSIENT,PHASE1,32.2734,0,7.96787e-16,0.119879,1.68726,0.119879,0,0,0,1,1,1
FRAME,Floor01,F01_NDT_0328,W1_TRANSIENT,PHASE1,32.3743,0,8.09138e-16,0.206446,1.76789,0.206446,1,0,0,0,1,1
FRAME,Floor01,F01_NDT_0329,W1_TRANSIENT,PHASE1,32.4751,0,1.96441e-17,0.209259,1.97028,0.209259,1,0,0,0,0,1
FRAME,Floor01,F01_NDT_0330,W1_TRANSIENT,PHASE1,32.576,0,1.51935e-16,0.0929083,1.66804,0.0929083,0,0,0,1,0,1
FRAME,Floor01,F01_NDT_0331,W1_TRANSIENT,PHASE1,32.6768,0,1.17208e-16,0.0897439,1.46623,0.0897439,0,0,0,1,0,1
FRAME,Floor01,F01_NDT_0332,W1_TRANSIENT,PHASE1,32.7777,0,3.19805e-15,0.0813668,2.10467,0.0813668,0,0,0,0,0,1
FRAME,Floor01,F01_NDT_0333,W1_TRANSIENT,PHASE1,32.8785,0,1.11989e-17,0.0927833,1.61117,0.0927833,0,0,0,1,0,0
FRAME,Floor01,F01_NDT_0334,W1_TRANSIENT,PHASE1,32.9794,0,1.41007e-16,0.0961077,1.77702,0.0961077,0,0,0,1,0,0
FRAME,Floor01,F01_NDT_0335,W1_TRANSIENT,PHASE1,33.0802,0,6.94525e-18,0.0949543,1.43939,0.0949543,0,0,0,1,0,0
FRAME,Floor01,F01_NDT_0336,W1_TRANSIENT,PHASE1,33.1811,0,3.10601e-18,0.0887741,1.43344,0.0887741,0,0,0,1,0,0
FRAME,Floor01,F01_NDT_0337,W1_TRANSIENT,PHASE1,33.2819,0,1.2424e-17,0.0953196,1.46969,0.0953196,0,0,0,1,0,0
FRAME,Floor01,F01_NDT_0338,W1_TRANSIENT,PHASE1,33.3828,0,5.81515e-16,0.0901441,1.59029,0.0901441,0,0,0,1,0,0
FRAME,Floor01,F01_NDT_0339,W1_TRANSIENT,PHASE1,33.4837,0,8.49208e-16,0.0746941,1.59525,0.0746941,0,0,0,1,0,0
FRAME,Floor01,F01_NDT_0340,W1_TRANSIENT,PHASE1,33.5845,0,4.94895e-15,0.0936018,1.61345,0.0936018,0,0,0,1,0,0
FRAME,Floor01,F01_NDT_0341,W1_TRANSIENT,PHASE1,33.6854,0,1.59034e-15,0.0875868,1.53387,0.0875868,0,0,0,1,0,0
FRAME,Floor01,F01_NDT_0342,W1_TRANSIENT,PHASE1,33.7862,0,2.4453e-15,0.0860984,1.48063,0.0860984,0,0,0,1,0,0
FRAME,Floor01,F01_NDT_0343,W1_TRANSIENT,PHASE1,33.8871,0,6.21202e-18,0.0750957,1.46338,0.0750957,0,0,0,1,0,0
FRAME,Floor01,F01_NDT_0344,W1_TRANSIENT,PHASE1,33.9879,0,1.77885e-16,0.0727989,2.48624,0.0727989,0,0,0,0,0,0
FRAME,Floor01,F01_NDT_0345,W1_TRANSIENT,PHASE1,34.0888,0,2.48511e-17,0.101604,1.9503,0.101604,0,0,0,1,0,0
FRAME,Floor01,F01_NDT_0346,W1_TRANSIENT,PHASE1,34.1896,0,0,0.102865,1.61493,0.102865,0,0,0,1,0,0
FRAME,Floor01,F01_NDT_0347,W1_TRANSIENT,PHASE1,34.2905,0,1.10077e-16,0.118356,1.85822,0.118356,0,0,0,1,0,0
FRAME,Floor01,F01_NDT_0348,W1_TRANSIENT,PHASE1,34.3914,0,9.93923e-17,0.124086,2.07658,0.124086,0,0,0,0,0,0
FRAME,Floor01,F01_NDT_0349,W1_TRANSIENT,PHASE1,34.4922,0,3.45594e-15,0.253274,2.07425,0.253274,1,0,0,0,1,0
FRAME,Floor01,F01_NDT_0350,W1_TRANSIENT,PHASE1,34.5931,0,3.34528e-16,0.290394,2.65729,0.290394,1,0,0,0,1,1
FRAME,Floor01,F01_NDT_0351,W1_TRANSIENT,PHASE1,34.6939,0,2.12302e-16,0.379269,2.2204,0.379269,1,0,0,0,0,0
FRAME,Floor01,F01_NDT_0352,W1_TRANSIENT,PHASE1,34.7948,0,1.61498e-15,0.126677,2.60505,0.126677,0,0,0,0,0,0
FRAME,Floor01,F01_NDT_0353,W1_TRANSIENT,PHASE1,34.8956,0,1.60957e-15,0.253797,2.36816,0.253797,1,0,0,0,0,0
FRAME,Floor01,F01_NDT_0354,W1_TRANSIENT,PHASE1,34.9965,0,1.43691e-16,0.112257,1.43315,0.112257,0,0,0,1,0,0
FRAME,Floor01,F01_NDT_0364,W2_P025,PHASE1_TO_PHASE2_TRANSITION,36.005,0,3.76604e-17,0.176861,2.69513,0.176861,1,0,0,0,0,0
FRAME,Floor01,F01_NDT_0365,W2_P025,PHASE1_TO_PHASE2_TRANSITION,36.1059,0,0,0.19807,2.42305,0.19807,1,0,0,0,0,0
FRAME,Floor01,F01_NDT_0366,W2_P025,PHASE1_TO_PHASE2_TRANSITION,36.2067,0,7.96018e-16,0.198268,1.92699,0.198268,1,0,0,0,0,0
FRAME,Floor01,F01_NDT_0367,W2_P025,PHASE1_TO_PHASE2_TRANSITION,36.3076,0,4.00711e-16,0.179924,2.2907,0.179924,1,0,0,0,0,0
FRAME,Floor01,F01_NDT_0368,W2_P025,PHASE1_TO_PHASE2_TRANSITION,36.4084,0,3.69733e-16,0.207713,2.13311,0.207713,1,0,0,0,0,0
FRAME,Floor01,F01_NDT_0369,W2_P025,PHASE1_TO_PHASE2_TRANSITION,36.5093,0,1.50797e-15,0.197283,2.06755,0.197283,1,0,0,0,0,0
FRAME,Floor01,F01_NDT_0370,W2_P025,PHASE1_TO_PHASE2_TRANSITION,36.6102,0,3.85233e-15,0.221265,3.26824,0.221265,1,0,0,0,0,0
FRAME,Floor01,F01_NDT_0371,W2_P025,PHASE1_TO_PHASE2_TRANSITION,36.711,0,3.97763e-16,0.234969,2.72371,0.234969,1,0,0,0,0,0
FRAME,Floor01,F01_NDT_0372,W2_P025,PHASE1_TO_PHASE2_TRANSITION,36.8118,0,6.33171e-17,0.208848,2.31689,0.208848,1,0,0,0,0,0
FRAME,Floor01,F01_NDT_0373,W2_P025,PHASE1_TO_PHASE2_TRANSITION,36.9127,0,1.54578e-15,0.193799,2.30076,0.193799,1,0,0,0,0,0
FRAME,Floor01,F01_NDT_0374,W2_P025,PHASE1_TO_PHASE2_TRANSITION,37.0135,0,7.95139e-16,0.186874,2.00238,0.186874,1,0,0,0,0,0
FRAME,Floor01,F01_NDT_0375,W2_P025,PHASE1_TO_PHASE2_TRANSITION,37.1144,0,8.86558e-16,0.249393,2.34973,0.249393,1,0,0,0,0,0
FRAME,Floor01,F01_NDT_0376,W2_P025,PHASE1_TO_PHASE2_TRANSITION,37.2153,0,7.26445e-17,0.210599,2.48763,0.210599,1,0,0,0,0,0
FRAME,Floor01,F01_NDT_0377,W2_P025,PHASE1_TO_PHASE2_TRANSITION,37.3161,0,9.60615e-15,0.219385,2.36137,0.219385,1,0,0,0,0,0
FRAME,Floor01,F01_NDT_0378,W2_P025,PHASE1_TO_PHASE2_TRANSITION,37.417,0,2.36068e-16,0.235059,2.01327,0.235059,1,0,0,0,0,0
FRAME,Floor01,F01_NDT_0379,W2_P025,PHASE1_TO_PHASE2_TRANSITION,37.5178,0,1.4542e-16,0.228439,2.22073,0.228439,1,0,0,0,0,0
FRAME,Floor01,F01_NDT_0380,W2_P025,PHASE1_TO_PHASE2_TRANSITION,37.6187,0,2.01197e-16,0.157836,1.10249,0.157836,1,0,0,0,0,0
FRAME,Floor01,F01_NDT_0381,W2_P025,PHASE1_TO_PHASE2_TRANSITION,37.7196,0,1.32798e-16,0.215848,2.03712,0.215848,1,0,0,0,0,0
FRAME,Floor01,F01_NDT_0382,W2_P025,PHASE1_TO_PHASE2_TRANSITION,37.8204,0,3.97569e-16,0.177469,2.05806,0.177469,1,0,0,0,0,0
FRAME,Floor01,F01_NDT_0383,W2_P025,PHASE1_TO_PHASE2_TRANSITION,37.9212,0,1.11124e-16,0.152363,1.36663,0.152363,1,0,0,0,0,0
FRAME,Floor01,F01_NDT_0384,W2_P025,PHASE1_TO_PHASE2_TRANSITION,38.0221,0,1.69813e-17,0.215574,2.07224,0.215574,1,0,0,0,0,0
FRAME,Floor01,F01_NDT_0385,W2_P025,PHASE1_TO_PHASE2_TRANSITION,38.1229,0,2.48481e-17,0.200667,2.01323,0.200667,1,0,0,0,0,0
FRAME,Floor01,F01_NDT_0386,W2_P025,PHASE1_TO_PHASE2_TRANSITION,38.2238,0,9.94409e-17,0.196096,1.26161,0.196096,1,0,0,0,0,0
FRAME,Floor01,F01_NDT_0387,W2_P025,PHASE1_TO_PHASE2_TRANSITION,38.3247,0,2.12302e-16,0.279086,2.13449,0.279086,1,0,0,0,0,0
FRAME,Floor01,F01_NDT_0388,W2_P025,PHASE1_TO_PHASE2_TRANSITION,38.4255,0,8.07563e-17,0.254315,3.0285,0.254315,1,0,0,0,0,0
FRAME,Floor01,F01_NDT_0389,W2_P025,PHASE1_TO_PHASE2_TRANSITION,38.5264,0,3.18274e-15,0.208048,1.80896,0.208048,1,0,0,0,0,0
FRAME,Floor01,F01_NDT_0390,W2_P025,PHASE1_TO_PHASE2_TRANSITION,38.6272,0,3.21146e-15,0.29033,2.54047,0.29033,1,0,0,0,0,0
FRAME,Floor01,F01_NDT_0391,W2_P025,PHASE1_TO_PHASE2_TRANSITION,38.7281,0,4.50155e-16,0.250257,2.23138,0.250257,1,0,0,0,0,0
FRAME,Floor01,F01_NDT_0392,W2_P025,PHASE1_TO_PHASE2_TRANSITION,38.8289,0,2.02541e-16,0.2073,1.33669,0.2073,1,0,0,0,0,0
FRAME,Floor01,F01_NDT_0393,W2_P025,PHASE1_TO_PHASE2_TRANSITION,38.9298,0,2.56128e-17,0.249991,2.0932,0.249991,1,0,0,0,0,0
FRAME,Floor01,F01_NDT_0394,W2_P025,PHASE1_TO_PHASE2_TRANSITION,39.0306,0,3.92096e-16,0.181285,1.79854,0.181285,1,0,0,0,0,0
FRAME,Floor01,F01_NDT_0395,W2_P025,PHASE1_TO_PHASE2_TRANSITION,39.1315,0,4.22246e-16,0.228093,2.02838,0.228093,1,0,0,0,0,0
FRAME,Floor01,F01_NDT_0396,W2_P025,PHASE1_TO_PHASE2_TRANSITION,39.2324,0,3.10601e-17,0.241948,2.35114,0.241948,1,0,0,0,0,0
FRAME,Floor01,F01_NDT_0397,W2_P025,PHASE1_TO_PHASE2_TRANSITION,39.3332,0,7.61044e-16,0.166137,1.18587,0.166137,1,0,0,0,0,0
FRAME,Floor01,F01_NDT_0398,W2_P025,PHASE1_TO_PHASE2_TRANSITION,39.4341,0,2.7781e-17,0.232962,1.91537,0.232962,1,0,0,0,0,1
FRAME,Floor01,F01_NDT_0399,W2_P025,PHASE1_TO_PHASE2_TRANSITION,39.5349,0,8.69683e-17,0.23428,2.07933,0.23428,1,0,0,0,0,1
FRAME,Floor01,F01_NDT_0400,W2_P025,PHASE1_TO_PHASE2_TRANSITION,39.6358,0,3.18715e-15,0.243118,1.69972,0.243118,1,0,0,0,0,1
FRAME,Floor01,F01_NDT_0401,W2_P025,PHASE1_TO_PHASE2_TRANSITION,39.7367,0,1.66686e-16,0.216496,1.93978,0.216496,1,0,0,0,0,1
FRAME,Floor01,F01_NDT_0402,W2_P025,PHASE1_TO_PHASE2_TRANSITION,39.8375,0,3.97569e-16,0.258519,2.3738,0.258519,1,0,0,0,0,1
FRAME,Floor01,F01_NDT_0403,W2_P025,PHASE1_TO_PHASE2_TRANSITION,39.9383,0,0,0.236024,2.30159,0.236024,1,0,0,0,0,0
FRAME,Floor01,F01_NDT_0404,W2_P025,PHASE1_TO_PHASE2_TRANSITION,40.0392,0,3.51405e-17,0.235974,2.05753,0.235974,1,0,0,0,0,0
FRAME,Floor01,F01_NDT_0405,W2_P025,PHASE1_TO_PHASE2_TRANSITION,40.14,0,7.02813e-17,0.222474,2.01785,0.222474,1,0,0,0,0,0
FRAME,Floor01,F01_NDT_0406,W2_P025,PHASE1_TO_PHASE2_TRANSITION,40.2409,0,1.05604e-16,0.23123,2.1783,0.23123,1,0,0,0,0,0
FRAME,Floor01,F01_NDT_0407,W2_P025,PHASE1_TO_PHASE2_TRANSITION,40.3418,0,1.98785e-16,0.222713,2.00488,0.222713,1,0,0,0,0,0
FRAME,Floor01,F01_NDT_0408,W2_P025,PHASE1_TO_PHASE2_TRANSITION,40.4426,0,1.20616e-15,0.234961,2.32559,0.234961,1,0,0,0,0,0
FRAME,Floor01,F01_NDT_0409,W2_P025,PHASE1_TO_PHASE2_TRANSITION,40.5435,0,4.58176e-16,0.240334,2.20077,0.240334,1,0,0,0,0,0
FRAME,Floor01,F01_NDT_0410,W2_P025,PHASE1_TO_PHASE2_TRANSITION,40.6443,0,7.45443e-17,0.225545,1.92548,0.225545,1,0,0,0,0,0
FRAME,Floor01,F01_NDT_0411,W2_P025,PHASE1_TO_PHASE2_TRANSITION,40.7452,0,5.00251e-16,0.235829,2.15151,0.235829,1,0,0,0,0,0
FRAME,Floor01,F01_NDT_0412,W2_P025,PHASE1_TO_PHASE2_TRANSITION,40.846,0,9.84414e-17,0.239137,1.98131,0.239137,1,0,0,0,0,0
FRAME,Floor01,F01_NDT_0413,W2_P025,PHASE1_TO_PHASE2_TRANSITION,40.9469,0,1.61676e-15,0.253272,2.2477,0.253272,1,0,0,0,0,0
FRAME,Floor01,F01_NDT_0414,W2_P025,PHASE1_TO_PHASE2_TRANSITION,41.0477,0,5.01791e-17,0.24408,2.11421,0.24408,1,0,0,0,0,0
FRAME,Floor01,F01_NDT_0415,W2_P025,PHASE1_TO_PHASE2_TRANSITION,41.1486,0,9.31803e-18,0.236222,2.15804,0.236222,1,0,0,0,0,0
FRAME,Floor01,F01_NDT_0416,W2_P025,PHASE1_TO_PHASE2_TRANSITION,41.2494,0,4.77478e-15,0.228546,2.85299,0.228546,1,0,0,0,0,0
FRAME,Floor01,F01_NDT_0417,W2_P025,PHASE1_TO_PHASE2_TRANSITION,41.3503,0,1.02451e-16,0.229173,2.17425,0.229173,1,0,0,0,0,0
FRAME,Floor01,F01_NDT_0418,W2_P025,PHASE1_TO_PHASE2_TRANSITION,41.4512,0,1.8354e-15,0.229884,2.36677,0.229884,1,0,0,0,0,0
FRAME,Floor01,F01_NDT_0419,W2_P025,PHASE1_TO_PHASE2_TRANSITION,41.552,0,2.48481e-17,0.264519,2.35699,0.264519,1,0,0,0,0,0
FRAME,Floor01,F01_NDT_0420,W2_P025,PHASE1_TO_PHASE2_TRANSITION,41.6529,0,4.22463e-17,0.244256,2.31468,0.244256,1,0,0,0,0,0
FRAME,Floor01,F01_NDT_0421,W2_P025,PHASE1_TO_PHASE2_TRANSITION,41.7537,0,5.35244e-16,0.236605,2.11584,0.236605,1,0,0,0,0,0
FRAME,Floor01,F01_NDT_0422,W2_P025,PHASE1_TO_PHASE2_TRANSITION,41.8545,0,7.95329e-15,0.230187,2.12618,0.230187,1,0,0,0,0,0
FRAME,Floor01,F01_NDT_0423,W2_P025,PHASE1_TO_PHASE2_TRANSITION,41.9554,0,4.11309e-16,0.231115,2.01074,0.231115,1,0,0,0,0,0
FRAME,Floor01,F01_NDT_1087,W3_P050,PHASE2,109.024,0,3.18366e-15,0.453125,1.54135,0.453125,1,0,0,0,0,1
FRAME,Floor01,F01_NDT_1088,W3_P050,PHASE2,109.124,0,6.44136e-15,0.501928,1.65089,0.501928,1,1,0,0,0,1
FRAME,Floor01,F01_NDT_1089,W3_P050,PHASE2,109.225,0,4.44496e-16,0.505483,2.02535,0.505483,1,1,0,0,0,1
FRAME,Floor01,F01_NDT_1090,W3_P050,PHASE2,109.326,0,3.85746e-16,0.473018,1.42743,0.473018,1,0,0,0,0,1
FRAME,Floor01,F01_NDT_1091,W3_P050,PHASE2,109.427,0,4.44496e-16,0.474624,1.15948,0.474624,1,0,0,0,0,1
FRAME,Floor01,F01_NDT_1092,W3_P050,PHASE2,109.528,0,3.05541e-15,0.476164,1.42923,0.476164,1,0,0,0,0,1
FRAME,Floor01,F01_NDT_1093,W3_P050,PHASE2,109.629,0,1.60265e-15,0.478233,1.93574,0.478233,1,0,0,0,0,1
FRAME,Floor01,F01_NDT_1094,W3_P050,PHASE2,109.73,0,1.2424e-17,0.543277,1.71806,0.543277,1,1,0,0,0,1
FRAME,Floor01,F01_NDT_1095,W3_P050,PHASE2,109.83,0,2.32951e-18,0.556767,2.12765,0.556767,1,1,0,0,0,1
FRAME,Floor01,F01_NDT_1096,W3_P050,PHASE2,109.931,0,1.15239e-17,0.537353,1.97479,0.537353,1,1,0,0,0,1
FRAME,Floor01,F01_NDT_1097,W3_P050,PHASE2,110.032,0,1.68674e-15,0.54706,1.3239,0.54706,1,1,0,0,0,1
FRAME,Floor01,F01_NDT_1098,W3_P050,PHASE2,110.133,0,8.19987e-16,0.555213,1.44723,0.555213,1,1,0,0,0,1
FRAME,Floor01,F01_NDT_1099,W3_P050,PHASE2,110.234,0,6.45304e-15,0.543463,2.04468,0.543463,1,1,0,0,0,0
FRAME,Floor01,F01_NDT_1100,W3_P050,PHASE2,110.335,0,5.20894e-17,0.505963,1.72756,0.505963,1,1,0,0,0,0
FRAME,Floor01,F01_NDT_1101,W3_P050,PHASE2,110.436,0,1.09402e-15,0.506579,1.22603,0.506579,1,1,0,0,0,1
FRAME,Floor01,F01_NDT_1102,W3_P050,PHASE2,110.536,0,8.3343e-17,0.431923,1.67433,0.431923,1,0,0,0,0,0
FRAME,Floor01,F01_NDT_1103,W3_P050,PHASE2,110.637,0,1.29616e-15,0.448494,1.65066,0.448494,1,0,0,0,0,0
FRAME,Floor01,F01_NDT_1104,W3_P050,PHASE2,110.738,0,1.33811e-16,0.451201,1.66401,0.451201,1,0,0,0,0,0
FRAME,Floor01,F01_NDT_1105,W3_P050,PHASE2,110.839,0,4.00663e-16,0.443997,2.98116,0.443997,1,0,0,0,0,0
FRAME,Floor01,F01_NDT_1106,W3_P050,PHASE2,110.94,0,1.80281e-15,0.473489,1.78512,0.473489,1,0,0,0,0,0
FRAME,Floor01,F01_NDT_1107,W3_P050,PHASE2,111.041,0,1.03542e-17,0.49195,2.32363,0.49195,1,0,0,0,0,0
FRAME,Floor01,F01_NDT_1108,W3_P050,PHASE2,111.141,0,4.84072e-15,0.473446,1.35789,0.473446,1,0,0,0,0,0
FRAME,Floor01,F01_NDT_1109,W3_P050,PHASE2,111.242,0,1.61493e-15,0.464317,0.946192,0.464317,1,0,0,0,0,0
FRAME,Floor01,F01_NDT_1110,W3_P050,PHASE2,111.343,0,1.38383e-16,0.578068,1.26391,0.578068,1,1,0,0,0,0
FRAME,Floor01,F01_NDT_1111,W3_P050,PHASE2,111.444,0,2.0333e-15,0.58766,1.82956,0.58766,1,1,0,0,0,0
FRAME,Floor01,F01_NDT_1112,W3_P050,PHASE2,111.545,0,3.57124e-16,0.564569,0.954534,0.564569,1,1,0,0,0,0
FRAME,Floor01,F01_NDT_1113,W3_P050,PHASE2,111.646,0,3.14306e-16,0.51866,0.905494,0.51866,1,1,0,0,0,1
FRAME,Floor01,F01_NDT_1114,W3_P050,PHASE2,111.747,0,0,0.54198,0.9161,0.54198,1,1,0,0,0,1
FRAME,Floor01,F01_NDT_1115,W3_P050,PHASE2,111.847,0,7.15927e-16,0.450894,0.315572,0.450894,1,0,0,0,0,1
FRAME,Floor01,F01_NDT_1116,W3_P050,PHASE2,111.948,0,3.30192e-15,0.538816,0.964659,0.538816,1,1,0,0,0,0
FRAME,Floor01,F01_NDT_1117,W3_P050,PHASE2,112.049,0,1.37924e-15,0.469835,0.726522,0.469835,1,0,0,0,0,0
FRAME,Floor01,F01_NDT_1118,W3_P050,PHASE2,112.15,0,3.98345e-16,0.517936,0.820997,0.517936,1,1,0,0,0,0
FRAME,Floor01,F01_NDT_1119,W3_P050,PHASE2,112.251,0,4.71868e-16,0.475376,0.820352,0.475376,1,0,0,0,0,0
FRAME,Floor01,F01_NDT_1120,W3_P050,PHASE2,112.352,0,3.69393e-16,0.537638,0.900837,0.537638,1,1,0,0,0,0
FRAME,Floor01,F01_NDT_1121,W3_P050,PHASE2,112.453,0,1.59543e-15,0.50498,0.355953,0.50498,1,1,0,0,0,0
FRAME,Floor01,F01_NDT_1122,W3_P050,PHASE2,112.553,0,3.96208e-16,0.504175,0.466511,0.504175,1,1,0,0,0,0
FRAME,Floor01,F01_NDT_1123,W3_P050,PHASE2,112.654,0,1.63922e-15,0.49196,0.509342,0.49196,1,0,0,0,0,0
FRAME,Floor01,F01_NDT_1124,W3_P050,PHASE2,112.755,0,3.3911e-16,0.536053,0.629968,0.536053,1,1,0,0,0,0
FRAME,Floor01,F01_NDT_1125,W3_P050,PHASE2,112.856,0,4.15277e-16,0.6001,0.773994,0.6001,1,1,0,0,0,0
FRAME,Floor01,F01_NDT_1126,W3_P050,PHASE2,112.957,0,3.51408e-16,0.540923,0.740628,0.540923,1,1,0,0,0,0
FRAME,Floor01,F01_NDT_1127,W3_P050,PHASE2,113.058,0,1.94169e-16,0.534315,0.443622,0.534315,1,1,0,0,0,0
FRAME,Floor01,F01_NDT_1128,W3_P050,PHASE2,113.159,0,7.16728e-16,0.54394,0.53693,0.54394,1,1,0,0,0,0
FRAME,Floor01,F01_NDT_1129,W3_P050,PHASE2,113.259,0,9.94045e-17,0.53872,0.781725,0.53872,1,1,0,0,0,0
FRAME,Floor01,F01_NDT_1130,W3_P050,PHASE2,113.36,0,1.2424e-17,0.558403,0.36062,0.558403,1,1,0,0,0,0
FRAME,Floor01,F01_NDT_1131,W3_P050,PHASE2,113.461,0,4.77911e-15,0.537539,0.772411,0.537539,1,1,0,0,0,0
FRAME,Floor01,F01_NDT_1132,W3_P050,PHASE2,113.562,0,9.93923e-17,0.53492,0.356124,0.53492,1,1,0,0,0,0
FRAME,Floor01,F01_NDT_1133,W3_P050,PHASE2,113.663,0,6.21202e-17,0.551024,0.666213,0.551024,1,1,0,0,0,0
FRAME,Floor01,F01_NDT_1134,W3_P050,PHASE2,113.764,0,6.81881e-16,0.556088,0.493725,0.556088,1,1,0,0,0,0
FRAME,Floor01,F01_NDT_1135,W3_P050,PHASE2,113.865,0,4.53435e-16,0.574681,0.414738,0.574681,1,1,0,0,0,0
FRAME,Floor01,F01_NDT_1136,W3_P050,PHASE2,113.965,0,3.96208e-16,0.580242,0.283916,0.580242,1,1,0,0,0,0
FRAME,Floor01,F01_NDT_1137,W3_P050,PHASE2,114.066,0,4.29891e-16,0.56926,0.318756,0.56926,1,1,0,0,0,0
FRAME,Floor01,F01_NDT_1138,W3_P050,PHASE2,114.167,0,2.48481e-17,0.555423,0.740664,0.555423,1,1,0,0,0,0
FRAME,Floor01,F01_NDT_1139,W3_P050,PHASE2,114.268,0,8.786e-16,0.535721,0.49015,0.535721,1,1,0,0,0,0
FRAME,Floor01,F01_NDT_1140,W3_P050,PHASE2,114.369,0,4.96962e-17,0.531521,0.491111,0.531521,1,1,0,0,0,0
FRAME,Floor01,F01_NDT_1141,W3_P050,PHASE2,114.47,0,9.12919e-17,0.500959,0.647345,0.500959,1,1,0,0,0,0
FRAME,Floor01,F01_NDT_1142,W3_P050,PHASE2,114.571,0,4.97022e-17,0.518164,0.712611,0.518164,1,1,0,0,0,0
FRAME,Floor01,F01_NDT_1143,W3_P050,PHASE2,114.671,0,1.73937e-16,0.566413,0.700837,0.566413,1,1,0,0,0,0
FRAME,Floor01,F01_NDT_1144,W3_P050,PHASE2,114.772,0,6.33626e-16,0.533761,0.785868,0.533761,1,1,0,0,0,0
FRAME,Floor01,F01_NDT_1145,W3_P050,PHASE2,114.873,0,5.00829e-17,0.519004,0.844752,0.519004,1,1,0,0,0,0
FRAME,Floor01,F01_NDT_1146,W3_P050,PHASE2,114.974,0,1.2424e-16,0.54781,0.582205,0.54781,1,1,0,0,0,0
FRAME,Floor01,F01_NDT_1147,W3_P050,PHASE2,115.075,0,8.50661e-16,0.555978,1.17133,0.555978,1,1,0,0,0,0
FRAME,Floor01,F01_NDT_1148,W3_P050,PHASE2,115.176,0,8.55005e-16,0.575271,0.844416,0.575271,1,1,0,0,0,0
FRAME,Floor01,F01_NDT_1149,W3_P050,PHASE2,115.277,0,1.99591e-15,0.651247,0.780812,0.651247,1,1,0,0,0,0
FRAME,Floor01,F01_NDT_1150,W3_P050,PHASE2,115.377,0,3.18211e-15,0.631276,0.821467,0.631276,1,1,0,0,0,0
FRAME,Floor01,F01_NDT_1151,W3_P050,PHASE2,115.478,0,2.82275e-15,0.61003,0.492259,0.61003,1,1,0,0,0,0
FRAME,Floor01,F01_NDT_1152,W3_P050,PHASE2,115.579,0,4.96962e-17,0.568099,0.960555,0.568099,1,1,0,0,0,0
FRAME,Floor01,F01_NDT_1153,W3_P050,PHASE2,115.68,0,0,0.583283,0.849273,0.583283,1,1,0,0,0,0
FRAME,Floor01,F01_NDT_1154,W3_P050,PHASE2,115.781,0,9.00379e-16,0.617253,0.618028,0.617253,1,1,0,0,0,0
FRAME,Floor01,F01_NDT_1155,W3_P050,PHASE2,115.882,0,2.48481e-17,0.621721,0.816444,0.621721,1,1,0,0,0,0
FRAME,Floor01,F01_NDT_1156,W3_P050,PHASE2,115.982,0,1.85156e-15,0.586522,0.551575,0.586522,1,1,0,0,0,0
FRAME,Floor01,F01_NDT_1365,W4_RAPID,PHASE2_TO_PHASE3_TRANSITION,137.061,0,6.84264e-16,0.843281,0.581471,0.843281,1,1,0,0,0,0
FRAME,Floor01,F01_NDT_1366,W4_RAPID,PHASE2_TO_PHASE3_TRANSITION,137.162,0,1.79182e-16,0.795855,0.352126,0.795855,1,1,0,0,0,0
FRAME,Floor01,F01_NDT_1367,W4_RAPID,PHASE2_TO_PHASE3_TRANSITION,137.263,0,3.11442e-16,0.857391,0.720644,0.857391,1,1,0,0,0,0
FRAME,Floor01,F01_NDT_1368,W4_RAPID,PHASE2_TO_PHASE3_TRANSITION,137.364,0,4.86236e-16,0.843855,0.587173,0.843855,1,1,0,0,0,0
FRAME,Floor01,F01_NDT_1369,W4_RAPID,PHASE2_TO_PHASE3_TRANSITION,137.464,0,4.69784e-17,0.852134,0.42853,0.852134,1,1,0,0,0,0
FRAME,Floor01,F01_NDT_1370,W4_RAPID,PHASE2_TO_PHASE3_TRANSITION,137.565,0,1.59029e-15,0.80646,0.377991,0.80646,1,1,0,0,0,0
FRAME,Floor01,F01_NDT_1371,W4_RAPID,PHASE2_TO_PHASE3_TRANSITION,137.666,0,1.28064e-17,0.843699,0.519162,0.843699,1,1,0,0,0,0
FRAME,Floor01,F01_NDT_1372,W4_RAPID,PHASE2_TO_PHASE3_TRANSITION,137.767,0,8.03635e-16,0.914522,0.401341,0.914522,1,1,0,0,0,0
FRAME,Floor01,F01_NDT_1373,W4_RAPID,PHASE2_TO_PHASE3_TRANSITION,137.868,0,4.52242e-17,0.906281,0.768657,0.906281,1,1,0,0,0,0
FRAME,Floor01,F01_NDT_1374,W4_RAPID,PHASE2_TO_PHASE3_TRANSITION,137.969,0,8.18196e-16,0.955324,0.367323,0.955324,1,1,0,0,0,0
FRAME,Floor01,F01_NDT_1375,W4_RAPID,PHASE2_TO_PHASE3_TRANSITION,138.07,0,3.51405e-17,0.881641,0.917268,0.881641,1,1,0,0,0,0
FRAME,Floor01,F01_NDT_1376,W4_RAPID,PHASE2_TO_PHASE3_TRANSITION,138.17,0,0,0.830085,0.577775,0.830085,1,1,0,0,0,0
FRAME,Floor01,F01_NDT_1377,W4_RAPID,PHASE2_TO_PHASE3_TRANSITION,138.271,0,7.41712e-17,0.798818,1.85846,0.798818,1,1,0,0,0,0
FRAME,Floor01,F01_NDT_1378,W4_RAPID,PHASE2_TO_PHASE3_TRANSITION,138.372,0,5.96354e-16,0.856195,0.374691,0.856195,1,1,0,0,0,0
FRAME,Floor01,F01_NDT_1379,W4_RAPID,PHASE2_TO_PHASE3_TRANSITION,138.473,0,2.50034e-16,0.814101,1.23973,0.814101,1,1,0,0,0,0
FRAME,Floor01,F01_NDT_1380,W4_RAPID,PHASE2_TO_PHASE3_TRANSITION,138.574,0,3.98345e-16,0.793667,0.794294,0.793667,1,1,0,0,0,0
FRAME,Floor01,F01_NDT_1381,W4_RAPID,PHASE2_TO_PHASE3_TRANSITION,138.675,0,2.25089e-16,0.865894,1.17833,0.865894,1,1,0,0,0,1
FRAME,Floor01,F01_NDT_1382,W4_RAPID,PHASE2_TO_PHASE3_TRANSITION,138.776,0,9.01492e-16,0.926174,0.76334,0.926174,1,1,0,0,0,1
FRAME,Floor01,F01_NDT_1383,W4_RAPID,PHASE2_TO_PHASE3_TRANSITION,138.876,0,9.73842e-16,0.771997,1.76866,0.771997,1,1,0,0,0,1
FRAME,Floor01,F01_NDT_1384,W4_RAPID,PHASE2_TO_PHASE3_TRANSITION,138.977,0,9.70428e-16,0.893689,2.06509,0.893689,1,1,0,0,0,1
FRAME,Floor01,F01_NDT_1385,W4_RAPID,PHASE2_TO_PHASE3_TRANSITION,139.078,0,4.44496e-16,0.939608,1.5526,0.939608,1,1,0,0,0,1
FRAME,Floor01,F01_NDT_1386,W4_RAPID,PHASE2_TO_PHASE3_TRANSITION,139.179,0,8.1961e-16,0.85993,1.84409,0.85993,1,1,0,0,0,1
FRAME,Floor01,F01_NDT_1387,W4_RAPID,PHASE2_TO_PHASE3_TRANSITION,139.28,0,9.93923e-16,0.836241,1.4929,0.836241,1,1,0,0,0,1
FRAME,Floor01,F01_NDT_1388,W4_RAPID,PHASE2_TO_PHASE3_TRANSITION,139.381,0,0,0.739079,0.881941,0.739079,1,1,0,0,0,1
FRAME,Floor01,F01_NDT_1389,W4_RAPID,PHASE2_TO_PHASE3_TRANSITION,139.482,0,1.11124e-16,0.848096,0.965348,0.848096,1,1,0,0,0,1
FRAME,Floor01,F01_NDT_1390,W4_RAPID,PHASE2_TO_PHASE3_TRANSITION,139.582,0,1.98785e-16,0.798895,1.22769,0.798895,1,1,0,0,0,1
FRAME,Floor01,F01_NDT_1391,W4_RAPID,PHASE2_TO_PHASE3_TRANSITION,139.683,0,7.11649e-16,0.76897,1.12419,0.76897,1,1,0,0,0,1
FRAME,Floor01,F01_NDT_1392,W4_RAPID,PHASE2_TO_PHASE3_TRANSITION,139.784,0,3.22068e-15,0.615444,0.613193,0.615444,1,1,0,0,0,1
FRAME,Floor01,F01_NDT_1393,W4_RAPID,PHASE2_TO_PHASE3_TRANSITION,139.885,0,3.16508e-16,0.665949,2.35688,0.665949,1,1,0,0,0,0
FRAME,Floor01,F01_NDT_1394,W4_RAPID,PHASE2_TO_PHASE3_TRANSITION,139.986,0,3.58364e-16,0.885873,1.12374,0.885873,1,1,0,0,0,1
FRAME,Floor01,F01_NDT_1395,W4_RAPID,PHASE2_TO_PHASE3_TRANSITION,140.087,0,7.92033e-17,0.773578,0.828548,0.773578,1,1,0,0,0,1
FRAME,Floor01,F01_NDT_1396,W4_RAPID,PHASE2_TO_PHASE3_TRANSITION,140.188,0,1.02525e-16,0.79294,0.334905,0.79294,1,1,0,0,0,1
FRAME,Floor01,F01_NDT_1397,W4_RAPID,PHASE2_TO_PHASE3_TRANSITION,140.288,0,8.02868e-16,0.808053,1.55512,0.808053,1,1,0,0,0,1
FRAME,Floor01,F01_NDT_1398,W4_RAPID,PHASE2_TO_PHASE3_TRANSITION,140.389,0,2.98924e-16,0.719689,1.16296,0.719689,1,1,0,0,0,1
FRAME,Floor01,F01_NDT_1399,W4_RAPID,PHASE2_TO_PHASE3_TRANSITION,140.49,0,1.49089e-16,0.757018,0.982083,0.757018,1,1,0,0,0,1
FRAME,Floor01,F01_NDT_1400,W4_RAPID,PHASE2_TO_PHASE3_TRANSITION,140.591,0,6.5526e-17,0.725265,0.840055,0.725265,1,1,0,0,0,0
FRAME,Floor01,F01_NDT_1401,W4_RAPID,PHASE2_TO_PHASE3_TRANSITION,140.692,0,7.95163e-16,0.802021,1.56429,0.802021,1,1,0,0,0,0
FRAME,Floor01,F01_NDT_1402,W4_RAPID,PHASE2_TO_PHASE3_TRANSITION,140.793,0,1.79182e-16,0.803056,1.21729,0.803056,1,1,0,0,0,0
FRAME,Floor01,F01_NDT_1403,W4_RAPID,PHASE2_TO_PHASE3_TRANSITION,140.893,0,2.99247e-16,0.824354,1.71237,0.824354,1,1,0,0,0,0
FRAME,Floor01,F01_NDT_1404,W4_RAPID,PHASE2_TO_PHASE3_TRANSITION,140.994,0,8.82069e-16,0.798949,1.31185,0.798949,1,1,0,0,0,0
FRAME,Floor01,F01_NDT_1405,W4_RAPID,PHASE2_TO_PHASE3_TRANSITION,141.095,0,3.18233e-15,0.775065,0.785061,0.775065,1,1,0,0,0,0
FRAME,Floor01,F01_NDT_1406,W4_RAPID,PHASE2_TO_PHASE3_TRANSITION,141.196,0,1.98785e-16,0.762105,0.657478,0.762105,1,1,0,0,0,0
FRAME,Floor01,F01_NDT_1407,W4_RAPID,PHASE2_TO_PHASE3_TRANSITION,141.297,0,4.89613e-15,0.745346,0.851049,0.745346,1,1,0,0,0,0
FRAME,Floor01,F01_NDT_1408,W4_RAPID,PHASE2_TO_PHASE3_TRANSITION,141.398,0,1.60265e-15,0.760098,0.463705,0.760098,1,1,0,0,0,0
FRAME,Floor01,F01_NDT_1409,W4_RAPID,PHASE2_TO_PHASE3_TRANSITION,141.499,0,1.2617e-15,0.757877,0.374707,0.757877,1,1,0,0,0,0
FRAME,Floor01,F01_NDT_1410,W4_RAPID,PHASE2_TO_PHASE3_TRANSITION,141.6,0,8.59417e-16,0.737194,0.726628,0.737194,1,1,0,0,0,0
FRAME,Floor01,F01_NDT_1411,W4_RAPID,PHASE2_TO_PHASE3_TRANSITION,141.7,0,3.51405e-17,0.768227,0.825459,0.768227,1,1,0,0,0,0
FRAME,Floor01,F01_NDT_1412,W4_RAPID,PHASE2_TO_PHASE3_TRANSITION,141.801,0,1.9903e-16,0.733336,0.59598,0.733336,1,1,0,0,0,0
FRAME,Floor01,F01_NDT_1413,W4_RAPID,PHASE2_TO_PHASE3_TRANSITION,141.902,0,8.49572e-16,0.717578,1.41255,0.717578,1,1,0,0,0,0
SUMMARY,Floor01,,W0_PRE,GROUP,,0,1.53943373e-16,0.0131256162,0.21628082,0.0131256162,0,0,0,50/50 (1.000000),,
SUMMARY,Floor01,,W1_TRANSIENT,GROUP,,0,9.476761196e-16,0.148105496,1.72883504,0.148105496,0.5,0,0,21/50 (0.420000),,
SUMMARY,Floor01,,W2_P025,GROUP,,0,9.106432805e-16,0.222614116667,2.13369066667,0.222614116667,1,0,0,0/60 (0.000000),,
SUMMARY,Floor01,,W1_W2_TRANSITION_UNION,GROUP,,0,9.27476389182e-16,0.188746561818,1.94966538182,0.188746561818,0.772727272727,0,0,21/110 (0.190909),,
SUMMARY,Floor01,,W3_P050,GROUP,,0,1.03747040871e-15,0.531218257143,1.03382538571,0.531218257143,1,0.757142857143,0,0/70 (0.000000),,
SUMMARY,Floor01,,W4_RAPID,GROUP,,0,6.799355e-16,0.807569326531,0.980137061224,0.807569326531,1,1,0,0/49 (0.000000),,
SUMMARY,Floor01,,W3_W4_PERSISTENT_UNION,GROUP,,0,8.90250152185e-16,0.64500987395,1.01171842857,0.64500987395,1,0.857142857143,0,0/119 (0.000000),,
SUMMARY,Floor01,,ALL_279_SELECTED,GROUP,,0,7.72972543262e-16,0.351880206487,1.23896675986,0.351880206487,0.731182795699,0.365591397849,0,71/279 (0.254480),,
