sequence,record_scope,frame,window,phase,relative_time_s,actual_timestamp,init_type,initial_translation_error_m,initial_rotation_error_deg,raw_endpoint_translation_error_m,raw_endpoint_rotation_error_deg,translation_error_change_m,rotation_error_change_deg,correction_ratio_translation,ndt_displacement_translation_m,ndt_displacement_rotation_deg,fitness,transformation_probability,iterations,converged,translation_limited,rotation_limited,baseline_oracle_endpoint_separation_m,baseline_oracle_endpoint_separation_deg,window_stats_inclusion,source,observation_conditioning
Corridor01,registration_counterfactual,R6_0051,REFERENCE_ANCHOR_ONLY,PHASE0,0,1517157224.23,ONLINE_BASELINE,0.0105098,0.466095,1.1992e-07,6.63334e-07,-0.01050968008,-0.466094336666,0.999988589697,0.0105097,0.466095,0.474819,1.29871,1,1,,,0.00430736,0.175009,NO_REFERENCE_ANCHOR,P3-R6 p3_r6_initialization_comparison.csv,固定的、既有 full-SE3 v2 输入云；其 translation deskew 由前序已完成 NDT 位姿提供
Corridor01,registration_counterfactual,R6_0051,REFERENCE_ANCHOR_ONLY,PHASE0,0,1517157224.23,ORACLE_RELATIVE,0,8.88992e-16,0.0043073,0.17501,0.0043073,0.17501,-4307300,0.0043073,0.17501,0.475576,1.30067,1,1,,,0.00430736,0.175009,NO_REFERENCE_ANCHOR,P3-R6 p3_r6_initialization_comparison.csv,固定的、既有 full-SE3 v2 输入云；其 translation deskew 由前序已完成 NDT 位姿提供
Corridor01,registration_counterfactual,R6_0051,REFERENCE_ANCHOR_ONLY,PHASE0,0,1517157224.23,PERFECT_INCREMENT,0.00568284,0.409662,0.00349496,0.0226843,-0.00218788,-0.3869777,0.384997642024,0.00703407,0.400032,0.475524,1.29981,1,1,,,0.00430736,0.175009,NO_REFERENCE_ANCHOR,P3-R6 p3_r6_initialization_comparison.csv,固定的、既有 full-SE3 v2 输入云；其 translation deskew 由前序已完成 NDT 位姿提供
Corridor01,registration_counterfactual,R6_0052,W0_0_3.068,PHASE0,0.10086,1517157224.33,ONLINE_BASELINE,0.028215,0.112438,0.0254929,0.206086,-0.0027221,0.093648,0.0964770512139,0.00333119,0.142033,0.71714,1.29787,1,1,,,0.0143423,0.0544188,YES,P3-R6 p3_r6_initialization_comparison.csv,固定的、既有 full-SE3 v2 输入云；其 translation deskew 由前序已完成 NDT 位姿提供
Corridor01,registration_counterfactual,R6_0052,W0_0_3.068,PHASE0,0.10086,1517157224.33,ORACLE_RELATIVE,0,1.2424e-16,0.0114251,0.154414,0.0114251,0.154414,-11425100,0.0114251,0.154414,0.716878,1.29699,1,1,,,0.0143423,0.0544188,YES,P3-R6 p3_r6_initialization_comparison.csv,固定的、既有 full-SE3 v2 输入云；其 translation deskew 由前序已完成 NDT 位姿提供
Corridor01,registration_counterfactual,R6_0052,W0_0_3.068,PHASE0,0.10086,1517157224.33,PERFECT_INCREMENT,0,1.2424e-16,0.0114251,0.154414,0.0114251,0.154414,-11425100,0.0114251,0.154414,0.716878,1.29699,1,1,,,0.0143423,0.0544188,YES,P3-R6 p3_r6_initialization_comparison.csv,固定的、既有 full-SE3 v2 输入云；其 translation deskew 由前序已完成 NDT 位姿提供
Corridor01,registration_counterfactual,R6_0053,W0_0_3.068,PHASE0,0.20172,1517157224.43,ONLINE_BASELINE,0.0509797,0.1766,0.0351675,0.276451,-0.0158122,0.099851,0.310166595723,0.0158765,0.112507,0.448831,1.30748,1,1,,,0.0282126,0.224802,YES,P3-R6 p3_r6_initialization_comparison.csv,固定的、既有 full-SE3 v2 输入云；其 translation deskew 由前序已完成 NDT 位姿提供
Corridor01,registration_counterfactual,R6_0053,W0_0_3.068,PHASE0,0.20172,1517157224.43,ORACLE_RELATIVE,0,2.56119e-15,0.00766112,0.0555368,0.00766112,0.0555368,-7661120,0.00766112,0.0555368,0.442099,1.30768,1,1,,,0.0282126,0.224802,YES,P3-R6 p3_r6_initialization_comparison.csv,固定的、既有 full-SE3 v2 输入云；其 translation deskew 由前序已完成 NDT 位姿提供
Corridor01,registration_counterfactual,R6_0053,W0_0_3.068,PHASE0,0.20172,1517157224.43,PERFECT_INCREMENT,0.0254896,0.206078,0.0193425,0.263586,-0.0061471,0.057508,0.241161100998,0.00727295,0.0833623,0.447522,1.30822,1,1,,,0.0282126,0.224802,YES,P3-R6 p3_r6_initialization_comparison.csv,固定的、既有 full-SE3 v2 输入云；其 translation deskew 由前序已完成 NDT 位姿提供
Corridor01,registration_counterfactual,R6_0054,W0_0_3.068,PHASE0,0.30258,1517157224.53,ONLINE_BASELINE,0.058964,0.236843,0.0528728,0.113906,-0.0060912,-0.122937,0.103303710739,0.00909251,0.244949,0.463428,1.30555,1,1,,,0.0293611,0.129564,YES,P3-R6 p3_r6_initialization_comparison.csv,固定的、既有 full-SE3 v2 输入云；其 translation deskew 由前序已完成 NDT 位姿提供
Corridor01,registration_counterfactual,R6_0054,W0_0_3.068,PHASE0,0.30258,1517157224.53,ORACLE_RELATIVE,0,1.60265e-15,0.0243953,0.159174,0.0243953,0.159174,-24395300,0.0243953,0.159174,0.46019,1.30821,1,1,,,0.0293611,0.129564,YES,P3-R6 p3_r6_initialization_comparison.csv,固定的、既有 full-SE3 v2 输入云；其 translation deskew 由前序已完成 NDT 位姿提供
Corridor01,registration_counterfactual,R6_0054,W0_0_3.068,PHASE0,0.30258,1517157224.53,PERFECT_INCREMENT,0.0351756,0.276431,0.0413344,0.203033,0.0061588,-0.073398,-0.175087276408,0.00620954,0.200492,0.465687,1.30657,1,1,,,0.0293611,0.129564,YES,P3-R6 p3_r6_initialization_comparison.csv,固定的、既有 full-SE3 v2 输入云；其 translation deskew 由前序已完成 NDT 位姿提供
Corridor01,registration_counterfactual,R6_0055,W0_0_3.068,PHASE0,0.40344,1517157224.64,ONLINE_BASELINE,0.0708207,0.269942,0.0453751,0.31178,-0.0254456,0.041838,0.359296081513,0.0260351,0.194332,0.43602,1.30323,1,1,,,0.0357074,0.0979349,YES,P3-R6 p3_r6_initialization_comparison.csv,固定的、既有 full-SE3 v2 输入云；其 translation deskew 由前序已完成 NDT 位姿提供
Corridor01,registration_counterfactual,R6_0055,W0_0_3.068,PHASE0,0.40344,1517157224.64,ORACLE_RELATIVE,0,6.4605e-16,0.0120778,0.262196,0.0120778,0.262196,-12077800,0.0120778,0.262196,0.435919,1.30993,1,1,,,0.0357074,0.0979349,YES,P3-R6 p3_r6_initialization_comparison.csv,固定的、既有 full-SE3 v2 输入云；其 translation deskew 由前序已完成 NDT 位姿提供
Corridor01,registration_counterfactual,R6_0055,W0_0_3.068,PHASE0,0.40344,1517157224.64,PERFECT_INCREMENT,0.052852,0.113906,0.0364435,0.29623,-0.0164085,0.182324,0.310461288125,0.017714,0.223876,0.436148,1.30416,1,1,,,0.0357074,0.0979349,YES,P3-R6 p3_r6_initialization_comparison.csv,固定的、既有 full-SE3 v2 输入云；其 translation deskew 由前序已完成 NDT 位姿提供
Corridor01,registration_counterfactual,R6_0056,W0_0_3.068,PHASE0,0.5043,1517157224.74,ONLINE_BASELINE,0.0571509,0.456527,0.0480562,0.397517,-0.0090947,-0.05901,0.15913485177,0.00945072,0.251862,0.44862,1.30925,1,1,,,0.0249711,0.199448,YES,P3-R6 p3_r6_initialization_comparison.csv,固定的、既有 full-SE3 v2 输入云；其 translation deskew 由前序已完成 NDT 位姿提供
Corridor01,registration_counterfactual,R6_0056,W0_0_3.068,PHASE0,0.5043,1517157224.74,ORACLE_RELATIVE,0,1.60285e-15,0.0244983,0.250055,0.0244983,0.250055,-24498300,0.0244983,0.250055,0.445869,1.31376,1,1,,,0.0249711,0.199448,YES,P3-R6 p3_r6_initialization_comparison.csv,固定的、既有 full-SE3 v2 输入云；其 translation deskew 由前序已完成 NDT 位姿提供
Corridor01,registration_counterfactual,R6_0056,W0_0_3.068,PHASE0,0.5043,1517157224.74,PERFECT_INCREMENT,0.045338,0.311788,0.0428757,0.364289,-0.0024623,0.052501,0.0543098504566,0.00689327,0.165815,0.447026,1.31196,1,1,,,0.0249711,0.199448,YES,P3-R6 p3_r6_initialization_comparison.csv,固定的、既有 full-SE3 v2 输入云；其 translation deskew 由前序已完成 NDT 位姿提供
Corridor01,registration_counterfactual,R6_0057,W0_0_3.068,PHASE0,0.60516,1517157224.84,ONLINE_BASELINE,0.051682,0.2755,0.0482538,0.286797,-0.0034282,0.011297,0.0663325722689,0.0121152,0.0531321,0.392223,1.32386,1,1,,,0.0238717,0.263804,YES,P3-R6 p3_r6_initialization_comparison.csv,固定的、既有 full-SE3 v2 输入云；其 translation deskew 由前序已完成 NDT 位姿提供
Corridor01,registration_counterfactual,R6_0057,W0_0_3.068,PHASE0,0.60516,1517157224.84,ORACLE_RELATIVE,0,9.93923e-17,0.0268089,0.234615,0.0268089,0.234615,-26808900,0.0268089,0.234615,0.389987,1.32373,1,1,,,0.0238717,0.263804,YES,P3-R6 p3_r6_initialization_comparison.csv,固定的、既有 full-SE3 v2 输入云；其 translation deskew 由前序已完成 NDT 位姿提供
Corridor01,registration_counterfactual,R6_0057,W0_0_3.068,PHASE0,0.60516,1517157224.84,PERFECT_INCREMENT,0.0479789,0.397518,0.0464622,0.289706,-0.0015167,-0.107812,0.0316118126927,0.00729624,0.120432,0.392506,1.3239,1,1,,,0.0238717,0.263804,YES,P3-R6 p3_r6_initialization_comparison.csv,固定的、既有 full-SE3 v2 输入云；其 translation deskew 由前序已完成 NDT 位姿提供
Corridor01,registration_counterfactual,R6_0058,W0_0_3.068,PHASE0,0.70602,1517157224.94,ONLINE_BASELINE,0.0725297,0.603716,0.0659177,0.480138,-0.006612,-0.123578,0.091162654747,0.00661294,0.28466,0.435149,1.28803,1,1,,,0.0411793,0.434038,YES,P3-R6 p3_r6_initialization_comparison.csv,固定的、既有 full-SE3 v2 输入云；其 translation deskew 由前序已完成 NDT 位姿提供
Corridor01,registration_counterfactual,R6_0058,W0_0_3.068,PHASE0,0.70602,1517157224.94,ORACLE_RELATIVE,0,0,0.0261908,0.15994,0.0261908,0.15994,-26190800,0.0261908,0.15994,0.466287,1.28963,1,1,,,0.0411793,0.434038,YES,P3-R6 p3_r6_initialization_comparison.csv,固定的、既有 full-SE3 v2 输入云；其 translation deskew 由前序已完成 NDT 位姿提供
Corridor01,registration_counterfactual,R6_0058,W0_0_3.068,PHASE0,0.70602,1517157224.94,PERFECT_INCREMENT,0.0482563,0.286809,0.049029,0.03624,0.0007727,-0.250569,-0.0160124170316,0.00367976,0.271038,0.470497,1.28607,1,1,,,0.0411793,0.434038,YES,P3-R6 p3_r6_initialization_comparison.csv,固定的、既有 full-SE3 v2 输入云；其 translation deskew 由前序已完成 NDT 位姿提供
Corridor01,registration_counterfactual,R6_0059,W0_0_3.068,PHASE0,0.806817,1517157225.04,ONLINE_BASELINE,0.0843168,0.231404,0.0762202,0.226054,-0.0080966,-0.00535,0.0960259402634,0.008332,0.294375,0.394362,1.28195,1,1,,,0.0191066,0.202591,YES,P3-R6 p3_r6_initialization_comparison.csv,固定的、既有 full-SE3 v2 输入云；其 translation deskew 由前序已完成 NDT 位姿提供
Corridor01,registration_counterfactual,R6_0059,W0_0_3.068,PHASE0,0.806817,1517157225.04,ORACLE_RELATIVE,0,3.28747e-15,0.0573988,0.371878,0.0573988,0.371878,-57398800,0.0573988,0.371878,0.397171,1.28154,2,1,,,0.0191066,0.202591,YES,P3-R6 p3_r6_initialization_comparison.csv,固定的、既有 full-SE3 v2 输入云；其 translation deskew 由前序已完成 NDT 位姿提供
Corridor01,registration_counterfactual,R6_0059,W0_0_3.068,PHASE0,0.806817,1517157225.04,PERFECT_INCREMENT,0.0659274,0.480147,0.0639641,0.227971,-0.0019633,-0.252176,0.0297797273971,0.0108829,0.557802,0.390356,1.28044,1,1,,,0.0191066,0.202591,YES,P3-R6 p3_r6_initialization_comparison.csv,固定的、既有 full-SE3 v2 输入云；其 translation deskew 由前序已完成 NDT 位姿提供
Corridor01,registration_counterfactual,R6_0060,W0_0_3.068,PHASE0,0.907677,1517157225.14,ONLINE_BASELINE,0.104392,1.19524,0.0903475,1.52679,-0.0140445,0.33155,0.134536171354,0.0216395,0.3583,0.408464,1.29366,1,1,,,0.0299417,0.573816,YES,P3-R6 p3_r6_initialization_comparison.csv,固定的、既有 full-SE3 v2 输入云；其 translation deskew 由前序已完成 NDT 位姿提供
Corridor01,registration_counterfactual,R6_0060,W0_0_3.068,PHASE0,0.907677,1517157225.14,ORACLE_RELATIVE,0,7.84192e-16,0.0612251,1.04032,0.0612251,1.04032,-61225100,0.0612251,1.04032,0.381788,1.29566,2,1,,,0.0299417,0.573816,YES,P3-R6 p3_r6_initialization_comparison.csv,固定的、既有 full-SE3 v2 输入云；其 translation deskew 由前序已完成 NDT 位姿提供
Corridor01,registration_counterfactual,R6_0060,W0_0_3.068,PHASE0,0.907677,1517157225.14,PERFECT_INCREMENT,0.0761806,0.226041,0.0754364,0.712944,-0.0007442,0.486903,0.00976889129253,0.0106886,0.560275,0.375377,1.29257,1,1,,,0.0299417,0.573816,YES,P3-R6 p3_r6_initialization_comparison.csv,固定的、既有 full-SE3 v2 输入云；其 translation deskew 由前序已完成 NDT 位姿提供
Corridor01,registration_counterfactual,R6_0061,W0_0_3.068,PHASE0,1.00854,1517157225.24,ONLINE_BASELINE,0.108003,0.984247,0.0874479,0.814386,-0.0205551,-0.169861,0.190319713341,0.0250907,0.224238,0.360671,1.30186,1,1,,,0.0315724,0.405036,YES,P3-R6 p3_r6_initialization_comparison.csv,固定的、既有 full-SE3 v2 输入云；其 translation deskew 由前序已完成 NDT 位姿提供
Corridor01,registration_counterfactual,R6_0061,W0_0_3.068,PHASE0,1.00854,1517157225.24,ORACLE_RELATIVE,0,2.00332e-16,0.0579498,0.421985,0.0579498,0.421985,-57949800,0.0579498,0.421985,0.355268,1.30541,2,1,,,0.0315724,0.405036,YES,P3-R6 p3_r6_initialization_comparison.csv,固定的、既有 full-SE3 v2 输入云；其 translation deskew 由前序已完成 NDT 位姿提供
Corridor01,registration_counterfactual,R6_0061,W0_0_3.068,PHASE0,1.00854,1517157225.24,PERFECT_INCREMENT,0.0903135,1.52678,0.0865032,1.25912,-0.0038103,-0.26766,0.0421897058579,0.0134216,0.305977,0.383142,1.29965,1,1,,,0.0315724,0.405036,YES,P3-R6 p3_r6_initialization_comparison.csv,固定的、既有 full-SE3 v2 输入云；其 translation deskew 由前序已完成 NDT 位姿提供
Corridor01,registration_counterfactual,R6_0062,W0_0_3.068,PHASE0,1.1094,1517157225.34,ONLINE_BASELINE,0.104809,1.06634,0.0827465,0.598796,-0.0220625,-0.467544,0.210501960709,0.025102,0.49159,0.37278,1.29981,1,1,,,0.0163345,0.0284774,YES,P3-R6 p3_r6_initialization_comparison.csv,固定的、既有 full-SE3 v2 输入云；其 translation deskew 由前序已完成 NDT 位姿提供
Corridor01,registration_counterfactual,R6_0062,W0_0_3.068,PHASE0,1.1094,1517157225.34,ORACLE_RELATIVE,0,4.9108e-16,0.0666198,0.585186,0.0666198,0.585186,-66619800,0.0666198,0.585186,0.373581,1.3007,2,1,,,0.0163345,0.0284774,YES,P3-R6 p3_r6_initialization_comparison.csv,固定的、既有 full-SE3 v2 输入云；其 translation deskew 由前序已完成 NDT 位姿提供
Corridor01,registration_counterfactual,R6_0062,W0_0_3.068,PHASE0,1.1094,1517157225.34,PERFECT_INCREMENT,0.0875853,0.814391,0.0882617,0.881297,0.0006764,0.066906,-0.00772275712934,0.0125346,0.731862,0.372751,1.2992,1,1,,,0.0163345,0.0284774,YES,P3-R6 p3_r6_initialization_comparison.csv,固定的、既有 full-SE3 v2 输入云；其 translation deskew 由前序已完成 NDT 位姿提供
Corridor01,registration_counterfactual,R6_0063,W0_0_3.068,PHASE0,1.21026,1517157225.44,ONLINE_BASELINE,0.0782774,0.511352,0.0819982,0.775013,0.0037208,0.263661,-0.0475335154208,0.0165956,0.34565,0.375969,1.29042,1,1,,,0.02022,0.27603,YES,P3-R6 p3_r6_initialization_comparison.csv,固定的、既有 full-SE3 v2 输入云；其 translation deskew 由前序已完成 NDT 位姿提供
Corridor01,registration_counterfactual,R6_0063,W0_0_3.068,PHASE0,1.21026,1517157225.44,ORACLE_RELATIVE,0,8.3528e-16,0.0654755,0.900095,0.0654755,0.900095,-65475500,0.0654755,0.900095,0.368757,1.2885,2,1,,,0.02022,0.27603,YES,P3-R6 p3_r6_initialization_comparison.csv,固定的、既有 full-SE3 v2 输入云；其 translation deskew 由前序已完成 NDT 位姿提供
Corridor01,registration_counterfactual,R6_0063,W0_0_3.068,PHASE0,1.21026,1517157225.44,PERFECT_INCREMENT,0.0829308,0.598794,0.0839757,0.608904,0.0010449,0.01011,-0.0125996614044,0.016472,0.369542,0.351381,1.28338,1,1,,,0.02022,0.27603,YES,P3-R6 p3_r6_initialization_comparison.csv,固定的、既有 full-SE3 v2 输入云；其 translation deskew 由前序已完成 NDT 位姿提供
Corridor01,registration_counterfactual,R6_0064,W0_0_3.068,PHASE0,1.31112,1517157225.54,ONLINE_BASELINE,0.0923987,1.19534,0.0961137,1.24041,0.003715,0.04507,-0.0402061933772,0.00995852,0.339717,0.402789,1.3003,1,1,,,0.017049,0.643786,YES,P3-R6 p3_r6_initialization_comparison.csv,固定的、既有 full-SE3 v2 输入云；其 translation deskew 由前序已完成 NDT 位姿提供
Corridor01,registration_counterfactual,R6_0064,W0_0_3.068,PHASE0,1.31112,1517157225.54,ORACLE_RELATIVE,0,6.11813e-17,0.0922965,0.879323,0.0922965,0.879323,-92296500,0.0922965,0.879323,0.371945,1.29219,2,1,,,0.017049,0.643786,YES,P3-R6 p3_r6_initialization_comparison.csv,固定的、既有 full-SE3 v2 输入云；其 translation deskew 由前序已完成 NDT 位姿提供
Corridor01,registration_counterfactual,R6_0064,W0_0_3.068,PHASE0,1.31112,1517157225.54,PERFECT_INCREMENT,0.0821613,0.775003,0.0983135,0.923692,0.0161522,0.148689,-0.196591339231,0.0245169,0.155415,0.370455,1.29154,1,1,,,0.017049,0.643786,YES,P3-R6 p3_r6_initialization_comparison.csv,固定的、既有 full-SE3 v2 输入云；其 translation deskew 由前序已完成 NDT 位姿提供
Corridor01,registration_counterfactual,R6_0065,W0_0_3.068,PHASE0,1.41198,1517157225.64,ONLINE_BASELINE,0.10998,0.932166,0.102813,0.957649,-0.007167,0.025483,0.0651663938898,0.0120594,0.114166,0.350651,1.28984,1,1,,,0.028923,0.216101,YES,P3-R6 p3_r6_initialization_comparison.csv,固定的、既有 full-SE3 v2 输入云；其 translation deskew 由前序已完成 NDT 位姿提供
Corridor01,registration_counterfactual,R6_0065,W0_0_3.068,PHASE0,1.41198,1517157225.64,ORACLE_RELATIVE,0,3.42014e-17,0.0769618,0.824017,0.0769618,0.824017,-76961800,0.0769618,0.824017,0.338948,1.28907,2,1,,,0.028923,0.216101,YES,P3-R6 p3_r6_initialization_comparison.csv,固定的、既有 full-SE3 v2 输入云；其 translation deskew 由前序已完成 NDT 位姿提供
Corridor01,registration_counterfactual,R6_0065,W0_0_3.068,PHASE0,1.41198,1517157225.64,PERFECT_INCREMENT,0.0962114,1.2404,0.0953151,1.19031,-0.0008963,-0.05009,0.00931594384865,0.0223249,0.631802,0.384224,1.28736,1,1,,,0.028923,0.216101,YES,P3-R6 p3_r6_initialization_comparison.csv,固定的、既有 full-SE3 v2 输入云；其 translation deskew 由前序已完成 NDT 位姿提供
Corridor01,registration_counterfactual,R6_0066,W0_0_3.068,PHASE0,1.51284,1517157225.74,ONLINE_BASELINE,0.128083,1.92648,0.107279,1.93108,-0.020804,0.0046,0.162425926938,0.0212425,0.132896,0.332331,1.29788,1,1,,,0.0386616,1.04345,YES,P3-R6 p3_r6_initialization_comparison.csv,固定的、既有 full-SE3 v2 输入云；其 translation deskew 由前序已完成 NDT 位姿提供
Corridor01,registration_counterfactual,R6_0066,W0_0_3.068,PHASE0,1.51284,1517157225.74,ORACLE_RELATIVE,0,5.00829e-17,0.0941471,0.937649,0.0941471,0.937649,-94147100,0.0941471,0.937649,0.281029,1.28237,2,1,,,0.0386616,1.04345,YES,P3-R6 p3_r6_initialization_comparison.csv,固定的、既有 full-SE3 v2 输入云；其 translation deskew 由前序已完成 NDT 位姿提供
Corridor01,registration_counterfactual,R6_0066,W0_0_3.068,PHASE0,1.51284,1517157225.74,PERFECT_INCREMENT,0.103001,0.957649,0.104365,1.04057,0.001364,0.082921,-0.0132425898778,0.022384,0.294153,0.280376,1.2828,1,1,,,0.0386616,1.04345,YES,P3-R6 p3_r6_initialization_comparison.csv,固定的、既有 full-SE3 v2 输入云；其 translation deskew 由前序已完成 NDT 位姿提供
Corridor01,registration_counterfactual,R6_0067,W0_0_3.068,PHASE0,1.6137,1517157225.85,ONLINE_BASELINE,0.114507,1.16195,0.107327,0.915127,-0.00718,-0.246823,0.0627035901735,0.0146702,0.394667,0.347555,1.28728,1,1,,,0.0257631,0.325952,YES,P3-R6 p3_r6_initialization_comparison.csv,固定的、既有 full-SE3 v2 输入云；其 translation deskew 由前序已完成 NDT 位姿提供
Corridor01,registration_counterfactual,R6_0067,W0_0_3.068,PHASE0,1.6137,1517157225.85,ORACLE_RELATIVE,0,1.2424e-16,0.0879583,0.596732,0.0879583,0.596732,-87958300,0.0879583,0.596732,0.331657,1.29131,2,1,,,0.0257631,0.325952,YES,P3-R6 p3_r6_initialization_comparison.csv,固定的、既有 full-SE3 v2 输入云；其 translation deskew 由前序已完成 NDT 位姿提供
Corridor01,registration_counterfactual,R6_0067,W0_0_3.068,PHASE0,1.6137,1517157225.85,PERFECT_INCREMENT,0.108286,1.93108,0.110734,1.81332,0.002448,-0.11776,-0.0226068005098,0.02729,0.319899,0.424385,1.28996,1,1,,,0.0257631,0.325952,YES,P3-R6 p3_r6_initialization_comparison.csv,固定的、既有 full-SE3 v2 输入云；其 translation deskew 由前序已完成 NDT 位姿提供
Corridor01,registration_counterfactual,R6_0068,W0_0_3.068,PHASE0,1.71456,1517157225.95,ONLINE_BASELINE,0.117477,0.894866,0.103564,1.02457,-0.013913,0.129704,0.118431693012,0.0203962,0.131805,0.351303,1.29449,1,1,,,0.0370809,0.503253,YES,P3-R6 p3_r6_initialization_comparison.csv,固定的、既有 full-SE3 v2 输入云；其 translation deskew 由前序已完成 NDT 位姿提供
Corridor01,registration_counterfactual,R6_0068,W0_0_3.068,PHASE0,1.71456,1517157225.95,ORACLE_RELATIVE,0,4.96962e-17,0.0831758,0.797364,0.0831758,0.797364,-83175800,0.0831758,0.797364,0.311665,1.28676,2,1,,,0.0370809,0.503253,YES,P3-R6 p3_r6_initialization_comparison.csv,固定的、既有 full-SE3 v2 输入云；其 translation deskew 由前序已完成 NDT 位姿提供
Corridor01,registration_counterfactual,R6_0068,W0_0_3.068,PHASE0,1.71456,1517157225.95,PERFECT_INCREMENT,0.107931,0.915115,0.100057,1.02244,-0.007874,0.107325,0.0729540169182,0.0143597,0.172205,0.356995,1.29579,1,1,,,0.0370809,0.503253,YES,P3-R6 p3_r6_initialization_comparison.csv,固定的、既有 full-SE3 v2 输入云；其 translation deskew 由前序已完成 NDT 位姿提供
Corridor01,registration_counterfactual,R6_0069,W0_0_3.068,PHASE0,1.81536,1517157226.05,ONLINE_BASELINE,0.10103,1.05755,0.0987595,1.05654,-0.0022705,-0.00101,0.022473522716,0.00472146,0.0311574,0.298031,1.28906,1,1,,,0.0226049,0.203066,YES,P3-R6 p3_r6_initialization_comparison.csv,固定的、既有 full-SE3 v2 输入云；其 translation deskew 由前序已完成 NDT 位姿提供
Corridor01,registration_counterfactual,R6_0069,W0_0_3.068,PHASE0,1.81536,1517157226.05,ORACLE_RELATIVE,0,3.98781e-16,0.0798453,0.913528,0.0798453,0.913528,-79845300,0.0798453,0.913528,0.285343,1.28892,2,1,,,0.0226049,0.203066,YES,P3-R6 p3_r6_initialization_comparison.csv,固定的、既有 full-SE3 v2 输入云；其 translation deskew 由前序已完成 NDT 位姿提供
Corridor01,registration_counterfactual,R6_0069,W0_0_3.068,PHASE0,1.81536,1517157226.05,PERFECT_INCREMENT,0.104379,1.02456,0.099949,1.03627,-0.00443,0.01171,0.0424414872723,0.00484808,0.0891001,0.294683,1.28851,1,1,,,0.0226049,0.203066,YES,P3-R6 p3_r6_initialization_comparison.csv,固定的、既有 full-SE3 v2 输入云；其 translation deskew 由前序已完成 NDT 位姿提供
Corridor01,registration_counterfactual,R6_0070,W0_0_3.068,PHASE0,1.91622,1517157226.15,ONLINE_BASELINE,0.0983686,1.58964,0.113014,1.99472,0.0146454,0.40508,-0.148882875226,0.022806,0.428109,0.839425,1.30217,1,1,,,0.054537,1.24333,YES,P3-R6 p3_r6_initialization_comparison.csv,固定的、既有 full-SE3 v2 输入云；其 translation deskew 由前序已完成 NDT 位姿提供
Corridor01,registration_counterfactual,R6_0070,W0_0_3.068,PHASE0,1.91622,1517157226.15,ORACLE_RELATIVE,0,5.62557e-16,0.0996534,1.02228,0.0996534,1.02228,-99653400,0.0996534,1.02228,0.753258,1.2745,2,1,,,0.054537,1.24333,YES,P3-R6 p3_r6_initialization_comparison.csv,固定的、既有 full-SE3 v2 输入云；其 translation deskew 由前序已完成 NDT 位姿提供
Corridor01,registration_counterfactual,R6_0070,W0_0_3.068,PHASE0,1.91622,1517157226.15,PERFECT_INCREMENT,0.0996857,1.05654,0.10862,1.47082,0.0089343,0.41428,-0.0896246904019,0.011534,0.431291,0.804053,1.29419,1,1,,,0.054537,1.24333,YES,P3-R6 p3_r6_initialization_comparison.csv,固定的、既有 full-SE3 v2 输入云；其 translation deskew 由前序已完成 NDT 位姿提供
Corridor01,registration_counterfactual,R6_0071,W0_0_3.068,PHASE0,2.01708,1517157226.25,ONLINE_BASELINE,0.13199,1.74592,0.156123,2.84124,0.024133,1.09532,-0.182839609061,0.0715253,1.38595,0.433797,1.31414,2,1,,,0.134506,2.32417,YES,P3-R6 p3_r6_initialization_comparison.csv,固定的、既有 full-SE3 v2 输入云；其 translation deskew 由前序已完成 NDT 位姿提供
Corridor01,registration_counterfactual,R6_0071,W0_0_3.068,PHASE0,2.01708,1517157226.25,ORACLE_RELATIVE,0,8.9591e-17,0.0880328,0.68716,0.0880328,0.68716,-88032800,0.0880328,0.68716,0.252227,1.29613,2,1,,,0.134506,2.32417,YES,P3-R6 p3_r6_initialization_comparison.csv,固定的、既有 full-SE3 v2 输入云；其 translation deskew 由前序已完成 NDT 位姿提供
Corridor01,registration_counterfactual,R6_0071,W0_0_3.068,PHASE0,2.01708,1517157226.25,PERFECT_INCREMENT,0.115333,1.99473,0.121866,1.99521,0.006533,0.00048,-0.0566446723834,0.025108,0.248131,0.333783,1.31694,1,1,,,0.134506,2.32417,YES,P3-R6 p3_r6_initialization_comparison.csv,固定的、既有 full-SE3 v2 输入云；其 translation deskew 由前序已完成 NDT 位姿提供
Corridor01,registration_counterfactual,R6_0072,W0_0_3.068,PHASE0,2.11794,1517157226.35,ONLINE_BASELINE,0.23351,1.49183,0.166456,1.47586,-0.067054,-0.01597,0.287156866944,0.0747353,0.263565,0.507924,1.30949,2,1,,,0.0198253,0.145746,YES,P3-R6 p3_r6_initialization_comparison.csv,固定的、既有 full-SE3 v2 输入云；其 translation deskew 由前序已完成 NDT 位姿提供
Corridor01,registration_counterfactual,R6_0072,W0_0_3.068,PHASE0,2.11794,1517157226.35,ORACLE_RELATIVE,0,6.04708e-16,0.147528,1.50302,0.147528,1.50302,-147528000,0.147528,1.50302,0.534268,1.31154,3,1,,,0.0198253,0.145746,YES,P3-R6 p3_r6_initialization_comparison.csv,固定的、既有 full-SE3 v2 输入云；其 translation deskew 由前序已完成 NDT 位姿提供
Corridor01,registration_counterfactual,R6_0072,W0_0_3.068,PHASE0,2.11794,1517157226.35,PERFECT_INCREMENT,0.164787,2.84124,0.148421,1.82626,-0.016366,-1.01498,0.0993160868272,0.0267394,2.06588,0.523852,1.3118,2,1,,,0.0198253,0.145746,YES,P3-R6 p3_r6_initialization_comparison.csv,固定的、既有 full-SE3 v2 输入云；其 translation deskew 由前序已完成 NDT 位姿提供
Corridor01,registration_counterfactual,R6_0073,W0_0_3.068,PHASE0,2.2188,1517157226.45,ONLINE_BASELINE,0.178686,2.23214,0.176127,2.63598,-0.002559,0.40384,0.0143212115107,0.00741586,0.65542,0.513581,1.33044,1,1,,,0.015255,0.523302,YES,P3-R6 p3_r6_initialization_comparison.csv,固定的、既有 full-SE3 v2 输入云；其 translation deskew 由前序已完成 NDT 位姿提供
Corridor01,registration_counterfactual,R6_0073,W0_0_3.068,PHASE0,2.2188,1517157226.45,ORACLE_RELATIVE,0,8.07077e-17,0.165198,2.84112,0.165198,2.84112,-165198000,0.165198,2.84112,0.520647,1.32979,5,1,,,0.015255,0.523302,YES,P3-R6 p3_r6_initialization_comparison.csv,固定的、既有 full-SE3 v2 输入云；其 translation deskew 由前序已完成 NDT 位姿提供
Corridor01,registration_counterfactual,R6_0073,W0_0_3.068,PHASE0,2.2188,1517157226.45,PERFECT_INCREMENT,0.169518,1.47587,0.155435,2.67301,-0.014083,1.19714,0.0830767234158,0.0158965,1.69027,0.478908,1.32666,2,1,,,0.015255,0.523302,YES,P3-R6 p3_r6_initialization_comparison.csv,固定的、既有 full-SE3 v2 输入云；其 translation deskew 由前序已完成 NDT 位姿提供
Corridor01,registration_counterfactual,R6_0074,W0_0_3.068,PHASE0,2.31966,1517157226.55,ONLINE_BASELINE,0.156001,4.82366,0.166667,4.62187,0.010666,-0.20179,-0.0683713565939,0.0144153,0.433002,0.439532,1.34371,1,1,,,0.181822,2.28079,YES,P3-R6 p3_r6_initialization_comparison.csv,固定的、既有 full-SE3 v2 输入云；其 translation deskew 由前序已完成 NDT 位姿提供
Corridor01,registration_counterfactual,R6_0074,W0_0_3.068,PHASE0,2.31966,1517157226.55,ORACLE_RELATIVE,0,2.21357e-16,0.0845124,2.41051,0.0845124,2.41051,-84512400,0.0845124,2.41051,0.225962,1.2965,3,1,,,0.181822,2.28079,YES,P3-R6 p3_r6_initialization_comparison.csv,固定的、既有 full-SE3 v2 输入云；其 translation deskew 由前序已完成 NDT 位姿提供
Corridor01,registration_counterfactual,R6_0074,W0_0_3.068,PHASE0,2.31966,1517157226.55,PERFECT_INCREMENT,0.185022,2.63598,0.170732,4.7025,-0.01429,2.06652,0.0772340586525,0.0244135,2.32798,0.452433,1.34005,3,1,,,0.181822,2.28079,YES,P3-R6 p3_r6_initialization_comparison.csv,固定的、既有 full-SE3 v2 输入云；其 translation deskew 由前序已完成 NDT 位姿提供
Corridor01,registration_counterfactual,R6_0075,W0_0_3.068,PHASE0,2.42052,1517157226.65,ONLINE_BASELINE,0.173866,1.51085,0.15315,2.34915,-0.020716,0.8383,0.119149229867,0.0262722,1.34783,0.360429,1.33688,2,1,,,0.011829,0.210486,YES,P3-R6 p3_r6_initialization_comparison.csv,固定的、既有 full-SE3 v2 输入云；其 translation deskew 由前序已完成 NDT 位姿提供
Corridor01,registration_counterfactual,R6_0075,W0_0_3.068,PHASE0,2.42052,1517157226.65,ORACLE_RELATIVE,0,1.94613e-16,0.154808,2.54731,0.154808,2.54731,-154808000,0.154808,2.54731,0.386623,1.34228,5,1,,,0.011829,0.210486,YES,P3-R6 p3_r6_initialization_comparison.csv,固定的、既有 full-SE3 v2 输入云；其 translation deskew 由前序已完成 NDT 位姿提供
Corridor01,registration_counterfactual,R6_0075,W0_0_3.068,PHASE0,2.42052,1517157226.65,PERFECT_INCREMENT,0.173904,2.18942,0.175162,2.43166,0.001258,0.24224,-0.00723387616156,0.0128953,0.700412,0.396399,1.34497,1,1,,,0.011829,0.210486,YES,P3-R6 p3_r6_initialization_comparison.csv,固定的、既有 full-SE3 v2 输入云；其 translation deskew 由前序已完成 NDT 位姿提供
Corridor01,registration_counterfactual,R6_0076,W0_0_3.068,PHASE0,2.52138,1517157226.75,ONLINE_BASELINE,0.156834,2.84831,0.22568,3.62981,0.068846,0.7815,-0.438973691929,0.0712617,0.834274,0.453879,1.35116,2,1,,,0.167027,1.80573,YES,P3-R6 p3_r6_initialization_comparison.csv,固定的、既有 full-SE3 v2 输入云；其 translation deskew 由前序已完成 NDT 位姿提供
Corridor01,registration_counterfactual,R6_0076,W0_0_3.068,PHASE0,2.52138,1517157226.75,ORACLE_RELATIVE,0,1.11124e-16,0.0957623,1.84349,0.0957623,1.84349,-95762300,0.0957623,1.84349,0.248281,1.27373,4,1,,,0.167027,1.80573,YES,P3-R6 p3_r6_initialization_comparison.csv,固定的、既有 full-SE3 v2 输入云；其 translation deskew 由前序已完成 NDT 位姿提供
Corridor01,registration_counterfactual,R6_0076,W0_0_3.068,PHASE0,2.52138,1517157226.75,PERFECT_INCREMENT,0.158682,2.02456,0.237899,3.50596,0.079217,1.4814,-0.499218562912,0.0903096,1.66944,0.430969,1.35068,2,1,,,0.167027,1.80573,YES,P3-R6 p3_r6_initialization_comparison.csv,固定的、既有 full-SE3 v2 输入云；其 translation deskew 由前序已完成 NDT 位姿提供
Corridor01,registration_counterfactual,R6_0077,W0_0_3.068,PHASE0,2.62224,1517157226.85,ONLINE_BASELINE,0.302685,3.14688,0.220757,2.90152,-0.081928,-0.24536,0.27067082941,0.0834465,0.501953,0.429727,1.33925,2,1,,,0.253753,2.49116,YES,P3-R6 p3_r6_initialization_comparison.csv,固定的、既有 full-SE3 v2 输入云；其 translation deskew 由前序已完成 NDT 位姿提供
Corridor01,registration_counterfactual,R6_0077,W0_0_3.068,PHASE0,2.62224,1517157226.85,ORACLE_RELATIVE,0,8.42731e-16,0.0659926,0.419383,0.0659926,0.419383,-65992600,0.0659926,0.419383,0.213884,1.2326,2,1,,,0.253753,2.49116,YES,P3-R6 p3_r6_initialization_comparison.csv,固定的、既有 full-SE3 v2 输入云；其 translation deskew 由前序已完成 NDT 位姿提供
Corridor01,registration_counterfactual,R6_0077,W0_0_3.068,PHASE0,2.62224,1517157226.85,PERFECT_INCREMENT,0.237176,3.62981,0.217408,3.07603,-0.019768,-0.55378,0.083347387594,0.0207378,0.658126,0.452045,1.33559,1,1,,,0.253753,2.49116,YES,P3-R6 p3_r6_initialization_comparison.csv,固定的、既有 full-SE3 v2 输入云；其 translation deskew 由前序已完成 NDT 位姿提供
Corridor01,registration_counterfactual,R6_0078,W0_0_3.068,PHASE0,2.7231,1517157226.95,ONLINE_BASELINE,0.230201,1.2525,0.263855,1.66379,0.033654,0.41129,-0.146193978306,0.038098,0.458442,0.455972,1.33862,2,1,,,0.0121385,0.142909,YES,P3-R6 p3_r6_initialization_comparison.csv,固定的、既有 full-SE3 v2 输入云；其 translation deskew 由前序已完成 NDT 位姿提供
Corridor01,registration_counterfactual,R6_0078,W0_0_3.068,PHASE0,2.7231,1517157226.95,ORACLE_RELATIVE,0,6.13049e-16,0.255188,1.74965,0.255188,1.74965,-255188000,0.255188,1.74965,0.463338,1.34,4,1,,,0.0121385,0.142909,YES,P3-R6 p3_r6_initialization_comparison.csv,固定的、既有 full-SE3 v2 输入云；其 translation deskew 由前序已完成 NDT 位姿提供
Corridor01,registration_counterfactual,R6_0078,W0_0_3.068,PHASE0,2.7231,1517157226.95,PERFECT_INCREMENT,0.230242,2.90152,0.244026,2.17384,0.013784,-0.72768,-0.05986744382,0.0200174,1.2183,0.514176,1.33673,1,1,,,0.0121385,0.142909,YES,P3-R6 p3_r6_initialization_comparison.csv,固定的、既有 full-SE3 v2 输入云；其 translation deskew 由前序已完成 NDT 位姿提供
Corridor01,registration_counterfactual,R6_0079,W0_0_3.068,PHASE0,2.8239,1517157227.06,ONLINE_BASELINE,0.299462,2.91094,0.268675,3.04687,-0.030787,0.13593,0.102807701812,0.0418504,0.242996,0.444205,1.37164,2,1,,,0.270244,2.67874,YES,P3-R6 p3_r6_initialization_comparison.csv,固定的、既有 full-SE3 v2 输入云；其 translation deskew 由前序已完成 NDT 位姿提供
Corridor01,registration_counterfactual,R6_0079,W0_0_3.068,PHASE0,2.8239,1517157227.06,ORACLE_RELATIVE,0,7.71892e-16,0.0523701,0.571467,0.0523701,0.571467,-52370100,0.0523701,0.571467,0.250652,1.21663,2,1,,,0.270244,2.67874,YES,P3-R6 p3_r6_initialization_comparison.csv,固定的、既有 full-SE3 v2 输入云；其 translation deskew 由前序已完成 NDT 位姿提供
Corridor01,registration_counterfactual,R6_0079,W0_0_3.068,PHASE0,2.8239,1517157227.06,PERFECT_INCREMENT,0.268987,1.66378,0.29019,2.62981,0.021203,0.96603,-0.0788253707428,0.0311711,1.38647,0.383348,1.35895,1,1,,,0.270244,2.67874,YES,P3-R6 p3_r6_initialization_comparison.csv,固定的、既有 full-SE3 v2 输入云；其 translation deskew 由前序已完成 NDT 位姿提供
Corridor01,registration_counterfactual,R6_0080,W0_0_3.068,PHASE0,2.92476,1517157227.16,ONLINE_BASELINE,0.270791,3.26684,0.289107,3.24531,0.018316,-0.02153,-0.0676388801696,0.0216468,0.0491988,0.496919,1.31987,1,1,,,0.316411,2.91605,YES,P3-R6 p3_r6_initialization_comparison.csv,固定的、既有 full-SE3 v2 输入云；其 translation deskew 由前序已完成 NDT 位姿提供
Corridor01,registration_counterfactual,R6_0080,W0_0_3.068,PHASE0,2.92476,1517157227.16,ORACLE_RELATIVE,0,1.62446e-15,0.0823845,0.447911,0.0823845,0.447911,-82384500,0.0823845,0.447911,0.259621,1.20798,2,1,,,0.316411,2.91605,YES,P3-R6 p3_r6_initialization_comparison.csv,固定的、既有 full-SE3 v2 输入云；其 translation deskew 由前序已完成 NDT 位姿提供
Corridor01,registration_counterfactual,R6_0080,W0_0_3.068,PHASE0,2.92476,1517157227.16,PERFECT_INCREMENT,0.279025,3.04687,0.293092,3.15942,0.014067,0.11255,-0.0504148373802,0.0148924,0.191041,0.480892,1.31829,1,1,,,0.316411,2.91605,YES,P3-R6 p3_r6_initialization_comparison.csv,固定的、既有 full-SE3 v2 输入云；其 translation deskew 由前序已完成 NDT 位姿提供
Corridor01,registration_counterfactual,R6_0081,W0_0_3.068,PHASE0,3.02562,1517157227.26,ONLINE_BASELINE,0.311656,3.14346,0.305658,3.14388,-0.005998,0.00042,0.0192455784583,0.0110577,0.0344151,0.521614,1.29552,1,1,,,0.33052,2.90181,YES,P3-R6 p3_r6_initialization_comparison.csv,固定的、既有 full-SE3 v2 输入云；其 translation deskew 由前序已完成 NDT 位姿提供
Corridor01,registration_counterfactual,R6_0081,W0_0_3.068,PHASE0,3.02562,1517157227.26,ORACLE_RELATIVE,0,1.66853e-15,0.0912585,0.246789,0.0912585,0.246789,-91258500,0.0912585,0.246789,0.269703,1.1705,2,1,,,0.33052,2.90181,YES,P3-R6 p3_r6_initialization_comparison.csv,固定的、既有 full-SE3 v2 输入云；其 translation deskew 由前序已完成 NDT 位姿提供
Corridor01,registration_counterfactual,R6_0081,W0_0_3.068,PHASE0,3.02562,1517157227.26,PERFECT_INCREMENT,0.300123,3.24531,0.300668,3.15938,0.000545,-0.08593,-0.00181592213859,0.00972684,0.239093,0.527871,1.2988,1,1,,,0.33052,2.90181,YES,P3-R6 p3_r6_initialization_comparison.csv,固定的、既有 full-SE3 v2 输入云；其 translation deskew 由前序已完成 NDT 位姿提供
Corridor01,registration_counterfactual,R6_0082,W1_3.068_5.590,PHASE1,3.12648,1517157227.36,ONLINE_BASELINE,0.309373,2.17813,0.304159,2.23174,-0.005214,0.05361,0.0168534422849,0.00772038,0.445061,0.463302,1.30404,1,1,,,0.0135428,0.0816895,YES,P3-R6 p3_r6_initialization_comparison.csv,固定的、既有 full-SE3 v2 输入云；其 translation deskew 由前序已完成 NDT 位姿提供
Corridor01,registration_counterfactual,R6_0082,W1_3.068_5.590,PHASE1,3.12648,1517157227.36,ORACLE_RELATIVE,0,2.29088e-16,0.293297,2.2106,0.293297,2.2106,-293297000,0.293297,2.2106,0.46237,1.30673,6,1,,,0.0135428,0.0816895,YES,P3-R6 p3_r6_initialization_comparison.csv,固定的、既有 full-SE3 v2 输入云；其 translation deskew 由前序已完成 NDT 位姿提供
Corridor01,registration_counterfactual,R6_0082,W1_3.068_5.590,PHASE1,3.12648,1517157227.36,PERFECT_INCREMENT,0.316067,3.14387,0.296635,2.44357,-0.019432,-0.7003,0.0614806354349,0.0206464,0.71654,0.49964,1.29974,1,1,,,0.0135428,0.0816895,YES,P3-R6 p3_r6_initialization_comparison.csv,固定的、既有 full-SE3 v2 输入云；其 translation deskew 由前序已完成 NDT 位姿提供
Corridor01,registration_counterfactual,R6_0083,W1_3.068_5.590,PHASE1,3.22734,1517157227.46,ONLINE_BASELINE,0.305217,2.95667,0.314958,2.99497,0.009741,0.0383,-0.0319149981816,0.0270157,0.465145,0.455189,1.30432,1,1,,,0.350699,2.98355,YES,P3-R6 p3_r6_initialization_comparison.csv,固定的、既有 full-SE3 v2 输入云；其 translation deskew 由前序已完成 NDT 位姿提供
Corridor01,registration_counterfactual,R6_0083,W1_3.068_5.590,PHASE1,3.22734,1517157227.46,ORACLE_RELATIVE,0,1.70982e-17,0.0728674,0.334154,0.0728674,0.334154,-72867400,0.0728674,0.334154,0.260987,1.18576,2,1,,,0.350699,2.98355,YES,P3-R6 p3_r6_initialization_comparison.csv,固定的、既有 full-SE3 v2 输入云；其 translation deskew 由前序已完成 NDT 位姿提供
Corridor01,registration_counterfactual,R6_0083,W1_3.068_5.590,PHASE1,3.22734,1517157227.46,PERFECT_INCREMENT,0.311616,2.23174,0.326899,2.86617,0.015283,0.63443,-0.0490443366194,0.0297534,0.677129,0.432427,1.30506,1,1,,,0.350699,2.98355,YES,P3-R6 p3_r6_initialization_comparison.csv,固定的、既有 full-SE3 v2 输入云；其 translation deskew 由前序已完成 NDT 位姿提供
Corridor01,registration_counterfactual,R6_0084,W1_3.068_5.590,PHASE1,3.3282,1517157227.56,ONLINE_BASELINE,0.327361,5.53195,0.319982,5.32813,-0.007379,-0.20382,0.0225408646723,0.0137927,0.209345,0.47506,1.31709,1,1,,,0.414142,3.79798,YES,P3-R6 p3_r6_initialization_comparison.csv,固定的、既有 full-SE3 v2 输入云；其 translation deskew 由前序已完成 NDT 位姿提供
Corridor01,registration_counterfactual,R6_0084,W1_3.068_5.590,PHASE1,3.3282,1517157227.56,ORACLE_RELATIVE,0,2.02249e-16,0.10658,1.93539,0.10658,1.93539,-106580000,0.10658,1.93539,0.256866,1.13358,2,1,,,0.414142,3.79798,YES,P3-R6 p3_r6_initialization_comparison.csv,固定的、既有 full-SE3 v2 输入云；其 translation deskew 由前序已完成 NDT 位姿提供
Corridor01,registration_counterfactual,R6_0084,W1_3.068_5.590,PHASE1,3.3282,1517157227.56,PERFECT_INCREMENT,0.324744,2.99498,0.319484,5.02903,-0.00526,2.03405,0.0161973739315,0.0211393,2.16471,0.428841,1.31375,5,1,,,0.414142,3.79798,YES,P3-R6 p3_r6_initialization_comparison.csv,固定的、既有 full-SE3 v2 输入云；其 translation deskew 由前序已完成 NDT 位姿提供
Corridor01,registration_counterfactual,R6_0085,W1_3.068_5.590,PHASE1,3.42906,1517157227.66,ONLINE_BASELINE,0.335269,3.51397,0.335243,3.2518,-2.6e-05,-0.26217,7.75496690716e-05,0.0178618,0.311272,0.510532,1.28594,1,1,,,0.365913,3.12843,YES,P3-R6 p3_r6_initialization_comparison.csv,固定的、既有 full-SE3 v2 输入云；其 translation deskew 由前序已完成 NDT 位姿提供
Corridor01,registration_counterfactual,R6_0085,W1_3.068_5.590,PHASE1,3.42906,1517157227.66,ORACLE_RELATIVE,0,1.5931e-15,0.0846106,0.330013,0.0846106,0.330013,-84610600,0.0846106,0.330013,0.295924,1.13753,2,1,,,0.365913,3.12843,YES,P3-R6 p3_r6_initialization_comparison.csv,固定的、既有 full-SE3 v2 输入云；其 translation deskew 由前序已完成 NDT 位姿提供
Corridor01,registration_counterfactual,R6_0085,W1_3.068_5.590,PHASE1,3.42906,1517157227.66,PERFECT_INCREMENT,0.33698,5.32811,0.32786,3.11586,-0.00912,-2.21225,0.0270639207075,0.0174295,2.64821,0.481906,1.28318,3,1,,,0.365913,3.12843,YES,P3-R6 p3_r6_initialization_comparison.csv,固定的、既有 full-SE3 v2 输入云；其 translation deskew 由前序已完成 NDT 位姿提供
Corridor01,registration_counterfactual,R6_0086,W1_3.068_5.590,PHASE1,3.52992,1517157227.76,ONLINE_BASELINE,0.376895,3.4919,0.371642,3.2519,-0.005253,-0.24,0.0139375688189,0.0108124,0.479611,0.373057,1.29237,1,1,,,0.416204,3.08629,YES,P3-R6 p3_r6_initialization_comparison.csv,固定的、既有 full-SE3 v2 输入云；其 translation deskew 由前序已完成 NDT 位姿提供
Corridor01,registration_counterfactual,R6_0086,W1_3.068_5.590,PHASE1,3.52992,1517157227.76,ORACLE_RELATIVE,0,8.9038e-16,0.085618,0.671305,0.085618,0.671305,-85618000,0.085618,0.671305,0.252015,1.14154,2,1,,,0.416204,3.08629,YES,P3-R6 p3_r6_initialization_comparison.csv,固定的、既有 full-SE3 v2 输入云；其 translation deskew 由前序已完成 NDT 位姿提供
Corridor01,registration_counterfactual,R6_0086,W1_3.068_5.590,PHASE1,3.52992,1517157227.76,PERFECT_INCREMENT,0.34675,3.25181,0.363481,3.1968,0.016731,-0.05501,-0.0482509012257,0.0194348,0.265207,0.367599,1.29287,1,1,,,0.416204,3.08629,YES,P3-R6 p3_r6_initialization_comparison.csv,固定的、既有 full-SE3 v2 输入云；其 translation deskew 由前序已完成 NDT 位姿提供
Corridor01,registration_counterfactual,R6_0087,W1_3.068_5.590,PHASE1,3.63078,1517157227.86,ONLINE_BASELINE,0.392837,3.11591,0.365071,3.07819,-0.027766,-0.03772,0.0706807149021,0.0283431,0.0795973,0.622618,1.28648,1,1,,,0.407466,2.83419,YES,P3-R6 p3_r6_initialization_comparison.csv,固定的、既有 full-SE3 v2 输入云；其 translation deskew 由前序已完成 NDT 位姿提供
Corridor01,registration_counterfactual,R6_0087,W1_3.068_5.590,PHASE1,3.63078,1517157227.86,ORACLE_RELATIVE,0,4.34841e-17,0.0924898,0.323526,0.0924898,0.323526,-92489800,0.0924898,0.323526,0.35745,1.13971,2,1,,,0.407466,2.83419,YES,P3-R6 p3_r6_initialization_comparison.csv,固定的、既有 full-SE3 v2 输入云；其 translation deskew 由前序已完成 NDT 位姿提供
Corridor01,registration_counterfactual,R6_0087,W1_3.068_5.590,PHASE1,3.63078,1517157227.86,PERFECT_INCREMENT,0.383189,3.2519,0.358104,3.11363,-0.025085,-0.13827,0.0654637789707,0.0260133,0.148568,0.631042,1.28798,1,1,,,0.407466,2.83419,YES,P3-R6 p3_r6_initialization_comparison.csv,固定的、既有 full-SE3 v2 输入云；其 translation deskew 由前序已完成 NDT 位姿提供
Corridor01,registration_counterfactual,R6_0088,W1_3.068_5.590,PHASE1,3.73164,1517157227.96,ONLINE_BASELINE,0.384039,3.50394,0.385251,3.4486,0.001212,-0.05534,-0.00315592947591,0.0116742,0.369846,0.373394,1.31435,1,1,,,0.421862,3.01999,YES,P3-R6 p3_r6_initialization_comparison.csv,固定的、既有 full-SE3 v2 输入云；其 translation deskew 由前序已完成 NDT 位姿提供
Corridor01,registration_counterfactual,R6_0088,W1_3.068_5.590,PHASE1,3.73164,1517157227.96,ORACLE_RELATIVE,0,4.03016e-16,0.120397,1.00899,0.120397,1.00899,-120397000,0.120397,1.00899,0.254456,1.13184,3,1,,,0.421862,3.01999,YES,P3-R6 p3_r6_initialization_comparison.csv,固定的、既有 full-SE3 v2 输入云；其 translation deskew 由前序已完成 NDT 位姿提供
Corridor01,registration_counterfactual,R6_0088,W1_3.068_5.590,PHASE1,3.73164,1517157227.96,PERFECT_INCREMENT,0.375119,3.2197,0.382883,3.3695,0.007764,0.1498,-0.0206974320149,0.010882,0.519331,0.363328,1.31394,1,1,,,0.421862,3.01999,YES,P3-R6 p3_r6_initialization_comparison.csv,固定的、既有 full-SE3 v2 输入云；其 translation deskew 由前序已完成 NDT 位姿提供
Corridor01,registration_counterfactual,R6_0089,W1_3.068_5.590,PHASE1,3.83243,1517157228.06,ONLINE_BASELINE,0.391596,3.03709,0.37435,3.11887,-0.017246,0.08178,0.0440402864176,0.018529,0.124262,0.408882,1.27469,1,1,,,0.33923,2.34598,YES,P3-R6 p3_r6_initialization_comparison.csv,固定的、既有 full-SE3 v2 输入云；其 translation deskew 由前序已完成 NDT 位姿提供
Corridor01,registration_counterfactual,R6_0089,W1_3.068_5.590,PHASE1,3.83243,1517157228.06,ORACLE_RELATIVE,0,1.59134e-15,0.0840861,1.04863,0.0840861,1.04863,-84086100,0.0840861,1.04863,0.31841,1.13982,3,1,,,0.33923,2.34598,YES,P3-R6 p3_r6_initialization_comparison.csv,固定的、既有 full-SE3 v2 输入云；其 translation deskew 由前序已完成 NDT 位姿提供
Corridor01,registration_counterfactual,R6_0089,W1_3.068_5.590,PHASE1,3.83243,1517157228.06,PERFECT_INCREMENT,0.395858,3.4486,0.375605,3.23705,-0.020253,-0.21155,0.051162285466,0.0207965,0.269238,0.426981,1.27102,1,1,,,0.33923,2.34598,YES,P3-R6 p3_r6_initialization_comparison.csv,固定的、既有 full-SE3 v2 输入云；其 translation deskew 由前序已完成 NDT 位姿提供
Corridor01,registration_counterfactual,R6_0090,W1_3.068_5.590,PHASE1,3.9333,1517157228.16,ONLINE_BASELINE,0.357696,2.017,0.374242,2.16209,0.016546,0.14509,-0.0462571569154,0.0170097,0.390975,0.338203,1.28632,1,1,,,0.0272609,0.449565,YES,P3-R6 p3_r6_initialization_comparison.csv,固定的、既有 full-SE3 v2 输入云；其 translation deskew 由前序已完成 NDT 位姿提供
Corridor01,registration_counterfactual,R6_0090,W1_3.068_5.590,PHASE1,3.9333,1517157228.16,ORACLE_RELATIVE,0,2.04903e-16,0.369391,2.45436,0.369391,2.45436,-369391000,0.369391,2.45436,0.338791,1.28981,6,1,,,0.0272609,0.449565,YES,P3-R6 p3_r6_initialization_comparison.csv,固定的、既有 full-SE3 v2 输入云；其 translation deskew 由前序已完成 NDT 位姿提供
Corridor01,registration_counterfactual,R6_0090,W1_3.068_5.590,PHASE1,3.9333,1517157228.16,PERFECT_INCREMENT,0.382851,3.42295,0.36319,2.43084,-0.019661,-0.99211,0.0513541821753,0.0211299,2.04023,0.332816,1.28601,1,1,,,0.0272609,0.449565,YES,P3-R6 p3_r6_initialization_comparison.csv,固定的、既有 full-SE3 v2 输入云；其 translation deskew 由前序已完成 NDT 位姿提供
Corridor01,registration_counterfactual,R6_0091,W1_3.068_5.590,PHASE1,4.03415,1517157228.27,ONLINE_BASELINE,0.362644,3.27284,0.369438,3.48617,0.006794,0.21333,-0.0187346267965,0.00741574,0.218963,0.403526,1.23911,1,1,,,0.397529,3.26287,YES,P3-R6 p3_r6_initialization_comparison.csv,固定的、既有 full-SE3 v2 输入云；其 translation deskew 由前序已完成 NDT 位姿提供
Corridor01,registration_counterfactual,R6_0091,W1_3.068_5.590,PHASE1,4.03415,1517157228.27,ORACLE_RELATIVE,0,9.10946e-16,0.0626194,0.633285,0.0626194,0.633285,-62619400,0.0626194,0.633285,0.248106,1.08543,2,1,,,0.397529,3.26287,YES,P3-R6 p3_r6_initialization_comparison.csv,固定的、既有 full-SE3 v2 输入云；其 translation deskew 由前序已完成 NDT 位姿提供
Corridor01,registration_counterfactual,R6_0091,W1_3.068_5.590,PHASE1,4.03415,1517157228.27,PERFECT_INCREMENT,0.378893,2.16209,0.394124,3.15555,0.015231,0.99346,-0.0401986840612,0.0283968,1.35145,0.382895,1.23735,2,1,,,0.397529,3.26287,YES,P3-R6 p3_r6_initialization_comparison.csv,固定的、既有 full-SE3 v2 输入云；其 translation deskew 由前序已完成 NDT 位姿提供
Corridor01,registration_counterfactual,R6_0092,W1_3.068_5.590,PHASE1,4.13502,1517157228.37,ONLINE_BASELINE,0.358211,3.09739,0.403228,3.15673,0.045017,0.05934,-0.125671740957,0.0507106,0.0771123,0.418534,1.22471,2,1,,,0.429141,3.32615,YES,P3-R6 p3_r6_initialization_comparison.csv,固定的、既有 full-SE3 v2 输入云；其 translation deskew 由前序已完成 NDT 位姿提供
Corridor01,registration_counterfactual,R6_0092,W1_3.068_5.590,PHASE1,4.13502,1517157228.37,ORACLE_RELATIVE,0,2.16164e-15,0.0614519,0.362638,0.0614519,0.362638,-61451900,0.0614519,0.362638,0.273406,1.0695,2,1,,,0.429141,3.32615,YES,P3-R6 p3_r6_initialization_comparison.csv,固定的、既有 full-SE3 v2 输入云；其 translation deskew 由前序已完成 NDT 位姿提供
Corridor01,registration_counterfactual,R6_0092,W1_3.068_5.590,PHASE1,4.13502,1517157228.37,PERFECT_INCREMENT,0.377901,3.48616,0.395218,3.30746,0.017317,-0.1787,-0.0458241708807,0.0207659,0.212935,0.428406,1.22531,1,1,,,0.429141,3.32615,YES,P3-R6 p3_r6_initialization_comparison.csv,固定的、既有 full-SE3 v2 输入云；其 translation deskew 由前序已完成 NDT 位姿提供
Corridor01,registration_counterfactual,R6_0093,W1_3.068_5.590,PHASE1,4.23587,1517157228.47,ONLINE_BASELINE,0.437304,3.51046,0.409711,3.33038,-0.027593,-0.18008,0.0630979821817,0.029447,0.395473,0.375081,1.19946,1,1,,,0.487036,3.35191,YES,P3-R6 p3_r6_initialization_comparison.csv,固定的、既有 full-SE3 v2 输入云；其 translation deskew 由前序已完成 NDT 位姿提供
Corridor01,registration_counterfactual,R6_0093,W1_3.068_5.590,PHASE1,4.23587,1517157228.47,ORACLE_RELATIVE,0,6.69055e-17,0.0859584,0.80836,0.0859584,0.80836,-85958400,0.0859584,0.80836,0.237941,1.05799,2,1,,,0.487036,3.35191,YES,P3-R6 p3_r6_initialization_comparison.csv,固定的、既有 full-SE3 v2 输入云；其 translation deskew 由前序已完成 NDT 位姿提供
Corridor01,registration_counterfactual,R6_0093,W1_3.068_5.590,PHASE1,4.23587,1517157228.47,PERFECT_INCREMENT,0.411177,3.15674,0.404812,3.23812,-0.006365,0.08138,0.0154799514564,0.00895617,0.169889,0.364212,1.19886,1,1,,,0.487036,3.35191,YES,P3-R6 p3_r6_initialization_comparison.csv,固定的、既有 full-SE3 v2 输入云；其 translation deskew 由前序已完成 NDT 位姿提供
Corridor01,registration_counterfactual,R6_0094,W1_3.068_5.590,PHASE1,4.33674,1517157228.57,ONLINE_BASELINE,0.408952,2.63103,0.401687,2.80004,-0.007265,0.16901,0.0177649210665,0.0115698,0.275968,0.423534,1.18984,1,1,,,0.394168,2.57126,YES,P3-R6 p3_r6_initialization_comparison.csv,固定的、既有 full-SE3 v2 输入云；其 translation deskew 由前序已完成 NDT 位姿提供
Corridor01,registration_counterfactual,R6_0094,W1_3.068_5.590,PHASE1,4.33674,1517157228.57,ORACLE_RELATIVE,0,1.80846e-15,0.0264211,0.591446,0.0264211,0.591446,-26421100,0.0264211,0.591446,0.243038,1.07052,1,1,,,0.394168,2.57126,YES,P3-R6 p3_r6_initialization_comparison.csv,固定的、既有 full-SE3 v2 输入云；其 translation deskew 由前序已完成 NDT 位姿提供
Corridor01,registration_counterfactual,R6_0094,W1_3.068_5.590,PHASE1,4.33674,1517157228.57,PERFECT_INCREMENT,0.418992,3.33039,0.397897,2.99681,-0.021095,-0.33358,0.0503470233322,0.0241058,0.469229,0.46689,1.1831,1,1,,,0.394168,2.57126,YES,P3-R6 p3_r6_initialization_comparison.csv,固定的、既有 full-SE3 v2 输入云；其 translation deskew 由前序已完成 NDT 位姿提供
Corridor01,registration_counterfactual,R6_0095,W1_3.068_5.590,PHASE1,4.4376,1517157228.67,ONLINE_BASELINE,0.39517,3.24301,0.400554,3.361,0.005384,0.11799,-0.0136245160311,0.0235537,0.184291,0.507029,1.1848,1,1,,,0.463675,3.31048,YES,P3-R6 p3_r6_initialization_comparison.csv,固定的、既有 full-SE3 v2 输入云；其 translation deskew 由前序已完成 NDT 位姿提供
Corridor01,registration_counterfactual,R6_0095,W1_3.068_5.590,PHASE1,4.4376,1517157228.67,ORACLE_RELATIVE,0,1.61634e-16,0.0759234,0.458909,0.0759234,0.458909,-75923400,0.0759234,0.458909,0.268193,1.06351,2,1,,,0.463675,3.31048,YES,P3-R6 p3_r6_initialization_comparison.csv,固定的、既有 full-SE3 v2 输入云；其 translation deskew 由前序已完成 NDT 位姿提供
Corridor01,registration_counterfactual,R6_0095,W1_3.068_5.590,PHASE1,4.4376,1517157228.67,PERFECT_INCREMENT,0.409019,2.80004,0.412187,3.1104,0.003168,0.31036,-0.00774536146243,0.0216758,0.73653,0.468526,1.18067,1,1,,,0.463675,3.31048,YES,P3-R6 p3_r6_initialization_comparison.csv,固定的、既有 full-SE3 v2 输入云；其 translation deskew 由前序已完成 NDT 位姿提供
Corridor01,registration_counterfactual,R6_0096,W1_3.068_5.590,PHASE1,4.53846,1517157228.77,ONLINE_BASELINE,0.376254,2.31212,0.39676,2.39106,0.020506,0.07894,-0.0545004172713,0.0275296,0.181383,0.341256,1.16235,1,1,,,0.339407,1.97669,YES,P3-R6 p3_r6_initialization_comparison.csv,固定的、既有 full-SE3 v2 输入云；其 translation deskew 由前序已完成 NDT 位姿提供
Corridor01,registration_counterfactual,R6_0096,W1_3.068_5.590,PHASE1,4.53846,1517157228.77,ORACLE_RELATIVE,0,1.10964e-16,0.0724445,1.42699,0.0724445,1.42699,-72444500,0.0724445,1.42699,0.24354,1.0383,2,1,,,0.339407,1.97669,YES,P3-R6 p3_r6_initialization_comparison.csv,固定的、既有 full-SE3 v2 输入云；其 translation deskew 由前序已完成 NDT 位姿提供
Corridor01,registration_counterfactual,R6_0096,W1_3.068_5.590,PHASE1,4.53846,1517157228.77,PERFECT_INCREMENT,0.409871,3.361,0.401503,2.37492,-0.008368,-0.98608,0.0204161797248,0.0235501,1.03482,0.364767,1.16253,1,1,,,0.339407,1.97669,YES,P3-R6 p3_r6_initialization_comparison.csv,固定的、既有 full-SE3 v2 输入云；其 translation deskew 由前序已完成 NDT 位姿提供
Corridor01,registration_counterfactual,R6_0097,W1_3.068_5.590,PHASE1,4.63932,1517157228.87,ONLINE_BASELINE,0.402087,3.4765,0.420178,3.42257,0.018091,-0.05393,-0.0449927503252,0.0312191,0.0662201,0.333855,1.21625,1,1,,,0.501557,3.30614,YES,P3-R6 p3_r6_initialization_comparison.csv,固定的、既有 full-SE3 v2 输入云；其 translation deskew 由前序已完成 NDT 位姿提供
Corridor01,registration_counterfactual,R6_0097,W1_3.068_5.590,PHASE1,4.63932,1517157228.87,ORACLE_RELATIVE,0,0,0.096374,1.38037,0.096374,1.38037,-96374000,0.096374,1.38037,0.236543,1.0424,2,1,,,0.501557,3.30614,YES,P3-R6 p3_r6_initialization_comparison.csv,固定的、既有 full-SE3 v2 输入云；其 translation deskew 由前序已完成 NDT 位姿提供
Corridor01,registration_counterfactual,R6_0097,W1_3.068_5.590,PHASE1,4.63932,1517157228.87,PERFECT_INCREMENT,0.402671,2.39105,0.451351,3.0708,0.04868,0.67975,-0.120892738737,0.0541465,1.36077,0.306664,1.21125,2,1,,,0.501557,3.30614,YES,P3-R6 p3_r6_initialization_comparison.csv,固定的、既有 full-SE3 v2 输入云；其 translation deskew 由前序已完成 NDT 位姿提供
Corridor01,registration_counterfactual,R6_0098,W1_3.068_5.590,PHASE1,4.74018,1517157228.97,ONLINE_BASELINE,0.429206,4.85304,0.44501,5.05998,0.015804,0.20694,-0.0368214796624,0.0230335,0.272004,0.352407,1.22123,1,1,,,0.582079,3.87575,YES,P3-R6 p3_r6_initialization_comparison.csv,固定的、既有 full-SE3 v2 输入云；其 translation deskew 由前序已完成 NDT 位姿提供
Corridor01,registration_counterfactual,R6_0098,W1_3.068_5.590,PHASE1,4.74018,1517157228.97,ORACLE_RELATIVE,0,7.76503e-19,0.164039,1.5929,0.164039,1.5929,-164039000,0.164039,1.5929,0.27472,1.03657,3,1,,,0.582079,3.87575,YES,P3-R6 p3_r6_initialization_comparison.csv,固定的、既有 full-SE3 v2 输入云；其 translation deskew 由前序已完成 NDT 位姿提供
Corridor01,registration_counterfactual,R6_0098,W1_3.068_5.590,PHASE1,4.74018,1517157228.97,PERFECT_INCREMENT,0.427454,2.78211,0.450825,5.04156,0.023371,2.25945,-0.0546748889939,0.0279364,2.97048,0.350452,1.21616,5,1,,,0.582079,3.87575,YES,P3-R6 p3_r6_initialization_comparison.csv,固定的、既有 full-SE3 v2 输入云；其 translation deskew 由前序已完成 NDT 位姿提供
Corridor01,registration_counterfactual,R6_0099,W1_3.068_5.590,PHASE1,4.84097,1517157229.07,ONLINE_BASELINE,0.483555,2.12999,0.417368,3.32221,-0.066187,1.19222,0.136875846594,0.0662284,1.2977,0.32151,1.19637,2,1,,,0.546728,3.39268,YES,P3-R6 p3_r6_initialization_comparison.csv,固定的、既有 full-SE3 v2 输入云；其 translation deskew 由前序已完成 NDT 位姿提供
Corridor01,registration_counterfactual,R6_0099,W1_3.068_5.590,PHASE1,4.84097,1517157229.07,ORACLE_RELATIVE,0,3.97618e-16,0.164612,2.33177,0.164612,2.33177,-164612000,0.164612,2.33177,0.240393,1.00274,3,1,,,0.546728,3.39268,YES,P3-R6 p3_r6_initialization_comparison.csv,固定的、既有 full-SE3 v2 输入云；其 translation deskew 由前序已完成 NDT 位姿提供
Corridor01,registration_counterfactual,R6_0099,W1_3.068_5.590,PHASE1,4.84097,1517157229.07,PERFECT_INCREMENT,0.455147,3.51179,0.426196,3.41816,-0.028951,-0.09363,0.0636080211448,0.0301833,0.776931,0.351282,1.19388,1,1,,,0.546728,3.39268,YES,P3-R6 p3_r6_initialization_comparison.csv,固定的、既有 full-SE3 v2 输入云；其 translation deskew 由前序已完成 NDT 位姿提供
Corridor01,registration_counterfactual,R6_0100,W1_3.068_5.590,PHASE1,4.94183,1517157229.17,ONLINE_BASELINE,0.413893,3.21159,0.451157,3.529,0.037264,0.31741,-0.0900329312165,0.0535831,0.492551,0.340704,1.21202,2,1,,,0.539208,3.23129,YES,P3-R6 p3_r6_initialization_comparison.csv,固定的、既有 full-SE3 v2 输入云；其 translation deskew 由前序已完成 NDT 位姿提供
Corridor01,registration_counterfactual,R6_0100,W1_3.068_5.590,PHASE1,4.94183,1517157229.17,ORACLE_RELATIVE,0,1.60034e-15,0.121301,2.5696,0.121301,2.5696,-121301000,0.121301,2.5696,0.254584,1.00194,3,1,,,0.539208,3.23129,YES,P3-R6 p3_r6_initialization_comparison.csv,固定的、既有 full-SE3 v2 输入云；其 translation deskew 由前序已完成 NDT 位姿提供
Corridor01,registration_counterfactual,R6_0100,W1_3.068_5.590,PHASE1,4.94183,1517157229.17,PERFECT_INCREMENT,0.426989,3.32221,0.442906,3.4004,0.015917,0.07819,-0.0372773069095,0.0232054,0.747547,0.356871,1.20784,1,1,,,0.539208,3.23129,YES,P3-R6 p3_r6_initialization_comparison.csv,固定的、既有 full-SE3 v2 输入云；其 translation deskew 由前序已完成 NDT 位姿提供
Corridor01,registration_counterfactual,R6_0101,W1_3.068_5.590,PHASE1,5.04269,1517157229.27,ONLINE_BASELINE,0.480328,3.5933,0.451886,3.48366,-0.028442,-0.10964,0.059213703969,0.030547,0.360028,0.331543,1.17151,1,1,,,0.571003,3.10514,YES,P3-R6 p3_r6_initialization_comparison.csv,固定的、既有 full-SE3 v2 输入云；其 translation deskew 由前序已完成 NDT 位姿提供
Corridor01,registration_counterfactual,R6_0101,W1_3.068_5.590,PHASE1,5.04269,1517157229.27,ORACLE_RELATIVE,0,6.11468e-17,0.139164,2.23798,0.139164,2.23798,-139164000,0.139164,2.23798,0.270679,0.963716,3,1,,,0.571003,3.10514,YES,P3-R6 p3_r6_initialization_comparison.csv,固定的、既有 full-SE3 v2 输入云；其 translation deskew 由前序已完成 NDT 位姿提供
Corridor01,registration_counterfactual,R6_0101,W1_3.068_5.590,PHASE1,5.04269,1517157229.27,PERFECT_INCREMENT,0.459774,3.529,0.442136,3.53977,-0.017638,0.01077,0.0383623258383,0.0190569,0.541654,0.323438,1.16828,1,1,,,0.571003,3.10514,YES,P3-R6 p3_r6_initialization_comparison.csv,固定的、既有 full-SE3 v2 输入云；其 translation deskew 由前序已完成 NDT 位姿提供
Corridor01,registration_counterfactual,R6_0102,W1_3.068_5.590,PHASE1,5.14355,1517157229.38,ONLINE_BASELINE,0.450469,2.94264,0.464155,2.86932,0.013686,-0.07332,-0.0303816688829,0.0169946,0.216683,0.342255,1.20208,1,1,,,0.553156,3.15837,YES,P3-R6 p3_r6_initialization_comparison.csv,固定的、既有 full-SE3 v2 输入云；其 translation deskew 由前序已完成 NDT 位姿提供
Corridor01,registration_counterfactual,R6_0102,W1_3.068_5.590,PHASE1,5.14355,1517157229.38,ORACLE_RELATIVE,0,2.97934e-16,0.104667,0.76795,0.104667,0.76795,-104667000,0.104667,0.76795,0.267827,0.953916,2,1,,,0.553156,3.15837,YES,P3-R6 p3_r6_initialization_comparison.csv,固定的、既有 full-SE3 v2 输入云；其 translation deskew 由前序已完成 NDT 位姿提供
Corridor01,registration_counterfactual,R6_0102,W1_3.068_5.590,PHASE1,5.14355,1517157229.38,PERFECT_INCREMENT,0.460681,3.48364,0.463742,3.01028,0.003061,-0.47336,-0.0066445110608,0.00693731,0.495907,0.360634,1.19948,1,1,,,0.553156,3.15837,YES,P3-R6 p3_r6_initialization_comparison.csv,固定的、既有 full-SE3 v2 输入云；其 translation deskew 由前序已完成 NDT 位姿提供
Corridor01,registration_counterfactual,R6_0103,W1_3.068_5.590,PHASE1,5.24441,1517157229.48,ONLINE_BASELINE,0.474848,3.35573,0.485613,3.16033,0.010765,-0.1954,-0.0226704124267,0.0267466,0.233101,0.354583,1.20277,1,1,,,0.61338,3.08989,YES,P3-R6 p3_r6_initialization_comparison.csv,固定的、既有 full-SE3 v2 输入云；其 translation deskew 由前序已完成 NDT 位姿提供
Corridor01,registration_counterfactual,R6_0103,W1_3.068_5.590,PHASE1,5.24441,1517157229.48,ORACLE_RELATIVE,0,1.56686e-16,0.131969,1.72469,0.131969,1.72469,-131969000,0.131969,1.72469,0.280051,0.929197,3,1,,,0.61338,3.08989,YES,P3-R6 p3_r6_initialization_comparison.csv,固定的、既有 full-SE3 v2 输入云；其 translation deskew 由前序已完成 NDT 位姿提供
Corridor01,registration_counterfactual,R6_0103,W1_3.068_5.590,PHASE1,5.24441,1517157229.48,PERFECT_INCREMENT,0.471519,2.86931,0.509933,2.89032,0.038414,0.02101,-0.0814686152626,0.0614634,0.301237,0.330939,1.20682,2,1,,,0.61338,3.08989,YES,P3-R6 p3_r6_initialization_comparison.csv,固定的、既有 full-SE3 v2 输入云；其 translation deskew 由前序已完成 NDT 位姿提供
Corridor01,registration_counterfactual,R6_0104,W1_3.068_5.590,PHASE1,5.34527,1517157229.58,ONLINE_BASELINE,0.515739,3.17808,0.514014,2.90504,-0.001725,-0.27304,0.00334471505936,0.0209809,0.60843,0.352782,1.20719,1,1,,,0.617985,2.79936,YES,P3-R6 p3_r6_initialization_comparison.csv,固定的、既有 full-SE3 v2 输入云；其 translation deskew 由前序已完成 NDT 位姿提供
Corridor01,registration_counterfactual,R6_0104,W1_3.068_5.590,PHASE1,5.34527,1517157229.58,ORACLE_RELATIVE,0,1.01431e-16,0.12787,1.39951,0.12787,1.39951,-127870000,0.12787,1.39951,0.284669,0.937197,3,1,,,0.617985,2.79936,YES,P3-R6 p3_r6_initialization_comparison.csv,固定的、既有 full-SE3 v2 输入云；其 translation deskew 由前序已完成 NDT 位姿提供
Corridor01,registration_counterfactual,R6_0104,W1_3.068_5.590,PHASE1,5.34527,1517157229.58,PERFECT_INCREMENT,0.495318,3.16034,0.505152,2.94808,0.009834,-0.21226,-0.0198539120323,0.0185187,0.495726,0.359258,1.20633,1,1,,,0.617985,2.79936,YES,P3-R6 p3_r6_initialization_comparison.csv,固定的、既有 full-SE3 v2 输入云；其 translation deskew 由前序已完成 NDT 位姿提供
Corridor01,registration_counterfactual,R6_0105,W1_3.068_5.590,PHASE1,5.44613,1517157229.68,ONLINE_BASELINE,0.542647,2.83215,0.528497,2.70988,-0.01415,-0.12227,0.0260758835855,0.020399,0.682579,0.347309,1.20574,1,1,,,0.606595,2.7977,YES,P3-R6 p3_r6_initialization_comparison.csv,固定的、既有 full-SE3 v2 输入云；其 translation deskew 由前序已完成 NDT 位姿提供
Corridor01,registration_counterfactual,R6_0105,W1_3.068_5.590,PHASE1,5.44613,1517157229.68,ORACLE_RELATIVE,0,1.74713e-17,0.0942979,1.5092,0.0942979,1.5092,-94297900,0.0942979,1.5092,0.291236,0.916663,2,1,,,0.606595,2.7977,YES,P3-R6 p3_r6_initialization_comparison.csv,固定的、既有 full-SE3 v2 输入云；其 translation deskew 由前序已完成 NDT 位姿提供
Corridor01,registration_counterfactual,R6_0105,W1_3.068_5.590,PHASE1,5.44613,1517157229.68,PERFECT_INCREMENT,0.523313,2.90504,0.516806,2.79028,-0.006507,-0.11476,0.0124342410756,0.013887,0.410165,0.357155,1.20537,1,1,,,0.606595,2.7977,YES,P3-R6 p3_r6_initialization_comparison.csv,固定的、既有 full-SE3 v2 输入云；其 translation deskew 由前序已完成 NDT 位姿提供
Corridor01,registration_counterfactual,R6_0106,W1_3.068_5.590,PHASE1,5.54699,1517157229.78,ONLINE_BASELINE,0.536192,2.72797,0.538212,2.71864,0.00202,-0.00933,-0.00376730723323,0.00875989,0.127102,0.399217,1.21586,1,1,,,0.621507,2.99193,YES,P3-R6 p3_r6_initialization_comparison.csv,固定的、既有 full-SE3 v2 输入云；其 translation deskew 由前序已完成 NDT 位姿提供
Corridor01,registration_counterfactual,R6_0106,W1_3.068_5.590,PHASE1,5.54699,1517157229.78,ORACLE_RELATIVE,0,7.00791e-17,0.091678,1.45478,0.091678,1.45478,-91678000,0.091678,1.45478,0.299278,0.903933,2,1,,,0.621507,2.99193,YES,P3-R6 p3_r6_initialization_comparison.csv,固定的、既有 full-SE3 v2 输入云；其 translation deskew 由前序已完成 NDT 位姿提供
Corridor01,registration_counterfactual,R6_0106,W1_3.068_5.590,PHASE1,5.54699,1517157229.78,PERFECT_INCREMENT,0.534691,2.70987,0.537981,2.7134,0.00329,0.00353,-0.00615308654905,0.00795331,0.135501,0.396194,1.21592,1,1,,,0.621507,2.99193,YES,P3-R6 p3_r6_initialization_comparison.csv,固定的、既有 full-SE3 v2 输入云；其 translation deskew 由前序已完成 NDT 位姿提供
Corridor01,registration_counterfactual,R6_0107,W2_5.590_6.5,PHASE1,5.64785,1517157229.88,ONLINE_BASELINE,0.551323,2.7973,0.548981,2.7539,-0.002342,-0.0434,0.00424796353499,0.0141789,0.0775596,0.33375,1.25035,1,1,,,0.617616,2.83202,YES,P3-R6 p3_r6_initialization_comparison.csv,固定的、既有 full-SE3 v2 输入云；其 translation deskew 由前序已完成 NDT 位姿提供
Corridor01,registration_counterfactual,R6_0107,W2_5.590_6.5,PHASE1,5.64785,1517157229.88,ORACLE_RELATIVE,0,2.2171e-16,0.0733573,1.18092,0.0733573,1.18092,-73357300,0.0733573,1.18092,0.265496,0.930633,2,1,,,0.617616,2.83202,YES,P3-R6 p3_r6_initialization_comparison.csv,固定的、既有 full-SE3 v2 输入云；其 translation deskew 由前序已完成 NDT 位姿提供
Corridor01,registration_counterfactual,R6_0107,W2_5.590_6.5,PHASE1,5.64785,1517157229.88,PERFECT_INCREMENT,0.544391,2.71862,0.544596,2.74494,0.000205,0.02632,-0.000376567577348,0.0145437,0.126792,0.330667,1.24644,1,1,,,0.617616,2.83202,YES,P3-R6 p3_r6_initialization_comparison.csv,固定的、既有 full-SE3 v2 输入云；其 translation deskew 由前序已完成 NDT 位姿提供
Corridor01,registration_counterfactual,R6_0108,W2_5.590_6.5,PHASE1,5.74871,1517157229.98,ONLINE_BASELINE,0.553039,2.79849,0.554225,2.83207,0.001186,0.03358,-0.00214451422052,0.0129928,0.293832,0.408233,1.26399,1,1,,,0.595864,2.78482,YES,P3-R6 p3_r6_initialization_comparison.csv,固定的、既有 full-SE3 v2 输入云；其 translation deskew 由前序已完成 NDT 位姿提供
Corridor01,registration_counterfactual,R6_0108,W2_5.590_6.5,PHASE1,5.74871,1517157229.98,ORACLE_RELATIVE,0,3.99952e-16,0.0504443,1.31101,0.0504443,1.31101,-50444300,0.0504443,1.31101,0.307341,0.945014,2,1,,,0.595864,2.78482,YES,P3-R6 p3_r6_initialization_comparison.csv,固定的、既有 full-SE3 v2 输入云；其 translation deskew 由前序已完成 NDT 位姿提供
Corridor01,registration_counterfactual,R6_0108,W2_5.590_6.5,PHASE1,5.74871,1517157229.98,PERFECT_INCREMENT,0.558442,2.7539,0.558461,2.77157,1.9e-05,0.01767,-3.40232289118e-05,0.00978321,0.330127,0.404323,1.26475,1,1,,,0.595864,2.78482,YES,P3-R6 p3_r6_initialization_comparison.csv,固定的、既有 full-SE3 v2 输入云；其 translation deskew 由前序已完成 NDT 位姿提供
Corridor01,registration_counterfactual,R6_0109,W2_5.590_6.5,PHASE1,5.84951,1517157230.08,ONLINE_BASELINE,0.560032,2.85721,0.570642,2.77774,0.01061,-0.07947,-0.0189453459802,0.0184963,0.173473,0.297347,1.26042,1,1,,,0.637097,2.84315,YES,P3-R6 p3_r6_initialization_comparison.csv,固定的、既有 full-SE3 v2 输入云；其 translation deskew 由前序已完成 NDT 位姿提供
Corridor01,registration_counterfactual,R6_0109,W2_5.590_6.5,PHASE1,5.84951,1517157230.08,ORACLE_RELATIVE,0,1.16702e-16,0.0782684,1.08756,0.0782684,1.08756,-78268400,0.0782684,1.08756,0.282785,0.910198,2,1,,,0.637097,2.84315,YES,P3-R6 p3_r6_initialization_comparison.csv,固定的、既有 full-SE3 v2 输入云；其 translation deskew 由前序已完成 NDT 位姿提供
Corridor01,registration_counterfactual,R6_0109,W2_5.590_6.5,PHASE1,5.84951,1517157230.08,PERFECT_INCREMENT,0.56363,2.83207,0.573068,2.76143,0.009438,-0.07064,-0.0167450277664,0.012314,0.159508,0.297173,1.259,1,1,,,0.637097,2.84315,YES,P3-R6 p3_r6_initialization_comparison.csv,固定的、既有 full-SE3 v2 输入云；其 translation deskew 由前序已完成 NDT 位姿提供
Corridor01,registration_counterfactual,R6_0110,W2_5.590_6.5,PHASE1,5.95037,1517157230.18,ONLINE_BASELINE,0.593568,2.7485,0.586259,2.70947,-0.007309,-0.03903,0.0123136692005,0.020672,0.0501019,0.315632,1.25746,1,1,,,0.628098,2.72131,YES,P3-R6 p3_r6_initialization_comparison.csv,固定的、既有 full-SE3 v2 输入云；其 translation deskew 由前序已完成 NDT 位姿提供
Corridor01,registration_counterfactual,R6_0110,W2_5.590_6.5,PHASE1,5.95037,1517157230.18,ORACLE_RELATIVE,0,4.82908e-15,0.0570877,1.16049,0.0570877,1.16049,-57087700,0.0570877,1.16049,0.285911,0.911616,2,1,,,0.628098,2.72131,YES,P3-R6 p3_r6_initialization_comparison.csv,固定的、既有 full-SE3 v2 输入云；其 translation deskew 由前序已完成 NDT 位姿提供
Corridor01,registration_counterfactual,R6_0110,W2_5.590_6.5,PHASE1,5.95037,1517157230.18,PERFECT_INCREMENT,0.578954,2.77775,0.58206,2.72901,0.003106,-0.04874,-0.00536484763902,0.00834184,0.10638,0.315533,1.25921,1,1,,,0.628098,2.72131,YES,P3-R6 p3_r6_initialization_comparison.csv,固定的、既有 full-SE3 v2 输入云；其 translation deskew 由前序已完成 NDT 位姿提供
Corridor01,registration_counterfactual,R6_0111,W2_5.590_6.5,PHASE1,6.05123,1517157230.28,ONLINE_BASELINE,0.60277,2.64807,0.603021,2.69933,0.000251,0.05126,-0.000416410902998,0.0205447,0.452651,0.378883,1.27667,1,1,,,0.661519,3.11356,YES,P3-R6 p3_r6_initialization_comparison.csv,固定的、既有 full-SE3 v2 输入云；其 translation deskew 由前序已完成 NDT 位姿提供
Corridor01,registration_counterfactual,R6_0111,W2_5.590_6.5,PHASE1,6.05123,1517157230.28,ORACLE_RELATIVE,0,1.74193e-16,0.0756172,1.21475,0.0756172,1.21475,-75617200,0.0756172,1.21475,0.311429,0.917819,2,1,,,0.661519,3.11356,YES,P3-R6 p3_r6_initialization_comparison.csv,固定的、既有 full-SE3 v2 输入云；其 translation deskew 由前序已完成 NDT 位姿提供
Corridor01,registration_counterfactual,R6_0111,W2_5.590_6.5,PHASE1,6.05123,1517157230.28,PERFECT_INCREMENT,0.594335,2.70946,0.597326,2.75182,0.002991,0.04236,-0.00503251533226,0.022807,0.480811,0.38258,1.27515,1,1,,,0.661519,3.11356,YES,P3-R6 p3_r6_initialization_comparison.csv,固定的、既有 full-SE3 v2 输入云；其 translation deskew 由前序已完成 NDT 位姿提供
Corridor01,registration_counterfactual,R6_0112,W2_5.590_6.5,PHASE1,6.15209,1517157230.38,ONLINE_BASELINE,0.620841,3.40095,0.62843,3.43149,0.007589,0.03054,-0.0122237416665,0.0203032,0.738045,0.355983,1.28483,1,1,,,0.710146,3.65773,YES,P3-R6 p3_r6_initialization_comparison.csv,固定的、既有 full-SE3 v2 输入云；其 translation deskew 由前序已完成 NDT 位姿提供
Corridor01,registration_counterfactual,R6_0112,W2_5.590_6.5,PHASE1,6.15209,1517157230.38,ORACLE_RELATIVE,0,0,0.0979671,1.5103,0.0979671,1.5103,-97967100,0.0979671,1.5103,0.307167,0.929253,2,1,,,0.710146,3.65773,YES,P3-R6 p3_r6_initialization_comparison.csv,固定的、既有 full-SE3 v2 输入云；其 translation deskew 由前序已完成 NDT 位姿提供
Corridor01,registration_counterfactual,R6_0112,W2_5.590_6.5,PHASE1,6.15209,1517157230.38,PERFECT_INCREMENT,0.611132,2.69933,0.986928,1.16649,0.375796,-1.53284,-0.614917890079,0.378013,3.47375,0.139994,1.43963,6,1,,,0.710146,3.65773,YES,P3-R6 p3_r6_initialization_comparison.csv,固定的、既有 full-SE3 v2 输入云；其 translation deskew 由前序已完成 NDT 位姿提供
Corridor01,registration_counterfactual,R6_0113,W2_5.590_6.5,PHASE1,6.25295,1517157230.48,ONLINE_BASELINE,0.651157,2.80798,0.651566,3.06966,0.000409,0.26168,-0.000628112728574,0.0088746,0.692049,0.291718,1.31876,1,1,,,0.741121,4.6036,YES,P3-R6 p3_r6_initialization_comparison.csv,固定的、既有 full-SE3 v2 输入云；其 translation deskew 由前序已完成 NDT 位姿提供
Corridor01,registration_counterfactual,R6_0113,W2_5.590_6.5,PHASE1,6.25295,1517157230.48,ORACLE_RELATIVE,0,5.45574e-16,0.0971347,2.04022,0.0971347,2.04022,-97134700,0.0971347,2.04022,0.28854,0.956317,2,1,,,0.741121,4.6036,YES,P3-R6 p3_r6_initialization_comparison.csv,固定的、既有 full-SE3 v2 输入云；其 translation deskew 由前序已完成 NDT 位姿提供
Corridor01,registration_counterfactual,R6_0113,W2_5.590_6.5,PHASE1,6.25295,1517157230.48,PERFECT_INCREMENT,0.63849,3.43148,0.619984,3.5539,-0.018506,0.12242,0.0289840091466,0.0239117,1.28647,0.327491,1.31548,2,1,,,0.741121,4.6036,YES,P3-R6 p3_r6_initialization_comparison.csv,固定的、既有 full-SE3 v2 输入云；其 translation deskew 由前序已完成 NDT 位姿提供
Corridor01,registration_counterfactual,R6_0114,W2_5.590_6.5,PHASE1,6.35381,1517157230.59,ONLINE_BASELINE,0.682778,2.95055,0.695261,2.61893,0.012483,-0.33162,-0.018282662886,0.0297304,0.379373,0.251048,1.28872,1,1,,,0.0734227,0.766177,YES,P3-R6 p3_r6_initialization_comparison.csv,固定的、既有 full-SE3 v2 输入云；其 translation deskew 由前序已完成 NDT 位姿提供
Corridor01,registration_counterfactual,R6_0114,W2_5.590_6.5,PHASE1,6.35381,1517157230.59,ORACLE_RELATIVE,0,4.4519e-16,0.624308,2.61607,0.624308,2.61607,-624308000,0.624308,2.61607,0.299447,1.28512,11,1,,,0.0734227,0.766177,YES,P3-R6 p3_r6_initialization_comparison.csv,固定的、既有 full-SE3 v2 输入云；其 translation deskew 由前序已完成 NDT 位姿提供
Corridor01,registration_counterfactual,R6_0114,W2_5.590_6.5,PHASE1,6.35381,1517157230.59,PERFECT_INCREMENT,0.658578,3.06966,0.659071,2.97952,0.000493,-0.09014,-0.000748582552105,0.0199229,0.169946,0.284955,1.28273,1,1,,,0.0734227,0.766177,YES,P3-R6 p3_r6_initialization_comparison.csv,固定的、既有 full-SE3 v2 输入云；其 translation deskew 由前序已完成 NDT 位姿提供
Corridor01,registration_counterfactual,R6_0115,W2_5.590_6.5,PHASE1,6.45467,1517157230.69,ONLINE_BASELINE,0.732849,2.62697,0.968539,1.0866,0.23569,-1.54037,-0.32160786192,0.243507,3.62217,0.135742,1.46238,4,1,,,0.331656,3.9096,YES,P3-R6 p3_r6_initialization_comparison.csv,固定的、既有 full-SE3 v2 输入云；其 translation deskew 由前序已完成 NDT 位姿提供
Corridor01,registration_counterfactual,R6_0115,W2_5.590_6.5,PHASE1,6.45467,1517157230.69,ORACLE_RELATIVE,0,1.61493e-15,0.637882,2.87551,0.637882,2.87551,-637882000,0.637882,2.87551,0.189312,1.30625,11,1,,,0.331656,3.9096,YES,P3-R6 p3_r6_initialization_comparison.csv,固定的、既有 full-SE3 v2 输入云；其 translation deskew 由前序已完成 NDT 位姿提供
Corridor01,registration_counterfactual,R6_0115,W2_5.590_6.5,PHASE1,6.45467,1517157230.69,PERFECT_INCREMENT,0.700755,2.61892,0.967659,1.1686,0.266904,-1.45032,-0.380880621615,0.271074,3.73579,0.136002,1.46071,5,1,,,0.331656,3.9096,YES,P3-R6 p3_r6_initialization_comparison.csv,固定的、既有 full-SE3 v2 输入云；其 translation deskew 由前序已完成 NDT 位姿提供
