sequence,analysis_window,phase,init_type,n_frames,initial_translation_mean_m,initial_translation_std_m,initial_translation_p95_m,raw_endpoint_translation_mean_m,raw_endpoint_translation_std_m,raw_endpoint_translation_p95_m,raw_endpoint_rotation_mean_deg,raw_endpoint_rotation_std_deg,raw_endpoint_rotation_p95_deg,translation_error_change_mean_m,translation_error_change_median_m,translation_error_change_p95_m,correction_ratio_mean,correction_ratio_median,ndt_displacement_translation_mean_m,ndt_displacement_translation_std_m,ndt_displacement_translation_p95_m,ndt_displacement_rotation_mean_deg,ndt_displacement_rotation_p95_deg,fitness_mean,fitness_std,fitness_p95,transformation_probability_mean,transformation_probability_std,transformation_probability_p95,iterations_mean,iterations_p95,converged_n,translation_limited_n,rotation_limited_n,oracle_strong_retention_n,oracle_strong_retention_rate,paired_baseline_minus_oracle_mean_m,paired_baseline_minus_oracle_median_m,paired_baseline_minus_perfect_mean_m,paired_baseline_minus_perfect_median_m,objective_fitness_oracle_wins_n,objective_fitness_baseline_wins_n,objective_fitness_compared_n,objective_probability_oracle_wins_n,objective_probability_baseline_wins_n,objective_probability_compared_n,p95_method
Corridor01,W0_0_3.068,PHASE0,ONLINE_BASELINE,30,0.135922216667,0.0803533431506,0.30123465,0.128700716667,0.0794162275034,0.2799126,1.556303,1.22264055787,3.456785,-0.0072215,-0.0068895,0.02936955,0.0640389916096,0.0935942975052,0.02489511,0.0220831463155,0.0732908,0.359239713333,1.1167298,0.4411107,0.108551687805,0.6291533,1.31049033333,0.0221031791259,1.3478075,1.23333333333,2,30,0,0,,,0.050740726,0.0225014,0.00479051333333,0.0039505,23,7,30,12,18,30,numpy.percentile(method=linear); std uses sample ddof=1
Corridor01,W0_0_3.068,PHASE0,ORACLE_RELATIVE,30,0,0,0,0.0779599906667,0.0519986862861,0.1605225,0.861136593333,0.745049667232,2.48575,0.0779599906667,0.07840355,0.1605225,-77959990.6667,-78403550,0.0779599906667,0.0519986862861,0.1605225,0.861136593333,2.48575,0.384428166667,0.129330078597,0.6347035,1.28815133333,0.0374975108814,1.3354055,2.16666666667,4.55,30,0,0,26,0.866666666667,0.050740726,0.0225014,0.00479051333333,0.0039505,23,7,30,12,18,30,numpy.percentile(method=linear); std uses sample ddof=1
Corridor01,W0_0_3.068,PHASE0,PERFECT_INCREMENT,30,0.12141608,0.0790426298433,0.2745079,0.123910203333,0.0830325315953,0.2917861,1.50427453333,1.21226423606,3.350017,0.00249412333333,0.0006107,0.01893014,-380836.670018,-0.00452489915008,0.018121866,0.0155167303876,0.029424605,0.607796513333,1.8968555,0.4379706,0.107828142777,0.63182485,1.30875733333,0.0219948818393,1.3481105,1.16666666667,2,30,0,0,,,0.050740726,0.0225014,0.00479051333333,0.0039505,23,7,30,12,18,30,numpy.percentile(method=linear); std uses sample ddof=1
Corridor01,W1_3.068_5.590,PHASE1,ONLINE_BASELINE,25,0.40991128,0.0667814570013,0.5321014,0.40969464,0.0636993135755,0.5256004,3.222892,0.706660155774,4.753784,-0.00021664,0.001212,0.0339124,-0.00192089824618,-0.00315592947591,0.0240591004,0.0145630812582,0.0530086,0.342588108,0.6677492,0.39861448,0.0729127468343,0.5098314,1.2366756,0.0488264206211,1.312344,1.12,2,25,0,0,,,0.29248954,0.312722,-0.00098176,0.002368,24,1,25,2,23,25,numpy.percentile(method=linear); std uses sample ddof=1
Corridor01,W1_3.068_5.590,PHASE1,ORACLE_RELATIVE,25,0,0,0,0.1172051,0.0726050043314,0.26756,1.26269384,0.732605503762,2.429842,0.1172051,0.0942979,0.26756,-117205100,-94297900,0.1172051,0.0726050043314,0.26756,1.26269384,2.429842,0.28045892,0.048870617777,0.3537182,1.06719368,0.106189659884,1.269,2.6,5.4,25,0,0,19,0.76,0.29248954,0.312722,-0.00098176,0.002368,24,1,25,2,23,25,numpy.percentile(method=linear); std uses sample ddof=1
Corridor01,W1_3.068_5.590,PHASE1,PERFECT_INCREMENT,25,0.40946336,0.0602885967554,0.517714,0.4106764,0.0644992086218,0.5154314,3.1923504,0.633116194197,4.731178,0.00121304,0.003061,0.0354054,-0.00261424106206,-0.00615308654905,0.0231185556,0.012290817162,0.04935386,0.86639736,2.55151,0.39732652,0.0716591736423,0.4960932,1.234908,0.0492149771411,1.312012,1.52,4.6,25,0,0,,,0.29248954,0.312722,-0.00098176,0.002368,24,1,25,2,23,25,numpy.percentile(method=linear); std uses sample ddof=1
Corridor01,W2_5.590_6.5,PHASE1,ONLINE_BASELINE,9,0.616484111111,0.0625781283086,0.7128206,0.645213777778,0.130250969892,0.8592278,2.66435444444,0.641911590702,3.286758,0.0287296666667,0.001186,0.1464072,-0.0397430019521,-0.00214451422052,0.0432555444444,0.0753264051601,0.15799636,0.719917166667,2.46852,0.307592888889,0.0801468802706,0.396493,1.29595333333,0.0657757071418,1.404932,1.33333333333,2.8,9,0,0,,,0.446095255556,0.5037807,-0.0313587777778,0.004199,7,2,9,0,9,9,numpy.percentile(method=linear); std uses sample ddof=1
Corridor01,W2_5.590_6.5,PHASE1,ORACLE_RELATIVE,9,0,0,0,0.199118522222,0.245428651577,0.6324524,1.66631444444,0.678685302278,2.771734,0.199118522222,0.0782684,0.6324524,-199118522.222,-78268400,0.199118522222,0.245428651577,0.6324524,1.66631444444,2.771734,0.281936444444,0.0376963240453,0.3097938,1.01024666667,0.162602260172,1.297798,4,11,9,0,0,6,0.666666666667,0.446095255556,0.5037807,-0.0313587777778,0.004199,7,2,9,0,9,9,numpy.percentile(method=linear); std uses sample ddof=1
Corridor01,W2_5.590_6.5,PHASE1,PERFECT_INCREMENT,9,0.605411888889,0.051891700019,0.6838842,0.676572555556,0.173872932274,0.9792204,2.51414222222,0.806820139836,3.324148,0.0711606666667,0.002991,0.3322392,-0.110568451849,-0.00503251533226,0.0845234833333,0.138786828635,0.3352374,1.09661933333,3.630974,0.290968666667,0.0946293836144,0.3956258,1.31145555556,0.081205479512,1.452278,2.11111111111,5.6,9,0,0,,,0.446095255556,0.5037807,-0.0313587777778,0.004199,7,2,9,0,9,9,numpy.percentile(method=linear); std uses sample ddof=1
Corridor01,W1_W2_EARLY_FAILURE_UNION,PHASE1,ONLINE_BASELINE,34,0.464592323529,0.112916292188,0.66222435,0.472037941176,0.134860308866,0.66685925,3.07504382353,0.725001958564,4.064843,0.00744561764706,0.001199,0.03997755,-0.0119326315801,-0.00265022184821,0.0291405120588,0.04004586932,0.058008955,0.442469329412,0.93392425,0.374520529412,0.0841725086349,0.50825505,1.25236676471,0.0590535018191,1.3176745,1.17647058824,2,34,0,0,,,0.333149876471,0.32447305,-0.00902273529412,0.003079,31,3,34,2,32,34,numpy.percentile(method=linear); std uses sample ddof=1
Corridor01,W1_W2_EARLY_FAILURE_UNION,PHASE1,ORACLE_RELATIVE,34,0,0,0,0.138888064706,0.14064791738,0.45861195,1.36953458824,0.73121003657,2.5858645,0.138888064706,0.09339385,0.45861195,-138888064.706,-93393850,0.138888064706,0.14064791738,0.45861195,1.36953458824,2.5858645,0.280850029412,0.0456278239079,0.34532165,1.05211947059,0.123534634207,1.295564,2.97058823529,7.75,34,0,0,25,0.735294117647,0.333149876471,0.32447305,-0.00902273529412,0.003079,31,3,34,2,32,34,numpy.percentile(method=linear); std uses sample ddof=1
Corridor01,W1_W2_EARLY_FAILURE_UNION,PHASE1,PERFECT_INCREMENT,34,0.461332088235,0.104861405016,0.6455208,0.481060676471,0.156628361112,0.7670768,3.01282470588,0.73591072251,4.0701955,0.0197285882353,0.003026,0.1250584,-0.0311903556822,-0.00519868148564,0.0393728011765,0.0744010590245,0.13482711,0.927338470588,3.1466245,0.369172970588,0.090409410702,0.4881129,1.25517058824,0.0673439080929,1.3589325,1.67647058824,5,34,0,0,,,0.333149876471,0.32447305,-0.00902273529412,0.003079,31,3,34,2,32,34,numpy.percentile(method=linear); std uses sample ddof=1
Corridor01,ALL_65_SELECTED_INCLUDING_ANCHOR,MIXED_OR_ALL,ONLINE_BASELINE,65,0.305912543077,0.194384262509,0.6172268,0.30631248646,0.207556286005,0.6233482,2.32677816405,1.26833965402,3.609648,0.000399943383385,0.0377795887872,0.036542,0.0386992132964,0.175968278175,0.0268944678462,0.0325056157382,0.07147258,0.404419132308,1.2050148,0.406797507692,0.100847662055,0.5200074,1.279906,0.053538968279,1.342818,1.2,2,64,0,0,,,0.200770587188,0.21390075,-0.002547775,0.0036485,54,10,64,14,50,64,numpy.percentile(method=linear); std uses sample ddof=1
Corridor01,ALL_65_SELECTED_INCLUDING_ANCHOR,MIXED_OR_ALL,ORACLE_RELATIVE,65,0,0,0,0.108696941846,0.111904240782,0.2856752,1.11651205846,0.778234557188,2.565142,0.108696941846,0.111904240782,0.2856752,-108696941.846,111904240.782,0.108696941846,0.111904240782,0.2856752,1.11651205846,2.565142,0.331651107692,0.107948689355,0.5116328,1.16488110769,0.150572026981,1.321736,2.56923076923,5.8,64,0,0,52,0.8,0.200770587188,0.21390075,-0.002547775,0.0036485,54,10,64,14,50,64,numpy.percentile(method=linear); std uses sample ddof=1
Corridor01,ALL_65_SELECTED_INCLUDING_ANCHOR,MIXED_OR_ALL,PERFECT_INCREMENT,65,0.297437788308,0.196531063451,0.6077726,0.308874831692,0.221400138558,0.6154524,2.27056862,1.26176257124,3.551074,0.0114370433846,0.0590427157429,0.0466268,-175770.781169,1417109.24465,0.0290671583077,0.0555293886219,0.06000002,0.77174516,2.584164,0.402561892308,0.103664002277,0.5270672,1.28058969231,0.0572592082925,1.349538,1.43076923077,4.6,64,0,0,,,0.200770587188,0.21390075,-0.002547775,0.0036485,54,10,64,14,50,64,numpy.percentile(method=linear); std uses sample ddof=1
Floor01,W0_PRE,PHASE0,ONLINE_BASELINE,50,0.098588498,0.0376612925218,0.19216095,0.097737406,0.0338623547859,0.17959385,0.65113946,0.269704612544,1.2252075,-0.000851092,-0.0008094,0.00696724,-0.00447790889249,0.00944857709835,0.0109209854,0.008329096856,0.0253767,0.119685304,0.23947765,0.32459166,0.0116366576441,0.3515804,1.5675524,0.0112063973275,1.586299,1.02,1,50,0,0,,,0.0846117898,0.075579535,0.000305034,-0.00025705,0,50,50,8,42,50,numpy.percentile(method=linear); std uses sample ddof=1
Floor01,W0_PRE,PHASE0,ORACLE_RELATIVE,50,0,0,0,0.0131256162,0.00560396307661,0.023353365,0.21628082,0.104586798248,0.38255445,0.0131256162,0.0117689,0.023353365,-13125616.2,-11768900,0.0131256162,0.00560396307661,0.023353365,0.21628082,0.38255445,0.32964876,0.0123208934684,0.35805845,1.5628454,0.0104211753049,1.5806585,1,1,50,0,0,50,1,0.0846117898,0.075579535,0.000305034,-0.00025705,0,50,50,8,42,50,numpy.percentile(method=linear); std uses sample ddof=1
Floor01,W0_PRE,PHASE0,PERFECT_INCREMENT,50,0.097863884,0.0338138130656,0.1795029,0.097432372,0.0310547598965,0.17459955,0.65563408,0.264325127764,1.1448745,-0.000431512,-0.0005421,0.006961075,-0.00565858726265,0.00652078493732,0.0077263524,0.00495710929176,0.01811658,0.130813512,0.317337,0.32455932,0.0114452537733,0.35107185,1.5677868,0.0111512644913,1.588033,1,1,50,0,0,,,0.0846117898,0.075579535,0.000305034,-0.00025705,0,50,50,8,42,50,numpy.percentile(method=linear); std uses sample ddof=1
Floor01,W1_TRANSIENT,PHASE1,ONLINE_BASELINE,50,0.821610126,0.722044806937,1.7899715,0.80839134,0.702179286539,1.754925,7.55106562,5.91751649225,15.430825,-0.013218786,-0.00158,0.0789013,-0.234596880633,0.00492666881921,0.110097857,0.187081991868,0.37533475,1.989393808,9.434147,0.315248442,0.306164074743,0.69628215,1.3169501,0.489408065609,1.818625,3.88,15.55,50,4,23,,,0.660285844,0.0383255,-0.00608714,-0.0010095,33,17,50,38,12,50,numpy.percentile(method=linear); std uses sample ddof=1
Floor01,W1_TRANSIENT,PHASE1,ORACLE_RELATIVE,50,0,0,0,0.148105496,0.0608890310325,0.25356165,1.72883504,0.334487672942,2.433104,0.148105496,0.150458,0.25356165,-148105496,-150458000,0.148105496,0.0608890310325,0.25356165,1.72883504,2.433104,0.026595418,0.0033315282559,0.032811045,1.7877196,0.0245458730859,1.8189825,2.86,4,50,4,23,21,0.42,0.660285844,0.0383255,-0.00608714,-0.0010095,33,17,50,38,12,50,numpy.percentile(method=linear); std uses sample ddof=1
Floor01,W1_TRANSIENT,PHASE1,PERFECT_INCREMENT,50,0.80784804,0.69440589991,1.750313,0.81447848,0.682765105016,1.7291715,7.7362718,5.95292170526,15.800225,0.00663044,2.25e-05,0.2234925,-0.193944646793,-0.000207080954471,0.1192171408,0.245786023845,0.72712025,1.89119188,8.762635,0.322495954,0.307378908331,0.70939855,1.30172866,0.47980848041,1.8176695,3.32,12.75,50,4,23,,,0.660285844,0.0383255,-0.00608714,-0.0010095,33,17,50,38,12,50,numpy.percentile(method=linear); std uses sample ddof=1
Floor01,W2_P025,PHASE1_TO_PHASE2_TRANSITION,ONLINE_BASELINE,60,0.288663683333,0.0432832828466,0.34964205,0.288053233333,0.0389743941062,0.34343555,2.70776366667,0.376298042361,3.3381895,-0.00061045,0.000549,0.01850195,-0.00134185041119,-0.00200581238759,0.0232843053333,0.016333604467,0.0604655,0.444305596667,2.2317965,0.02394534,0.00342157622475,0.02833833,1.79565166667,0.0352235044872,1.841018,1.31666666667,3,60,0,5,,,0.0654391166667,0.0599845,-0.000601283333333,-0.001408,47,13,60,23,37,60,numpy.percentile(method=linear); std uses sample ddof=1
Floor01,W2_P025,PHASE1_TO_PHASE2_TRANSITION,ORACLE_RELATIVE,60,0,0,0,0.222614116667,0.0277977457683,0.258819,2.13369066667,0.387454253391,2.730174,0.222614116667,0.2288595,0.258819,-222614116.667,-228859500,0.222614116667,0.0277977457683,0.258819,2.13369066667,2.730174,0.0231833066667,0.00410509675502,0.02826007,1.793887,0.0355337955297,1.83791,4.36666666667,5.05,60,0,5,0,0,0.0654391166667,0.0599845,-0.000601283333333,-0.001408,47,13,60,23,37,60,numpy.percentile(method=linear); std uses sample ddof=1
Floor01,W2_P025,PHASE1_TO_PHASE2_TRANSITION,PERFECT_INCREMENT,60,0.288302033333,0.0393940246716,0.3436565,0.288654516667,0.0368153192771,0.33918085,2.69365933333,0.323599857236,3.228198,0.000352483333333,-0.0001655,0.0232314,-0.003531743246,0.000914311007993,0.0169369455,0.0104273432568,0.033166925,0.636638695,2.3614815,0.024023315,0.00349310885465,0.029199435,1.79484883333,0.0352947670818,1.839655,1.18333333333,3,60,0,5,,,0.0654391166667,0.0599845,-0.000601283333333,-0.001408,47,13,60,23,37,60,numpy.percentile(method=linear); std uses sample ddof=1
Floor01,W1_W2_TRANSITION_UNION,PHASE1_TO_PHASE2_TRANSITION,ONLINE_BASELINE,110,0.530912066364,0.553578387648,1.7527865,0.524570554545,0.538716547134,1.6834325,4.90926455455,4.6569859688,14.573765,-0.00634151181818,-3.85e-05,0.03623295,-0.107366864148,0.00011037549906,0.0627450106364,0.133281373144,0.27387735,1.14661842,6.679083,0.156355840909,0.251747501568,0.6606342,1.57806004545,0.407041017458,1.836476,2.48181818182,8.1,110,4,28,,,0.335823992727,0.0578135,-0.00309485454545,-0.001081,80,30,110,61,49,110,numpy.percentile(method=linear); std uses sample ddof=1
Floor01,W1_W2_TRANSITION_UNION,PHASE1_TO_PHASE2_TRANSITION,ORACLE_RELATIVE,110,0,0,0,0.188746561818,0.058940327797,0.2566272,1.94966538182,0.415409222302,2.633782,0.188746561818,0.198169,0.2566272,-188746561.818,-198169000,0.188746561818,0.058940327797,0.2566272,1.94966538182,2.633782,0.0247342663636,0.00412603628103,0.031935845,1.79108363636,0.0310454312178,1.836562,3.68181818182,5,110,4,28,21,0.190909090909,0.335823992727,0.0578135,-0.00309485454545,-0.001081,80,30,110,61,49,110,numpy.percentile(method=linear); std uses sample ddof=1
Floor01,W1_W2_TRANSITION_UNION,PHASE1_TO_PHASE2_TRANSITION,PERFECT_INCREMENT,110,0.524459309091,0.533991493706,1.6798455,0.527665409091,0.528654751311,1.667927,4.98575590909,4.72752446602,15.121585,0.0032061,-0.0001655,0.069007,-0.0900830630401,0.000105946701194,0.0634279433636,0.172723708062,0.28589245,1.20689014273,5.9601175,0.159692696364,0.254499755322,0.6643776,1.5707033,0.40621243691,1.8358495,2.15454545455,9,110,4,28,,,0.335823992727,0.0578135,-0.00309485454545,-0.001081,80,30,110,61,49,110,numpy.percentile(method=linear); std uses sample ddof=1
Floor01,W3_P050,PHASE2,ONLINE_BASELINE,70,0.558665471429,0.0692421337337,0.6841128,0.553428414286,0.0557639305454,0.64926685,2.84433165714,2.31797096783,8.2463015,-0.00523705714286,3.6e-05,0.0262592,0.00444588520395,-4.22291788286e-05,0.0526316705714,0.0803426484091,0.2526656,0.355233234571,1.2489565,0.277999595714,0.616843008763,1.8275665,1.71809328571,0.101218480651,1.844387,1.6,4,70,0,16,,,0.0222101571429,0.011604,-0.00232337142857,-0.0009165,27,43,70,30,40,70,numpy.percentile(method=linear); std uses sample ddof=1
Floor01,W3_P050,PHASE2,ORACLE_RELATIVE,70,0,0,0,0.531218257143,0.0484165640053,0.61400265,1.03382538571,0.578111392726,2.0359815,0.531218257143,0.537446,0.61400265,-531218257.143,-537446000,0.531218257143,0.0484165640053,0.61400265,1.03382538571,2.0359815,0.0645138771429,0.0154865338773,0.08912263,1.75493471429,0.0497048316761,1.862681,8.21428571429,9.55,70,0,16,0,0,0.0222101571429,0.011604,-0.00232337142857,-0.0009165,27,43,70,30,40,70,numpy.percentile(method=linear); std uses sample ddof=1
Floor01,W3_P050,PHASE2,PERFECT_INCREMENT,70,0.553833342857,0.0572289762225,0.65606175,0.555751785714,0.0525551730988,0.64251225,2.87563742857,2.40585881293,7.875223,0.00191844285714,0.0023015,0.04318225,-0.00550705259255,-0.00352037143098,0.0351839837143,0.0399466776227,0.1127622,0.433087542857,1.377934,0.298726518571,0.678087503367,1.731152,1.71207271429,0.102821777777,1.843371,1.4,3,70,0,16,,,0.0222101571429,0.011604,-0.00232337142857,-0.0009165,27,43,70,30,40,70,numpy.percentile(method=linear); std uses sample ddof=1
Floor01,W4_RAPID,PHASE2_TO_PHASE3_TRANSITION,ONLINE_BASELINE,49,2.9362637551,2.15567334817,6.021814,2.93909897959,2.14598390743,6.041454,17.2267091837,12.8706377872,31.49806,0.0028352244898,-0.00263,0.099833,-0.0076798088572,0.000539738503878,0.0770436830612,0.0599133419813,0.1873408,0.381849569388,0.9939522,9.449381,8.34821081276,19.5076,1.03674636735,0.363319702916,1.499472,2.14285714286,4,49,0,18,,,2.13152965306,1.486704,0.105271285714,0.07803,31,18,49,30,19,49,numpy.percentile(method=linear); std uses sample ddof=1
Floor01,W4_RAPID,PHASE2_TO_PHASE3_TRANSITION,ORACLE_RELATIVE,49,0,0,0,0.807569326531,0.0690701499607,0.9215132,0.980137061224,0.505424123238,1.852712,0.807569326531,0.802021,0.9215132,-807569326.531,-802021000,0.807569326531,0.0690701499607,0.9215132,0.980137061224,1.852712,0.314292204082,0.112088468689,0.3746254,1.38734657143,0.0931751561898,1.46017,12.1020408163,14.6,49,0,18,0,0,2.13152965306,1.486704,0.105271285714,0.07803,31,18,49,30,19,49,numpy.percentile(method=linear); std uses sample ddof=1
Floor01,W4_RAPID,PHASE2_TO_PHASE3_TRANSITION,PERFECT_INCREMENT,49,2.82634473469,2.11153682131,5.94258,2.83382769388,2.0975514382,5.949284,17.2768902041,12.8397109525,31.69026,0.00748295918367,-0.00226,0.0712974,-0.0124843643874,0.000415708610688,0.0729774653061,0.0731945041547,0.1519442,0.463973867347,1.0416184,9.4458897551,8.32720745733,19.93508,1.02624818367,0.352738293591,1.497374,2.10204081633,3,49,0,18,,,2.13152965306,1.486704,0.105271285714,0.07803,31,18,49,30,19,49,numpy.percentile(method=linear); std uses sample ddof=1
Floor01,W3_W4_PERSISTENT_UNION,PHASE2_AND_PHASE3_TRANSITION,ONLINE_BASELINE,119,1.53767652941,1.8093963631,5.72756,1.53576335294,1.80703274096,5.727676,8.76648710924,11.0024353126,31.11264,-0.00191317647059,-0.00037,0.0576299,-0.000547047644756,0.000204789806019,0.0626836757143,0.0733501832467,0.2213996,0.366192901849,1.195303,4.05445076218,7.00845088958,19.2546,1.43753867227,0.416032785556,1.796328,1.82352941176,4,119,0,34,,,0.890753478992,0.01974,0.0419803109244,0.007402,58,61,119,60,59,119,numpy.percentile(method=linear); std uses sample ddof=1
Floor01,W3_W4_PERSISTENT_UNION,PHASE2_AND_PHASE3_TRANSITION,ORACLE_RELATIVE,119,0,0,0,0.64500987395,0.148209387275,0.8866546,1.01171842857,0.547765368695,2.027283,0.64500987395,0.578068,0.8866546,-645009873.95,-578068000,0.64500987395,0.148209387275,0.8866546,1.01171842857,2.027283,0.167363776471,0.143145337844,0.3474783,1.60357489076,0.19488918989,1.821636,9.81512605042,14,119,0,34,0,0,0.890753478992,0.01974,0.0419803109244,0.007402,58,61,119,60,59,119,numpy.percentile(method=linear); std uses sample ddof=1
Floor01,W3_W4_PERSISTENT_UNION,PHASE2_AND_PHASE3_TRANSITION,PERFECT_INCREMENT,119,1.48957332773,1.75415193165,5.649197,1.49378304202,1.74899653395,5.638667,8.80556504202,11.0047995596,31.00537,0.00420971428571,0.001742,0.0648824,-0.0083800633316,-0.00116853377453,0.0507460055462,0.0588327683615,0.1399775,0.445805441176,1.303156,4.06520549832,6.99384879935,18.32739,1.42967437815,0.414352220231,1.791502,1.68907563025,3,119,0,34,,,0.890753478992,0.01974,0.0419803109244,0.007402,58,61,119,60,59,119,numpy.percentile(method=linear); std uses sample ddof=1
Floor01,ALL_279_SELECTED,MIXED_OR_ALL,ONLINE_BASELINE,279,0.882843222939,1.36133571938,4.892534,0.87937444552,1.35798862701,4.888338,5.79135498208,8.29141543869,30.33052,-0.00346877741935,-0.0005355,0.0479832,-0.0433668429057,0.0011244150003,0.0534313901434,0.0982695967214,0.2259995,0.62971056172,2.661368,1.84913392903,4.95049138618,17.03247,1.51624131541,0.378269783272,1.830843,1.93906810036,5,279,4,62,,,0.527494239032,0.060689,0.0167400526882,0.000786,138,141,279,129,150,279,numpy.percentile(method=linear); std uses sample ddof=1
Floor01,ALL_279_SELECTED,MIXED_OR_ALL,ORACLE_RELATIVE,279,0,0,0,0.351880206487,0.280431224133,0.8442791,1.23896675986,0.779113499447,2.366909,0.351880206487,0.236222,0.8442791,-351880206.487,-236222000,0.351880206487,0.280431224133,0.8442791,1.23896675986,2.366909,0.140213249821,0.144143320592,0.3436142,1.67020387814,0.162092030986,1.83497,5.81720430108,13,279,4,62,71,0.254480286738,0.527494239032,0.060689,0.0167400526882,0.000786,138,141,279,129,150,279,numpy.percentile(method=linear); std uses sample ddof=1
Floor01,ALL_279_SELECTED,MIXED_OR_ALL,PERFECT_INCREMENT,279,0.859652129749,1.31786716959,4.705937,0.862634392832,1.31468390267,4.701838,5.838986,8.31066910425,30.3009,0.00298226308244,4.99999999999e-05,0.0488129,-0.0401049958208,-0.000468713793176,0.0480364374552,0.116447161793,0.1487972,0.689424511828,2.389314,1.85503088495,4.94337898307,16.73,1.51002850896,0.377378768693,1.830266,1.74910394265,4.1,279,4,62,,,0.527494239032,0.060689,0.0167400526882,0.000786,138,141,279,129,150,279,numpy.percentile(method=linear); std uses sample ddof=1
