transaction_id,prediction_differs_from_shadow,corrected_state_differs,first_alternative_tx
1,0,0,510
2,0,0,510
3,0,0,510
4,0,0,510
5,0,0,510
6,0,0,510
7,0,0,510
8,0,0,510
9,0,0,510
10,0,0,510
11,0,0,510
12,0,0,510
13,0,0,510
14,0,0,510
15,0,0,510
16,0,0,510
17,0,0,510
18,0,0,510
19,0,0,510
20,0,0,510
21,0,0,510
22,0,0,510
23,0,0,510
24,0,0,510
25,0,0,510
26,0,0,510
27,0,0,510
28,0,0,510
29,0,0,510
30,0,0,510
31,0,0,510
32,0,0,510
33,0,0,510
34,0,0,510
35,0,0,510
36,0,0,510
37,0,0,510
38,0,0,510
39,0,0,510
40,0,0,510
41,0,0,510
42,0,0,510
43,0,0,510
44,0,0,510
45,0,0,510
46,0,0,510
47,0,0,510
48,0,0,510
49,0,0,510
50,0,0,510
51,0,0,510
52,0,0,510
53,0,0,510
54,0,0,510
55,0,0,510
56,0,0,510
57,0,0,510
58,0,0,510
59,0,0,510
60,0,0,510
61,0,0,510
62,0,0,510
63,0,0,510
64,0,0,510
65,0,0,510
66,0,0,510
67,0,0,510
68,0,0,510
69,0,0,510
70,0,0,510
71,0,0,510
72,0,0,510
73,0,0,510
74,0,0,510
75,0,0,510
76,0,0,510
77,0,0,510
78,0,0,510
79,0,0,510
80,0,0,510
81,0,0,510
82,0,0,510
83,0,0,510
84,0,0,510
85,0,0,510
86,0,0,510
87,0,0,510
88,0,0,510
89,0,0,510
90,0,0,510
91,0,0,510
92,0,0,510
93,0,0,510
94,0,0,510
95,0,0,510
96,0,0,510
97,0,0,510
98,0,0,510
99,0,0,510
100,0,0,510
101,0,0,510
102,0,0,510
103,0,0,510
104,0,0,510
105,0,0,510
106,0,0,510
107,0,0,510
108,0,0,510
109,0,0,510
110,0,0,510
111,0,0,510
112,0,0,510
113,0,0,510
114,0,0,510
115,0,0,510
116,0,0,510
117,0,0,510
118,0,0,510
119,0,0,510
120,0,0,510
121,0,0,510
122,0,0,510
123,0,0,510
124,0,0,510
125,0,0,510
126,0,0,510
127,0,0,510
128,0,0,510
129,0,0,510
130,0,0,510
131,0,0,510
132,0,0,510
133,0,0,510
134,0,0,510
135,0,0,510
136,0,0,510
137,0,0,510
138,0,0,510
139,0,0,510
140,0,0,510
141,0,0,510
142,0,0,510
143,0,0,510
144,0,0,510
145,0,0,510
146,0,0,510
147,0,0,510
148,0,0,510
149,0,0,510
150,0,0,510
151,0,0,510
152,0,0,510
153,0,0,510
154,0,0,510
155,0,0,510
156,0,0,510
157,0,0,510
158,0,0,510
159,0,0,510
160,0,0,510
161,0,0,510
162,0,0,510
163,0,0,510
164,0,0,510
165,0,0,510
166,0,0,510
167,0,0,510
168,0,0,510
169,0,0,510
170,0,0,510
171,0,0,510
172,0,0,510
173,0,0,510
174,0,0,510
175,0,0,510
176,0,0,510
177,0,0,510
178,0,0,510
179,0,0,510
180,0,0,510
181,0,0,510
182,0,0,510
183,0,0,510
184,0,0,510
185,0,0,510
186,0,0,510
187,0,0,510
188,0,0,510
189,0,0,510
190,0,0,510
191,0,0,510
192,0,0,510
193,0,0,510
194,0,0,510
195,0,0,510
196,0,0,510
197,0,0,510
198,0,0,510
199,0,0,510
200,0,0,510
201,0,0,510
202,0,0,510
203,0,0,510
204,0,0,510
205,0,0,510
206,0,0,510
207,0,0,510
208,0,0,510
209,0,0,510
210,0,0,510
211,0,0,510
212,0,0,510
213,0,0,510
214,0,0,510
215,0,0,510
216,0,0,510
217,0,0,510
218,0,0,510
219,0,0,510
220,0,0,510
221,0,0,510
222,0,0,510
223,0,0,510
224,0,0,510
225,0,0,510
226,0,0,510
227,0,0,510
228,0,0,510
229,0,0,510
230,0,0,510
231,0,0,510
232,0,0,510
233,0,0,510
234,0,0,510
235,0,0,510
236,0,0,510
237,0,0,510
238,0,0,510
239,0,0,510
240,0,0,510
241,0,0,510
242,0,0,510
243,0,0,510
244,0,0,510
245,0,0,510
246,0,0,510
247,0,0,510
248,0,0,510
249,0,0,510
250,0,0,510
251,0,0,510
252,0,0,510
253,0,0,510
254,0,0,510
255,0,0,510
256,0,0,510
257,0,0,510
258,0,0,510
259,0,0,510
260,0,0,510
261,0,0,510
262,0,0,510
263,0,0,510
264,0,0,510
265,0,0,510
266,0,0,510
267,0,0,510
268,0,0,510
269,0,0,510
270,0,0,510
271,0,0,510
272,0,0,510
273,0,0,510
274,0,0,510
275,0,0,510
276,0,0,510
277,0,0,510
278,0,0,510
279,0,0,510
280,0,0,510
281,0,0,510
282,0,0,510
283,0,0,510
284,0,0,510
285,0,0,510
286,0,0,510
287,0,0,510
288,0,0,510
289,0,0,510
290,0,0,510
291,0,0,510
292,0,0,510
293,0,0,510
294,0,0,510
295,0,0,510
296,0,0,510
297,0,0,510
298,0,0,510
299,0,0,510
300,0,0,510
301,0,0,510
302,0,0,510
303,0,0,510
304,0,0,510
305,0,0,510
306,0,0,510
307,0,0,510
308,0,0,510
309,0,0,510
310,0,0,510
311,0,0,510
312,0,0,510
313,0,0,510
314,0,0,510
315,0,0,510
316,0,0,510
317,0,0,510
318,0,0,510
319,0,0,510
320,0,0,510
321,0,0,510
322,0,0,510
323,0,0,510
324,0,0,510
325,0,0,510
326,0,0,510
327,0,0,510
328,0,0,510
329,0,0,510
330,0,0,510
331,0,0,510
332,0,0,510
333,0,0,510
334,0,0,510
335,0,0,510
336,0,0,510
337,0,0,510
338,0,0,510
339,0,0,510
340,0,0,510
341,0,0,510
342,0,0,510
343,0,0,510
344,0,0,510
345,0,0,510
346,0,0,510
347,0,0,510
348,0,0,510
349,0,0,510
350,0,0,510
351,0,0,510
352,0,0,510
353,0,0,510
354,0,0,510
355,0,0,510
356,0,0,510
357,0,0,510
358,0,0,510
359,0,0,510
360,0,0,510
361,0,0,510
362,0,0,510
363,0,0,510
364,0,0,510
365,0,0,510
366,0,0,510
367,0,0,510
368,0,0,510
369,0,0,510
370,0,0,510
371,0,0,510
372,0,0,510
373,0,0,510
374,0,0,510
375,0,0,510
376,0,0,510
377,0,0,510
378,0,0,510
379,0,0,510
380,0,0,510
381,0,0,510
382,0,0,510
383,0,0,510
384,0,0,510
385,0,0,510
386,0,0,510
387,0,0,510
388,0,0,510
389,0,0,510
390,0,0,510
391,0,0,510
392,0,0,510
393,0,0,510
394,0,0,510
395,0,0,510
396,0,0,510
397,0,0,510
398,0,0,510
399,0,0,510
400,0,0,510
401,0,0,510
402,0,0,510
403,0,0,510
404,0,0,510
405,0,0,510
406,0,0,510
407,0,0,510
408,0,0,510
409,0,0,510
410,0,0,510
411,0,0,510
412,0,0,510
413,0,0,510
414,0,0,510
415,0,0,510
416,0,0,510
417,0,0,510
418,0,0,510
419,0,0,510
420,0,0,510
421,0,0,510
422,0,0,510
423,0,0,510
424,0,0,510
425,0,0,510
426,0,0,510
427,0,0,510
428,0,0,510
429,0,0,510
430,0,0,510
431,0,0,510
432,0,0,510
433,0,0,510
434,0,0,510
435,0,0,510
436,0,0,510
437,0,0,510
438,0,0,510
439,0,0,510
440,0,0,510
441,0,0,510
442,0,0,510
443,0,0,510
444,0,0,510
445,0,0,510
446,0,0,510
447,0,0,510
448,0,0,510
449,0,0,510
450,0,0,510
451,0,0,510
452,0,0,510
453,0,0,510
454,0,0,510
455,0,0,510
456,0,0,510
457,0,0,510
458,0,0,510
459,0,0,510
460,0,0,510
461,0,0,510
462,0,0,510
463,0,0,510
464,0,0,510
465,0,0,510
466,0,0,510
467,0,0,510
468,0,0,510
469,0,0,510
470,0,0,510
471,0,0,510
472,0,0,510
473,0,0,510
474,0,0,510
475,0,0,510
476,0,0,510
477,0,0,510
478,0,0,510
479,0,0,510
480,0,0,510
481,0,0,510
482,0,0,510
483,0,0,510
484,0,0,510
485,0,0,510
486,0,0,510
487,0,0,510
488,0,0,510
489,0,0,510
490,0,0,510
491,0,0,510
492,0,0,510
493,0,0,510
494,0,0,510
495,0,0,510
496,0,0,510
497,0,0,510
498,0,0,510
499,0,0,510
500,0,0,510
501,0,0,510
502,0,0,510
503,0,0,510
504,0,0,510
505,0,0,510
506,0,0,510
507,0,0,510
508,0,0,510
509,0,0,510
510,0,1,510
511,1,1,510
512,1,1,510
513,1,1,510
514,1,1,510
515,1,1,510
516,1,1,510
517,1,1,510
518,1,1,510
519,1,1,510
520,1,1,510
521,1,1,510
522,1,1,510
523,1,1,510
524,1,1,510
525,1,1,510
526,1,1,510
527,1,1,510
528,1,1,510
529,1,1,510
530,1,1,510
531,1,1,510
532,1,1,510
533,1,1,510
534,1,1,510
535,1,1,510
536,1,1,510
537,1,1,510
538,1,1,510
539,1,1,510
540,1,1,510
541,1,1,510
542,1,1,510
543,1,1,510
544,1,1,510
545,1,1,510
546,1,1,510
547,1,1,510
548,1,1,510
549,1,1,510
550,1,1,510
551,1,1,510
552,1,1,510
553,1,1,510
554,1,1,510
555,1,1,510
556,1,1,510
557,1,1,510
558,1,1,510
559,1,1,510
560,1,1,510
561,1,1,510
562,1,1,510
563,1,1,510
564,1,1,510
565,1,1,510
566,1,1,510
567,1,1,510
568,1,1,510
569,1,1,510
570,1,1,510
571,1,1,510
572,1,1,510
573,1,1,510
574,1,1,510
575,1,1,510
576,1,1,510
577,1,1,510
578,1,1,510
579,1,1,510
580,1,1,510
581,1,1,510
582,1,1,510
583,1,1,510
584,1,1,510
585,1,1,510
586,1,1,510
587,1,1,510
588,1,1,510
589,1,1,510
590,1,1,510
591,1,1,510
592,1,1,510
593,1,1,510
594,1,1,510
595,1,1,510
596,1,1,510
597,1,1,510
598,1,1,510
599,1,1,510
600,1,1,510
601,1,1,510
602,1,1,510
603,1,1,510
604,1,1,510
605,1,1,510
606,1,1,510
607,1,1,510
608,1,1,510
609,1,1,510
610,1,1,510
611,1,1,510
612,1,1,510
613,1,1,510
614,1,1,510
615,1,1,510
616,1,1,510
617,1,1,510
618,1,1,510
619,1,1,510
620,1,1,510
621,1,1,510
622,1,1,510
623,1,1,510
624,1,1,510
625,1,1,510
626,1,1,510
627,1,1,510
628,1,1,510
629,1,1,510
630,1,1,510
631,1,1,510
632,1,1,510
633,1,1,510
634,1,1,510
635,1,1,510
636,1,1,510
637,1,1,510
638,1,1,510
639,1,1,510
640,1,1,510
641,1,1,510
642,1,1,510
643,1,1,510
644,1,1,510
645,1,1,510
646,1,1,510
647,1,1,510
648,1,1,510
649,1,1,510
650,1,1,510
651,1,1,510
652,1,1,510
653,1,1,510
654,1,1,510
655,1,1,510
656,1,1,510
657,1,1,510
658,1,1,510
659,1,1,510
660,1,1,510
661,1,1,510
662,1,1,510
663,1,1,510
664,1,1,510
665,1,1,510
666,1,1,510
667,1,1,510
668,1,1,510
669,1,1,510
670,1,1,510
671,1,1,510
672,1,1,510
673,1,1,510
674,1,1,510
675,1,1,510
676,1,1,510
677,1,1,510
678,1,1,510
679,1,1,510
680,1,1,510
681,1,1,510
682,1,1,510
683,1,1,510
684,1,1,510
685,1,1,510
686,1,1,510
687,1,1,510
688,1,1,510
689,1,1,510
690,1,1,510
691,1,1,510
692,1,1,510
693,1,1,510
694,1,1,510
695,1,1,510
696,1,1,510
697,1,1,510
698,1,1,510
699,1,1,510
700,1,1,510
701,1,1,510
702,1,1,510
703,1,1,510
704,1,1,510
705,1,1,510
706,1,1,510
707,1,1,510
708,1,1,510
709,1,1,510
710,1,1,510
711,1,1,510
712,1,1,510
713,1,1,510
714,1,1,510
715,1,1,510
716,1,1,510
717,1,1,510
718,1,1,510
719,1,1,510
720,1,1,510
721,1,1,510
722,1,1,510
723,1,1,510
724,1,1,510
725,1,1,510
726,1,1,510
727,1,1,510
728,1,1,510
729,1,1,510
730,1,1,510
731,1,1,510
732,1,1,510
733,1,1,510
734,1,1,510
735,1,1,510
736,1,1,510
737,1,1,510
738,1,1,510
739,1,1,510
740,1,1,510
741,1,1,510
742,1,1,510
743,1,1,510
744,1,1,510
745,1,1,510
746,1,1,510
747,1,1,510
748,1,1,510
749,1,1,510
750,1,1,510
751,1,1,510
752,1,1,510
753,1,1,510
754,1,1,510
755,1,1,510
756,1,1,510
757,1,1,510
758,1,1,510
759,1,1,510
760,1,1,510
761,1,1,510
762,1,1,510
763,1,1,510
764,1,1,510
765,1,1,510
766,1,1,510
767,1,1,510
768,1,1,510
769,1,1,510
770,1,1,510
771,1,1,510
772,1,1,510
773,1,1,510
774,1,1,510
775,1,1,510
776,1,1,510
777,1,1,510
778,1,1,510
779,1,1,510
780,1,1,510
781,1,1,510
782,1,1,510
783,1,1,510
784,1,1,510
785,1,1,510
786,1,1,510
787,1,1,510
788,1,1,510
789,1,1,510
790,1,1,510
791,1,1,510
792,1,1,510
793,1,1,510
794,1,1,510
795,1,1,510
796,1,1,510
797,1,1,510
798,1,1,510
799,1,1,510
800,1,1,510
801,1,1,510
802,1,1,510
803,1,1,510
804,1,1,510
805,1,1,510
806,1,1,510
807,1,1,510
808,1,1,510
809,1,1,510
810,1,1,510
811,1,1,510
812,1,1,510
813,1,1,510
814,1,1,510
815,1,1,510
816,1,1,510
817,1,1,510
818,1,1,510
819,1,1,510
820,1,1,510
821,1,1,510
822,1,1,510
823,1,1,510
824,1,1,510
825,1,1,510
826,1,1,510
827,1,1,510
828,1,1,510
829,1,1,510
830,1,1,510
831,1,1,510
832,1,1,510
833,1,1,510
834,1,1,510
835,1,1,510
836,1,1,510
837,1,1,510
838,1,1,510
839,1,1,510
840,1,1,510
841,1,1,510
842,1,1,510
843,1,1,510
844,1,1,510
845,1,1,510
846,1,1,510
847,1,1,510
848,1,1,510
849,1,1,510
850,1,1,510
851,1,1,510
852,1,1,510
853,1,1,510
854,1,1,510
855,1,1,510
856,1,1,510
857,1,1,510
858,1,1,510
859,1,1,510
860,1,1,510
861,1,1,510
862,1,1,510
863,1,1,510
864,1,1,510
865,1,1,510
866,1,1,510
867,1,1,510
868,1,1,510
869,1,1,510
870,1,1,510
871,1,1,510
872,1,1,510
873,1,1,510
874,1,1,510
875,1,1,510
876,1,1,510
877,1,1,510
878,1,1,510
879,1,1,510
880,1,1,510
881,1,1,510
882,1,1,510
883,1,1,510
884,1,1,510
885,1,1,510
886,1,1,510
887,1,1,510
888,1,1,510
889,1,1,510
890,1,1,510
891,1,1,510
892,1,1,510
893,1,1,510
894,1,1,510
895,1,1,510
896,1,1,510
897,1,1,510
898,1,1,510
899,1,1,510
900,1,1,510
901,1,1,510
902,1,1,510
903,1,1,510
904,1,1,510
905,1,1,510
906,1,1,510
907,1,1,510
908,1,1,510
909,1,1,510
910,1,1,510
911,1,1,510
912,1,1,510
913,1,1,510
914,1,1,510
915,1,1,510
916,1,1,510
917,1,1,510
918,1,1,510
919,1,1,510
920,1,1,510
921,1,1,510
922,1,1,510
923,1,1,510
924,1,1,510
925,1,1,510
926,1,1,510
927,1,1,510
928,1,1,510
929,1,1,510
930,1,1,510
931,1,1,510
932,1,1,510
933,1,1,510
934,1,1,510
935,1,1,510
936,1,1,510
937,1,1,510
938,1,1,510
939,1,1,510
940,1,1,510
941,1,1,510
942,1,1,510
943,1,1,510
944,1,1,510
945,1,1,510
946,1,1,510
947,1,1,510
948,1,1,510
949,1,1,510
950,1,1,510
951,1,1,510
952,1,1,510
953,1,1,510
954,1,1,510
955,1,1,510
956,1,1,510
957,1,1,510
958,1,1,510
959,1,1,510
960,1,1,510
961,1,1,510
962,1,1,510
963,1,1,510
964,1,1,510
965,1,1,510
966,1,1,510
967,1,1,510
968,1,1,510
969,1,1,510
970,1,1,510
971,1,1,510
972,1,1,510
973,1,1,510
974,1,1,510
975,1,1,510
976,1,1,510
977,1,1,510
978,1,1,510
979,1,1,510
980,1,1,510
981,1,1,510
982,1,1,510
983,1,1,510
984,1,1,510
985,1,1,510
986,1,1,510
987,1,1,510
988,1,1,510
989,1,1,510
990,1,1,510
991,1,1,510
992,1,1,510
993,1,1,510
994,1,1,510
995,1,1,510
996,1,1,510
997,1,1,510
998,1,1,510
999,1,1,510
1000,1,1,510
1001,1,1,510
1002,1,1,510
1003,1,1,510
1004,1,1,510
1005,1,1,510
1006,1,1,510
1007,1,1,510
1008,1,1,510
1009,1,1,510
1010,1,1,510
1011,1,1,510
1012,1,1,510
1013,1,1,510
1014,1,1,510
1015,1,1,510
1016,1,1,510
1017,1,1,510
1018,1,1,510
1019,1,1,510
1020,1,1,510
1021,1,1,510
1022,1,1,510
1023,1,1,510
1024,1,1,510
1025,1,1,510
1026,1,1,510
1027,1,1,510
1028,1,1,510
1029,1,1,510
1030,1,1,510
1031,1,1,510
1032,1,1,510
1033,1,1,510
1034,1,1,510
1035,1,1,510
1036,1,1,510
1037,1,1,510
1038,1,1,510
1039,1,1,510
1040,1,1,510
1041,1,1,510
1042,1,1,510
1043,1,1,510
1044,1,1,510
1045,1,1,510
1046,1,1,510
1047,1,1,510
1048,1,1,510
1049,1,1,510
1050,1,1,510
1051,1,1,510
1052,1,1,510
1053,1,1,510
1054,1,1,510
1055,1,1,510
1056,1,1,510
1057,1,1,510
1058,1,1,510
1059,1,1,510
1060,1,1,510
1061,1,1,510
1062,1,1,510
1063,1,1,510
1064,1,1,510
1065,1,1,510
1066,1,1,510
1067,1,1,510
1068,1,1,510
1069,1,1,510
1070,1,1,510
1071,1,1,510
1072,1,1,510
1073,1,1,510
1074,1,1,510
1075,1,1,510
1076,1,1,510
1077,1,1,510
1078,1,1,510
1079,1,1,510
1080,1,1,510
1081,1,1,510
1082,1,1,510
1083,1,1,510
1084,1,1,510
1085,1,1,510
1086,1,1,510
1087,1,1,510
1088,1,1,510
1089,1,1,510
1090,1,1,510
1091,1,1,510
1092,1,1,510
1093,1,1,510
1094,1,1,510
1095,1,1,510
1096,1,1,510
1097,1,1,510
1098,1,1,510
1099,1,1,510
1100,1,1,510
1101,1,1,510
1102,1,1,510
1103,1,1,510
1104,1,1,510
1105,1,1,510
1106,1,1,510
1107,1,1,510
1108,1,1,510
1109,1,1,510
1110,1,1,510
1111,1,1,510
1112,1,1,510
1113,1,1,510
1114,1,1,510
1115,1,1,510
1116,1,1,510
1117,1,1,510
1118,1,1,510
1119,1,1,510
1120,1,1,510
1121,1,1,510
1122,1,1,510
1123,1,1,510
1124,1,1,510
1125,1,1,510
1126,1,1,510
1127,1,1,510
1128,1,1,510
1129,1,1,510
1130,1,1,510
1131,1,1,510
1132,1,1,510
1133,1,1,510
1134,1,1,510
1135,1,1,510
1136,1,1,510
1137,1,1,510
1138,1,1,510
1139,1,1,510
1140,1,1,510
1141,1,1,510
1142,1,1,510
1143,1,1,510
1144,1,1,510
1145,1,1,510
1146,1,1,510
1147,1,1,510
1148,1,1,510
1149,1,1,510
1150,1,1,510
1151,1,1,510
1152,1,1,510
1153,1,1,510
1154,1,1,510
1155,1,1,510
1156,1,1,510
1157,1,1,510
1158,1,1,510
1159,1,1,510
1160,1,1,510
1161,1,1,510
1162,1,1,510
1163,1,1,510
1164,1,1,510
1165,1,1,510
1166,1,1,510
1167,1,1,510
1168,1,1,510
1169,1,1,510
1170,1,1,510
1171,1,1,510
1172,1,1,510
1173,1,1,510
1174,1,1,510
1175,1,1,510
1176,1,1,510
1177,1,1,510
1178,1,1,510
1179,1,1,510
1180,1,1,510
1181,1,1,510
1182,1,1,510
1183,1,1,510
1184,1,1,510
1185,1,1,510
1186,1,1,510
1187,1,1,510
1188,1,1,510
1189,1,1,510
1190,1,1,510
1191,1,1,510
1192,1,1,510
1193,1,1,510
1194,1,1,510
1195,1,1,510
1196,1,1,510
1197,1,1,510
1198,1,1,510
1199,1,1,510
1200,1,1,510
1201,1,1,510
1202,1,1,510
1203,1,1,510
1204,1,1,510
1205,1,1,510
1206,1,1,510
1207,1,1,510
1208,1,1,510
1209,1,1,510
1210,1,1,510
1211,1,1,510
1212,1,1,510
1213,1,1,510
1214,1,1,510
1215,1,1,510
1216,1,1,510
1217,1,1,510
1218,1,1,510
1219,1,1,510
1220,1,1,510
1221,1,1,510
1222,1,1,510
1223,1,1,510
1224,1,1,510
1225,1,1,510
1226,1,1,510
1227,1,1,510
1228,1,1,510
1229,1,1,510
1230,1,1,510
1231,1,1,510
1232,1,1,510
1233,1,1,510
1234,1,1,510
1235,1,1,510
1236,1,1,510
1237,1,1,510
1238,1,1,510
1239,1,1,510
1240,1,1,510
1241,1,1,510
1242,1,1,510
1243,1,1,510
1244,1,1,510
1245,1,1,510
1246,1,1,510
1247,1,1,510
1248,1,1,510
1249,1,1,510
1250,1,1,510
1251,1,1,510
1252,1,1,510
1253,1,1,510
1254,1,1,510
1255,1,1,510
1256,1,1,510
1257,1,1,510
1258,1,1,510
1259,1,1,510
1260,1,1,510
1261,1,1,510
1262,1,1,510
1263,1,1,510
1264,1,1,510
1265,1,1,510
1266,1,1,510
1267,1,1,510
1268,1,1,510
1269,1,1,510
1270,1,1,510
1271,1,1,510
1272,1,1,510
1273,1,1,510
1274,1,1,510
1275,1,1,510
1276,1,1,510
1277,1,1,510
1278,1,1,510
1279,1,1,510
1280,1,1,510
1281,1,1,510
1282,1,1,510
1283,1,1,510
1284,1,1,510
1285,1,1,510
1286,1,1,510
1287,1,1,510
1288,1,1,510
1289,1,1,510
1290,1,1,510
1291,1,1,510
1292,1,1,510
1293,1,1,510
1294,1,1,510
1295,1,1,510
1296,1,1,510
1297,1,1,510
1298,1,1,510
1299,1,1,510
1300,1,1,510
1301,1,1,510
1302,1,1,510
1303,1,1,510
1304,1,1,510
1305,1,1,510
1306,1,1,510
1307,1,1,510
1308,1,1,510
1309,1,1,510
1310,1,1,510
1311,1,1,510
1312,1,1,510
1313,1,1,510
1314,1,1,510
1315,1,1,510
1316,1,1,510
1317,1,1,510
1318,1,1,510
1319,1,1,510
1320,1,1,510
1321,1,1,510
1322,1,1,510
1323,1,1,510
1324,1,1,510
1325,1,1,510
1326,1,1,510
1327,1,1,510
1328,1,1,510
1329,1,1,510
1330,1,1,510
1331,1,1,510
1332,1,1,510
1333,1,1,510
1334,1,1,510
1335,1,1,510
1336,1,1,510
1337,1,1,510
1338,1,1,510
1339,1,1,510
1340,1,1,510
1341,1,1,510
1342,1,1,510
1343,1,1,510
1344,1,1,510
1345,1,1,510
1346,1,1,510
1347,1,1,510
1348,1,1,510
1349,1,1,510
1350,1,1,510
1351,1,1,510
1352,1,1,510
1353,1,1,510
1354,1,1,510
1355,1,1,510
1356,1,1,510
1357,1,1,510
1358,1,1,510
1359,1,1,510
1360,1,1,510
1361,1,1,510
1362,1,1,510
1363,1,1,510
1364,1,1,510
1365,1,1,510
1366,1,1,510
1367,1,1,510
1368,1,1,510
1369,1,1,510
1370,1,1,510
1371,1,1,510
1372,1,1,510
1373,1,1,510
1374,1,1,510
1375,1,1,510
1376,1,1,510
1377,1,1,510
1378,1,1,510
1379,1,1,510
1380,1,1,510
1381,1,1,510
1382,1,1,510
1383,1,1,510
1384,1,1,510
1385,1,1,510
1386,1,1,510
1387,1,1,510
1388,1,1,510
1389,1,1,510
1390,1,1,510
1391,1,1,510
1392,1,1,510
1393,1,1,510
1394,1,1,510
1395,1,1,510
1396,1,1,510
1397,1,1,510
1398,1,1,510
1399,1,1,510
1400,1,1,510
1401,1,1,510
1402,1,1,510
1403,1,1,510
1404,1,1,510
1405,1,1,510
1406,1,1,510
1407,1,1,510
1408,1,1,510
1409,1,1,510
1410,1,1,510
1411,1,1,510
1412,1,1,510
1413,1,1,510
1414,1,1,510
1415,1,1,510
1416,1,1,510
1417,1,1,510
1418,1,1,510
1419,1,1,510
1420,1,1,510
1421,1,1,510
1422,1,1,510
1423,1,1,510
1424,1,1,510
1425,1,1,510
1426,1,1,510
1427,1,1,510
1428,1,1,510
1429,1,1,510
1430,1,1,510
1431,1,1,510
1432,1,1,510
1433,1,1,510
1434,1,1,510
1435,1,1,510
1436,1,1,510
1437,1,1,510
1438,1,1,510
1439,1,1,510
1440,1,1,510
1441,1,1,510
1442,1,1,510
1443,1,1,510
1444,1,1,510
1445,1,1,510
1446,1,1,510
1447,1,1,510
1448,1,1,510
1449,1,1,510
1450,1,1,510
1451,1,1,510
1452,1,1,510
1453,1,1,510
1454,1,1,510
1455,1,1,510
1456,1,1,510
1457,1,1,510
1458,1,1,510
1459,1,1,510
1460,1,1,510
1461,1,1,510
1462,1,1,510
1463,1,1,510
1464,1,1,510
1465,1,1,510
1466,1,1,510
1467,1,1,510
1468,1,1,510
1469,1,1,510
1470,1,1,510
1471,1,1,510
1472,1,1,510
1473,1,1,510
1474,1,1,510
1475,1,1,510
1476,1,1,510
1477,1,1,510
1478,1,1,510
1479,1,1,510
1480,1,1,510
1481,1,1,510
1482,1,1,510
1483,1,1,510
1484,1,1,510
1485,1,1,510
1486,1,1,510
1487,1,1,510
1488,1,1,510
1489,1,1,510
1490,1,1,510
1491,1,1,510
1492,1,1,510
1493,1,1,510
1494,1,1,510
1495,1,1,510
1496,1,1,510
1497,1,1,510
1498,1,1,510
1499,1,1,510
1500,1,1,510
1501,1,1,510
1502,1,1,510
1503,1,1,510
1504,1,1,510
1505,1,1,510
1506,1,1,510
1507,1,1,510
1508,1,1,510
1509,1,1,510
1510,1,1,510
1511,1,1,510
1512,1,1,510
1513,1,1,510
1514,1,1,510
1515,1,1,510
1516,1,1,510
1517,1,1,510
1518,1,1,510
1519,1,1,510
1520,1,1,510
1521,1,1,510
1522,1,1,510
1523,1,1,510
1524,1,1,510
1525,1,1,510
1526,1,1,510
1527,1,1,510
1528,1,1,510
1529,1,1,510
1530,1,1,510
1531,1,1,510
1532,1,1,510
1533,1,1,510
1534,1,1,510
1535,1,1,510
1536,1,1,510
1537,1,1,510
1538,1,1,510
1539,1,1,510
1540,1,1,510
1541,1,1,510
1542,1,1,510
1543,1,1,510
1544,1,1,510
1545,1,1,510
1546,1,1,510
1547,1,1,510
1548,1,1,510
1549,1,1,510
1550,1,1,510
1551,1,1,510
1552,1,1,510
1553,1,1,510
1554,1,1,510
1555,1,1,510
1556,1,1,510
1557,1,1,510
1558,1,1,510
1559,1,1,510
1560,1,1,510
1561,1,1,510
1562,1,1,510
1563,1,1,510
1564,1,1,510
1565,1,1,510
1566,1,1,510
1567,1,1,510
1568,1,1,510
1569,1,1,510
1570,1,1,510
1571,1,1,510
1572,1,1,510
1573,1,1,510
1574,1,1,510
1575,1,1,510
1576,1,1,510
1577,1,1,510
1578,1,1,510
1579,1,1,510
1580,1,1,510
1581,1,1,510
1582,1,1,510
1583,1,1,510
1584,1,1,510
1585,1,1,510
1586,1,1,510
1587,1,1,510
1588,1,1,510
1589,1,1,510
1590,1,1,510
1591,1,1,510
1592,1,1,510
1593,1,1,510
1594,1,1,510
1595,1,1,510
1596,1,1,510
1597,1,1,510
1598,1,1,510
1599,1,1,510
1600,1,1,510
1601,1,1,510
1602,1,1,510
1603,1,1,510
1604,1,1,510
1605,1,1,510
1606,1,1,510
1607,1,1,510
1608,1,1,510
1609,1,1,510
1610,1,1,510
1611,1,1,510
1612,1,1,510
1613,1,1,510
1614,1,1,510
1615,1,1,510
1616,1,1,510
1617,1,1,510
1618,1,1,510
1619,1,1,510
1620,1,1,510
1621,1,1,510
1622,1,1,510
1623,1,1,510
1624,1,1,510
1625,1,1,510
1626,1,1,510
1627,1,1,510
1628,1,1,510
1629,1,1,510
1630,1,1,510
1631,1,1,510
1632,1,1,510
1633,1,1,510
1634,1,1,510
1635,1,1,510
1636,1,1,510
1637,1,1,510
1638,1,1,510
1639,1,1,510
1640,1,1,510
1641,1,1,510
1642,1,1,510
1643,1,1,510
1644,1,1,510
1645,1,1,510
1646,1,1,510
1647,1,1,510
1648,1,1,510
1649,1,1,510
1650,1,1,510
1651,1,1,510
1652,1,1,510
1653,1,1,510
1654,1,1,510
1655,1,1,510
1656,1,1,510
1657,1,1,510
1658,1,1,510
1659,1,1,510
1660,1,1,510
1661,1,1,510
1662,1,1,510
1663,1,1,510
1664,1,1,510
1665,1,1,510
1666,1,1,510
1667,1,1,510
1668,1,1,510
1669,1,1,510
1670,1,1,510
1671,1,1,510
1672,1,1,510
1673,1,1,510
1674,1,1,510
1675,1,1,510
1676,1,1,510
1677,1,1,510
1678,1,1,510
1679,1,1,510
1680,1,1,510
1681,1,1,510
1682,1,1,510
1683,1,1,510
1684,1,1,510
1685,1,1,510
1686,1,1,510
1687,1,1,510
1688,1,1,510
1689,1,1,510
1690,1,1,510
1691,1,1,510
1692,1,1,510
1693,1,1,510
1694,1,1,510
1695,1,1,510
1696,1,1,510
1697,1,1,510
1698,1,1,510
1699,1,1,510
1700,1,1,510
1701,1,1,510
1702,1,1,510
1703,1,1,510
1704,1,1,510
1705,1,1,510
1706,1,1,510
1707,1,1,510
1708,1,1,510
1709,1,1,510
1710,1,1,510
1711,1,1,510
1712,1,1,510
1713,1,1,510
1714,1,1,510
1715,1,1,510
1716,1,1,510
1717,1,1,510
1718,1,1,510
1719,1,1,510
1720,1,1,510
1721,1,1,510
1722,1,1,510
1723,1,1,510
1724,1,1,510
1725,1,1,510
1726,1,1,510
1727,1,1,510
1728,1,1,510
1729,1,1,510
1730,1,1,510
1731,1,1,510
1732,1,1,510
1733,1,1,510
1734,1,1,510
1735,1,1,510
1736,1,1,510
1737,1,1,510
1738,1,1,510
1739,1,1,510
1740,1,1,510
1741,1,1,510
1742,1,1,510
1743,1,1,510
1744,1,1,510
1745,1,1,510
1746,1,1,510
1747,1,1,510
1748,1,1,510
1749,1,1,510
1750,1,1,510
1751,1,1,510
1752,1,1,510
1753,1,1,510
1754,1,1,510
1755,1,1,510
1756,1,1,510
1757,1,1,510
1758,1,1,510
1759,1,1,510
1760,1,1,510
1761,1,1,510
1762,1,1,510
1763,1,1,510
1764,1,1,510
1765,1,1,510
1766,1,1,510
1767,1,1,510
1768,1,1,510
1769,1,1,510
1770,1,1,510
1771,1,1,510
1772,1,1,510
1773,1,1,510
1774,1,1,510
1775,1,1,510
1776,1,1,510
1777,1,1,510
1778,1,1,510
1779,1,1,510
1780,1,1,510
1781,1,1,510
1782,1,1,510
1783,1,1,510
1784,1,1,510
1785,1,1,510
1786,1,1,510
1787,1,1,510
1788,1,1,510
1789,1,1,510
1790,1,1,510
1791,1,1,510
1792,1,1,510
1793,1,1,510
1794,1,1,510
1795,1,1,510
1796,1,1,510
1797,1,1,510
1798,1,1,510
1799,1,1,510
1800,1,1,510
1801,1,1,510
1802,1,1,510
1803,1,1,510
1804,1,1,510
1805,1,1,510
1806,1,1,510
1807,1,1,510
1808,1,1,510
1809,1,1,510
1810,1,1,510
1811,1,1,510
1812,1,1,510
1813,1,1,510
1814,1,1,510
1815,1,1,510
1816,1,1,510
1817,1,1,510
1818,1,1,510
1819,1,1,510
1820,1,1,510
1821,1,1,510
1822,1,1,510
1823,1,1,510
1824,1,1,510
1825,1,1,510
1826,1,1,510
1827,1,1,510
1828,1,1,510
1829,1,1,510
1830,1,1,510
1831,1,1,510
1832,1,1,510
1833,1,1,510
1834,1,1,510
1835,1,1,510
1836,1,1,510
1837,1,1,510
1838,1,1,510
1839,1,1,510
1840,1,1,510
1841,1,1,510
1842,1,1,510
1843,1,1,510
1844,1,1,510
1845,1,1,510
1846,1,1,510
1847,1,1,510
1848,1,1,510
1849,1,1,510
1850,1,1,510
1851,1,1,510
1852,1,1,510
1853,1,1,510
1854,1,1,510
1855,1,1,510
1856,1,1,510
1857,1,1,510
1858,1,1,510
1859,1,1,510
1860,1,1,510
1861,1,1,510
1862,1,1,510
1863,1,1,510
1864,1,1,510
1865,1,1,510
1866,1,1,510
1867,1,1,510
1868,1,1,510
1869,1,1,510
1870,1,1,510
1871,1,1,510
1872,1,1,510
1873,1,1,510
1874,1,1,510
1875,1,1,510
1876,1,1,510
1877,1,1,510
1878,1,1,510
1879,1,1,510
1880,1,1,510
1881,1,1,510
1882,1,1,510
1883,1,1,510
1884,1,1,510
1885,1,1,510
1886,1,1,510
1887,1,1,510
1888,1,1,510
1889,1,1,510
1890,1,1,510
1891,1,1,510
1892,1,1,510
1893,1,1,510
1894,1,1,510
1895,1,1,510
1896,1,1,510
1897,1,1,510
1898,1,1,510
1899,1,1,510
1900,1,1,510
1901,1,1,510
1902,1,1,510
1903,1,1,510
1904,1,1,510
1905,1,1,510
1906,1,1,510
1907,1,1,510
1908,1,1,510
1909,1,1,510
1910,1,1,510
1911,1,1,510
1912,1,1,510
1913,1,1,510
1914,1,1,510
1915,1,1,510
1916,1,1,510
1917,1,1,510
1918,1,1,510
1919,1,1,510
1920,1,1,510
1921,1,1,510
1922,1,1,510
1923,1,1,510
1924,1,1,510
1925,1,1,510
1926,1,1,510
1927,1,1,510
1928,1,1,510
1929,1,1,510
1930,1,1,510
1931,1,1,510
1932,1,1,510
1933,1,1,510
1934,1,1,510
1935,1,1,510
1936,1,1,510
1937,1,1,510
1938,1,1,510
1939,1,1,510
1940,1,1,510
1941,1,1,510
1942,1,1,510
1943,1,1,510
1944,1,1,510
1945,1,1,510
1946,1,1,510
1947,1,1,510
1948,1,1,510
1949,1,1,510
1950,1,1,510
1951,1,1,510
1952,1,1,510
1953,1,1,510
1954,1,1,510
1955,1,1,510
1956,1,1,510
1957,1,1,510
1958,1,1,510
1959,1,1,510
1960,1,1,510
1961,1,1,510
1962,1,1,510
1963,1,1,510
1964,1,1,510
1965,1,1,510
1966,1,1,510
1967,1,1,510
1968,1,1,510
1969,1,1,510
1970,1,1,510
1971,1,1,510
1972,1,1,510
1973,1,1,510
1974,1,1,510
1975,1,1,510
1976,1,1,510
1977,1,1,510
1978,1,1,510
1979,1,1,510
1980,1,1,510
1981,1,1,510
1982,1,1,510
1983,1,1,510
1984,1,1,510
1985,1,1,510
1986,1,1,510
1987,1,1,510
1988,1,1,510
1989,1,1,510
1990,1,1,510
1991,1,1,510
1992,1,1,510
1993,1,1,510
1994,1,1,510
1995,1,1,510
1996,1,1,510
1997,1,1,510
1998,1,1,510
1999,1,1,510
2000,1,1,510
2001,1,1,510
2002,1,1,510
2003,1,1,510
2004,1,1,510
2005,1,1,510
2006,1,1,510
2007,1,1,510
2008,1,1,510
2009,1,1,510
2010,1,1,510
2011,1,1,510
2012,1,1,510
2013,1,1,510
2014,1,1,510
2015,1,1,510
2016,1,1,510
2017,1,1,510
2018,1,1,510
2019,1,1,510
2020,1,1,510
2021,1,1,510
2022,1,1,510
2023,1,1,510
2024,1,1,510
2025,1,1,510
2026,1,1,510
2027,1,1,510
2028,1,1,510
2029,1,1,510
2030,1,1,510
2031,1,1,510
2032,1,1,510
2033,1,1,510
2034,1,1,510
2035,1,1,510
2036,1,1,510
2037,1,1,510
2038,1,1,510
2039,1,1,510
2040,1,1,510
2041,1,1,510
2042,1,1,510
2043,1,1,510
2044,1,1,510
2045,1,1,510
2046,1,1,510
2047,1,1,510
2048,1,1,510
2049,1,1,510
2050,1,1,510
2051,1,1,510
2052,1,1,510
2053,1,1,510
2054,1,1,510
2055,1,1,510
2056,1,1,510
2057,1,1,510
2058,1,1,510
2059,1,1,510
2060,1,1,510
2061,1,1,510
2062,1,1,510
2063,1,1,510
2064,1,1,510
2065,1,1,510
2066,1,1,510
2067,1,1,510
2068,1,1,510
2069,1,1,510
2070,1,1,510
2071,1,1,510
2072,1,1,510
2073,1,1,510
2074,1,1,510
2075,1,1,510
2076,1,1,510
2077,1,1,510
2078,1,1,510
2079,1,1,510
2080,1,1,510
2081,1,1,510
2082,1,1,510
2083,1,1,510
2084,1,1,510
2085,1,1,510
2086,1,1,510
2087,1,1,510
2088,1,1,510
2089,1,1,510
2090,1,1,510
2091,1,1,510
2092,1,1,510
2093,1,1,510
2094,1,1,510
2095,1,1,510
2096,1,1,510
2097,1,1,510
2098,1,1,510
2099,1,1,510
2100,1,1,510
2101,1,1,510
2102,1,1,510
2103,1,1,510
2104,1,1,510
2105,1,1,510
2106,1,1,510
2107,1,1,510
2108,1,1,510
2109,1,1,510
2110,1,1,510
2111,1,1,510
2112,1,1,510
2113,1,1,510
2114,1,1,510
2115,1,1,510
2116,1,1,510
2117,1,1,510
2118,1,1,510
2119,1,1,510
2120,1,1,510
2121,1,1,510
2122,1,1,510
2123,1,1,510
2124,1,1,510
2125,1,1,510
2126,1,1,510
2127,1,1,510
2128,1,1,510
2129,1,1,510
2130,1,1,510
2131,1,1,510
2132,1,1,510
2133,1,1,510
2134,1,1,510
2135,1,1,510
2136,1,1,510
2137,1,1,510
2138,1,1,510
2139,1,1,510
2140,1,1,510
2141,1,1,510
2142,1,1,510
2143,1,1,510
2144,1,1,510
2145,1,1,510
2146,1,1,510
2147,1,1,510
2148,1,1,510
2149,1,1,510
2150,1,1,510
2151,1,1,510
2152,1,1,510
2153,1,1,510
2154,1,1,510
2155,1,1,510
2156,1,1,510
2157,1,1,510
2158,1,1,510
2159,1,1,510
2160,1,1,510
2161,1,1,510
2162,1,1,510
2163,1,1,510
2164,1,1,510
2165,1,1,510
2166,1,1,510
2167,1,1,510
2168,1,1,510
2169,1,1,510
2170,1,1,510
2171,1,1,510
2172,1,1,510
2173,1,1,510
2174,1,1,510
2175,1,1,510
2176,1,1,510
2177,1,1,510
2178,1,1,510
2179,1,1,510
2180,1,1,510
2181,1,1,510
2182,1,1,510
2183,1,1,510
2184,1,1,510
2185,1,1,510
2186,1,1,510
2187,1,1,510
2188,1,1,510
2189,1,1,510
2190,1,1,510
2191,1,1,510
2192,1,1,510
2193,1,1,510
2194,1,1,510
2195,1,1,510
2196,1,1,510
2197,1,1,510
2198,1,1,510
2199,1,1,510
2200,1,1,510
2201,1,1,510
2202,1,1,510
2203,1,1,510
2204,1,1,510
2205,1,1,510
2206,1,1,510
2207,1,1,510
2208,1,1,510
2209,1,1,510
2210,1,1,510
2211,1,1,510
2212,1,1,510
2213,1,1,510
2214,1,1,510
2215,1,1,510
2216,1,1,510
2217,1,1,510
2218,1,1,510
2219,1,1,510
2220,1,1,510
2221,1,1,510
2222,1,1,510
2223,1,1,510
2224,1,1,510
2225,1,1,510
2226,1,1,510
2227,1,1,510
2228,1,1,510
2229,1,1,510
2230,1,1,510
2231,1,1,510
2232,1,1,510
2233,1,1,510
2234,1,1,510
2235,1,1,510
2236,1,1,510
2237,1,1,510
2238,1,1,510
2239,1,1,510
2240,1,1,510
2241,1,1,510
2242,1,1,510
2243,1,1,510
2244,1,1,510
2245,1,1,510
2246,1,1,510
2247,1,1,510
2248,1,1,510
2249,1,1,510
2250,1,1,510
2251,1,1,510
2252,1,1,510
2253,1,1,510
2254,1,1,510
2255,1,1,510
2256,1,1,510
2257,1,1,510
2258,1,1,510
2259,1,1,510
2260,1,1,510
2261,1,1,510
2262,1,1,510
2263,1,1,510
2264,1,1,510
2265,1,1,510
2266,1,1,510
2267,1,1,510
2268,1,1,510
2269,1,1,510
2270,1,1,510
2271,1,1,510
2272,1,1,510
2273,1,1,510
2274,1,1,510
2275,1,1,510
2276,1,1,510
2277,1,1,510
2278,1,1,510
2279,1,1,510
2280,1,1,510
2281,1,1,510
2282,1,1,510
2283,1,1,510
2284,1,1,510
2285,1,1,510
2286,1,1,510
2287,1,1,510
2288,1,1,510
2289,1,1,510
2290,1,1,510
2291,1,1,510
2292,1,1,510
2293,1,1,510
2294,1,1,510
2295,1,1,510
2296,1,1,510
2297,1,1,510
2298,1,1,510
2299,1,1,510
2300,1,1,510
2301,1,1,510
2302,1,1,510
2303,1,1,510
2304,1,1,510
2305,1,1,510
2306,1,1,510
2307,1,1,510
2308,1,1,510
2309,1,1,510
2310,1,1,510
2311,1,1,510
2312,1,1,510
2313,1,1,510
2314,1,1,510
2315,1,1,510
2316,1,1,510
2317,1,1,510
2318,1,1,510
2319,1,1,510
2320,1,1,510
2321,1,1,510
2322,1,1,510
2323,1,1,510
2324,1,1,510
2325,1,1,510
2326,1,1,510
2327,1,1,510
2328,1,1,510
2329,1,1,510
2330,1,1,510
2331,1,1,510
2332,1,1,510
2333,1,1,510
2334,1,1,510
2335,1,1,510
2336,1,1,510
2337,1,1,510
2338,1,1,510
2339,1,1,510
2340,1,1,510
2341,1,1,510
2342,1,1,510
2343,1,1,510
2344,1,1,510
2345,1,1,510
2346,1,1,510
2347,1,1,510
2348,1,1,510
2349,1,1,510
2350,1,1,510
2351,1,1,510
2352,1,1,510
2353,1,1,510
2354,1,1,510
2355,1,1,510
2356,1,1,510
2357,1,1,510
2358,1,1,510
2359,1,1,510
2360,1,1,510
2361,1,1,510
2362,1,1,510
2363,1,1,510
2364,1,1,510
2365,1,1,510
2366,1,1,510
2367,1,1,510
2368,1,1,510
2369,1,1,510
2370,1,1,510
2371,1,1,510
2372,1,1,510
2373,1,1,510
2374,1,1,510
2375,1,1,510
2376,1,1,510
2377,1,1,510
2378,1,1,510
2379,1,1,510
2380,1,1,510
2381,1,1,510
2382,1,1,510
2383,1,1,510
2384,1,1,510
2385,1,1,510
2386,1,1,510
2387,1,1,510
2388,1,1,510
2389,1,1,510
2390,1,1,510
2391,1,1,510
2392,1,1,510
2393,1,1,510
2394,1,1,510
2395,1,1,510
2396,1,1,510
2397,1,1,510
2398,1,1,510
2399,1,1,510
2400,1,1,510
2401,1,1,510
2402,1,1,510
2403,1,1,510
2404,1,1,510
2405,1,1,510
2406,1,1,510
2407,1,1,510
2408,1,1,510
2409,1,1,510
2410,1,1,510
2411,1,1,510
2412,1,1,510
2413,1,1,510
2414,1,1,510
2415,1,1,510
2416,1,1,510
2417,1,1,510
2418,1,1,510
2419,1,1,510
2420,1,1,510
2421,1,1,510
2422,1,1,510
2423,1,1,510
2424,1,1,510
2425,1,1,510
2426,1,1,510
2427,1,1,510
2428,1,1,510
2429,1,1,510
2430,1,1,510
2431,1,1,510
2432,1,1,510
2433,1,1,510
2434,1,1,510
2435,1,1,510
2436,1,1,510
2437,1,1,510
2438,1,1,510
2439,1,1,510
2440,1,1,510
2441,1,1,510
2442,1,1,510
2443,1,1,510
2444,1,1,510
2445,1,1,510
2446,1,1,510
2447,1,1,510
2448,1,1,510
2449,1,1,510
2450,1,1,510
2451,1,1,510
2452,1,1,510
2453,1,1,510
2454,1,1,510
2455,1,1,510
2456,1,1,510
2457,1,1,510
2458,1,1,510
2459,1,1,510
2460,1,1,510
2461,1,1,510
2462,1,1,510
2463,1,1,510
2464,1,1,510
2465,1,1,510
2466,1,1,510
2467,1,1,510
2468,1,1,510
2469,1,1,510
2470,1,1,510
2471,1,1,510
2472,1,1,510
2473,1,1,510
2474,1,1,510
2475,1,1,510
2476,1,1,510
2477,1,1,510
2478,1,1,510
2479,1,1,510
2480,1,1,510
2481,1,1,510
2482,1,1,510
2483,1,1,510
2484,1,1,510
2485,1,1,510
2486,1,1,510
2487,1,1,510
2488,1,1,510
2489,1,1,510
2490,1,1,510
2491,1,1,510
2492,1,1,510
2493,1,1,510
2494,1,1,510
2495,1,1,510
2496,1,1,510
2497,1,1,510
2498,1,1,510
2499,1,1,510
2500,1,1,510
2501,1,1,510
2502,1,1,510
2503,1,1,510
2504,1,1,510
2505,1,1,510
2506,1,1,510
2507,1,1,510
2508,1,1,510
2509,1,1,510
2510,1,1,510
2511,1,1,510
2512,1,1,510
2513,1,1,510
2514,1,1,510
2515,1,1,510
2516,1,1,510
2517,1,1,510
2518,1,1,510
2519,1,1,510
2520,1,1,510
2521,1,1,510
2522,1,1,510
2523,1,1,510
2524,1,1,510
2525,1,1,510
2526,1,1,510
2527,1,1,510
2528,1,1,510
2529,1,1,510
2530,1,1,510
2531,1,1,510
2532,1,1,510
2533,1,1,510
2534,1,1,510
2535,1,1,510
2536,1,1,510
2537,1,1,510
2538,1,1,510
2539,1,1,510
2540,1,1,510
2541,1,1,510
2542,1,1,510
2543,1,1,510
2544,1,1,510
2545,1,1,510
2546,1,1,510
2547,1,1,510
2548,1,1,510
2549,1,1,510
2550,1,1,510
2551,1,1,510
2552,1,1,510
2553,1,1,510
2554,1,1,510
2555,1,1,510
2556,1,1,510
2557,1,1,510
2558,1,1,510
2559,1,1,510
2560,1,1,510
2561,1,1,510
2562,1,1,510
2563,1,1,510
2564,1,1,510
2565,1,1,510
2566,1,1,510
2567,1,1,510
2568,1,1,510
2569,1,1,510
2570,1,1,510
2571,1,1,510
2572,1,1,510
2573,1,1,510
2574,1,1,510
2575,1,1,510
2576,1,1,510
2577,1,1,510
2578,1,1,510
2579,1,1,510
2580,1,1,510
2581,1,1,510
2582,1,1,510
2583,1,1,510
2584,1,1,510
2585,1,1,510
2586,1,1,510
2587,1,1,510
2588,1,1,510
2589,1,1,510
2590,1,1,510
2591,1,1,510
2592,1,1,510
2593,1,1,510
2594,1,1,510
2595,1,1,510
2596,1,1,510
2597,1,1,510
2598,1,1,510
2599,1,1,510
2600,1,1,510
2601,1,1,510
2602,1,1,510
2603,1,1,510
2604,1,1,510
2605,1,1,510
2606,1,1,510
2607,1,1,510
2608,1,1,510
2609,1,1,510
2610,1,1,510
2611,1,1,510
2612,1,1,510
2613,1,1,510
2614,1,1,510
2615,1,1,510
2616,1,1,510
2617,1,1,510
2618,1,1,510
2619,1,1,510
2620,1,1,510
2621,1,1,510
2622,1,1,510
2623,1,1,510
2624,1,1,510
2625,1,1,510
2626,1,1,510
2627,1,1,510
2628,1,1,510
2629,1,1,510
2630,1,1,510
2631,1,1,510
2632,1,1,510
2633,1,1,510
2634,1,1,510
2635,1,1,510
2636,1,1,510
2637,1,1,510
2638,1,1,510
2639,1,1,510
2640,1,1,510
2641,1,1,510
2642,1,1,510
2643,1,1,510
2644,1,1,510
2645,1,1,510
2646,1,1,510
2647,1,1,510
2648,1,1,510
2649,1,1,510
2650,1,1,510
2651,1,1,510
2652,1,1,510
2653,1,1,510
2654,1,1,510
2655,1,1,510
2656,1,1,510
2657,1,1,510
2658,1,1,510
2659,1,1,510
2660,1,1,510
2661,1,1,510
2662,1,1,510
2663,1,1,510
2664,1,1,510
2665,1,1,510
2666,1,1,510
2667,1,1,510
2668,1,1,510
2669,1,1,510
2670,1,1,510
2671,1,1,510
2672,1,1,510
2673,1,1,510
2674,1,1,510
2675,1,1,510
2676,1,1,510
2677,1,1,510
2678,1,1,510
2679,1,1,510
2680,1,1,510
2681,1,1,510
2682,1,1,510
2683,1,1,510
2684,1,1,510
2685,1,1,510
2686,1,1,510
2687,1,1,510
2688,1,1,510
2689,1,1,510
2690,1,1,510
2691,1,1,510
2692,1,1,510
2693,1,1,510
2694,1,1,510
2695,1,1,510
2696,1,1,510
2697,1,1,510
2698,1,1,510
2699,1,1,510
2700,1,1,510
2701,1,1,510
2702,1,1,510
2703,1,1,510
2704,1,1,510
2705,1,1,510
2706,1,1,510
2707,1,1,510
2708,1,1,510
2709,1,1,510
2710,1,1,510
2711,1,1,510
2712,1,1,510
2713,1,1,510
2714,1,1,510
2715,1,1,510
2716,1,1,510
2717,1,1,510
2718,1,1,510
2719,1,1,510
2720,1,1,510
2721,1,1,510
2722,1,1,510
2723,1,1,510
2724,1,1,510
2725,1,1,510
2726,1,1,510
2727,1,1,510
2728,1,1,510
2729,1,1,510
2730,1,1,510
2731,1,1,510
2732,1,1,510
2733,1,1,510
2734,1,1,510
2735,1,1,510
2736,1,1,510
2737,1,1,510
2738,1,1,510
2739,1,1,510
2740,1,1,510
2741,1,1,510
2742,1,1,510
2743,1,1,510
2744,1,1,510
2745,1,1,510
2746,1,1,510
2747,1,1,510
2748,1,1,510
2749,1,1,510
2750,1,1,510
2751,1,1,510
2752,1,1,510
2753,1,1,510
2754,1,1,510
2755,1,1,510
2756,1,1,510
2757,1,1,510
2758,1,1,510
2759,1,1,510
2760,1,1,510
2761,1,1,510
2762,1,1,510
2763,1,1,510
2764,1,1,510
2765,1,1,510
2766,1,1,510
2767,1,1,510
2768,1,1,510
2769,1,1,510
2770,1,1,510
2771,1,1,510
2772,1,1,510
2773,1,1,510
2774,1,1,510
2775,1,1,510
2776,1,1,510
2777,1,1,510
2778,1,1,510
2779,1,1,510
2780,1,1,510
2781,1,1,510
2782,1,1,510
2783,1,1,510
2784,1,1,510
2785,1,1,510
2786,1,1,510
2787,1,1,510
2788,1,1,510
2789,1,1,510
2790,1,1,510
2791,1,1,510
2792,1,1,510
2793,1,1,510
2794,1,1,510
2795,1,1,510
2796,1,1,510
2797,1,1,510
2798,1,1,510
2799,1,1,510
2800,1,1,510
2801,1,1,510
2802,1,1,510
2803,1,1,510
2804,1,1,510
2805,1,1,510
2806,1,1,510
2807,1,1,510
2808,1,1,510
2809,1,1,510
2810,1,1,510
2811,1,1,510
2812,1,1,510
2813,1,1,510
2814,1,1,510
2815,1,1,510
2816,1,1,510
2817,1,1,510
2818,1,1,510
2819,1,1,510
2820,1,1,510
2821,1,1,510
2822,1,1,510
2823,1,1,510
2824,1,1,510
2825,1,1,510
2826,1,1,510
2827,1,1,510
2828,1,1,510
2829,1,1,510
2830,1,1,510
2831,1,1,510
2832,1,1,510
2833,1,1,510
2834,1,1,510
2835,1,1,510
2836,1,1,510
2837,1,1,510
2838,1,1,510
2839,1,1,510
2840,1,1,510
2841,1,1,510
2842,1,1,510
2843,1,1,510
2844,1,1,510
2845,1,1,510
2846,1,1,510
2847,1,1,510
2848,1,1,510
2849,1,1,510
2850,1,1,510
2851,1,1,510
2852,1,1,510
2853,1,1,510
2854,1,1,510
2855,1,1,510
2856,1,1,510
2857,1,1,510
2858,1,1,510
2859,1,1,510
2860,1,1,510
2861,1,1,510
2862,1,1,510
2863,1,1,510
2864,1,1,510
2865,1,1,510
2866,1,1,510
2867,1,1,510
2868,1,1,510
2869,1,1,510
2870,1,1,510
2871,1,1,510
2872,1,1,510
2873,1,1,510
2874,1,1,510
2875,1,1,510
2876,1,1,510
2877,1,1,510
2878,1,1,510
2879,1,1,510
2880,1,1,510
2881,1,1,510
2882,1,1,510
2883,1,1,510
2884,1,1,510
2885,1,1,510
2886,1,1,510
2887,1,1,510
2888,1,1,510
2889,1,1,510
2890,1,1,510
2891,1,1,510
2892,1,1,510
2893,1,1,510
2894,1,1,510
2895,1,1,510
2896,1,1,510
2897,1,1,510
2898,1,1,510
2899,1,1,510
2900,1,1,510
2901,1,1,510
2902,1,1,510
2903,1,1,510
2904,1,1,510
2905,1,1,510
2906,1,1,510
2907,1,1,510
2908,1,1,510
2909,1,1,510
2910,1,1,510
2911,1,1,510
2912,1,1,510
2913,1,1,510
2914,1,1,510
2915,1,1,510
2916,1,1,510
2917,1,1,510
2918,1,1,510
2919,1,1,510
2920,1,1,510
2921,1,1,510
2922,1,1,510
2923,1,1,510
2924,1,1,510
2925,1,1,510
2926,1,1,510
2927,1,1,510
2928,1,1,510
2929,1,1,510
2930,1,1,510
2931,1,1,510
2932,1,1,510
2933,1,1,510
2934,1,1,510
2935,1,1,510
2936,1,1,510
2937,1,1,510
2938,1,1,510
2939,1,1,510
2940,1,1,510
2941,1,1,510
2942,1,1,510
2943,1,1,510
2944,1,1,510
2945,1,1,510
2946,1,1,510
2947,1,1,510
2948,1,1,510
2949,1,1,510
2950,1,1,510
2951,1,1,510
2952,1,1,510
2953,1,1,510
2954,1,1,510
2955,1,1,510
2956,1,1,510
2957,1,1,510
2958,1,1,510
2959,1,1,510
2960,1,1,510
2961,1,1,510
2962,1,1,510
2963,1,1,510
2964,1,1,510
2965,1,1,510
2966,1,1,510
2967,1,1,510
2968,1,1,510
2969,1,1,510
2970,1,1,510
2971,1,1,510
2972,1,1,510
2973,1,1,510
2974,1,1,510
2975,1,1,510
2976,1,1,510
2977,1,1,510
2978,1,1,510
2979,1,1,510
2980,1,1,510
2981,1,1,510
2982,1,1,510
2983,1,1,510
2984,1,1,510
2985,1,1,510
2986,1,1,510
2987,1,1,510
2988,1,1,510
2989,1,1,510
2990,1,1,510
2991,1,1,510
2992,1,1,510
2993,1,1,510
2994,1,1,510
2995,1,1,510
2996,1,1,510
2997,1,1,510
2998,1,1,510
2999,1,1,510
3000,1,1,510
3001,1,1,510
3002,1,1,510
3003,1,1,510
3004,1,1,510
3005,1,1,510
3006,1,1,510
3007,1,1,510
3008,1,1,510
3009,1,1,510
3010,1,1,510
3011,1,1,510
3012,1,1,510
3013,1,1,510
3014,1,1,510
3015,1,1,510
3016,1,1,510
3017,1,1,510
3018,1,1,510
3019,1,1,510
3020,1,1,510
3021,1,1,510
3022,1,1,510
3023,1,1,510
3024,1,1,510
3025,1,1,510
3026,1,1,510
3027,1,1,510
3028,1,1,510
3029,1,1,510
3030,1,1,510
3031,1,1,510
3032,1,1,510
3033,1,1,510
3034,1,1,510
3035,1,1,510
3036,1,1,510
3037,1,1,510
3038,1,1,510
3039,1,1,510
3040,1,1,510
3041,1,1,510
3042,1,1,510
3043,1,1,510
3044,1,1,510
3045,1,1,510
3046,1,1,510
3047,1,1,510
3048,1,1,510
3049,1,1,510
3050,1,1,510
3051,1,1,510
3052,1,1,510
3053,1,1,510
3054,1,1,510
3055,1,1,510
3056,1,1,510
3057,1,1,510
3058,1,1,510
3059,1,1,510
3060,1,1,510
3061,1,1,510
3062,1,1,510
3063,1,1,510
3064,1,1,510
3065,1,1,510
3066,1,1,510
3067,1,1,510
3068,1,1,510
3069,1,1,510
3070,1,1,510
3071,1,1,510
3072,1,1,510
3073,1,1,510
3074,1,1,510
3075,1,1,510
3076,1,1,510
3077,1,1,510
3078,1,1,510
3079,1,1,510
3080,1,1,510
3081,1,1,510
3082,1,1,510
3083,1,1,510
3084,1,1,510
3085,1,1,510
3086,1,1,510
3087,1,1,510
3088,1,1,510
3089,1,1,510
3090,1,1,510
3091,1,1,510
3092,1,1,510
3093,1,1,510
3094,1,1,510
3095,1,1,510
3096,1,1,510
3097,1,1,510
3098,1,1,510
3099,1,1,510
3100,1,1,510
3101,1,1,510
3102,1,1,510
3103,1,1,510
3104,1,1,510
3105,1,1,510
3106,1,1,510
3107,1,1,510
3108,1,1,510
3109,1,1,510
3110,1,1,510
3111,1,1,510
3112,1,1,510
3113,1,1,510
3114,1,1,510
3115,1,1,510
3116,1,1,510
3117,1,1,510
3118,1,1,510
3119,1,1,510
3120,1,1,510
3121,1,1,510
3122,1,1,510
3123,1,1,510
3124,1,1,510
3125,1,1,510
3126,1,1,510
3127,1,1,510
3128,1,1,510
3129,1,1,510
3130,1,1,510
3131,1,1,510
3132,1,1,510
3133,1,1,510
3134,1,1,510
3135,1,1,510
3136,1,1,510
3137,1,1,510
3138,1,1,510
3139,1,1,510
3140,1,1,510
3141,1,1,510
3142,1,1,510
3143,1,1,510
3144,1,1,510
3145,1,1,510
3146,1,1,510
3147,1,1,510
3148,1,1,510
3149,1,1,510
3150,1,1,510
3151,1,1,510
3152,1,1,510
3153,1,1,510
3154,1,1,510
3155,1,1,510
3156,1,1,510
3157,1,1,510
3158,1,1,510
3159,1,1,510
3160,1,1,510
3161,1,1,510
3162,1,1,510
3163,1,1,510
3164,1,1,510
3165,1,1,510
3166,1,1,510
3167,1,1,510
3168,1,1,510
3169,1,1,510
3170,1,1,510
3171,1,1,510
3172,1,1,510
3173,1,1,510
3174,1,1,510
3175,1,1,510
3176,1,1,510
3177,1,1,510
3178,1,1,510
3179,1,1,510
3180,1,1,510
3181,1,1,510
3182,1,1,510
3183,1,1,510
3184,1,1,510
3185,1,1,510
3186,1,1,510
3187,1,1,510
3188,1,1,510
3189,1,1,510
3190,1,1,510
3191,1,1,510
3192,1,1,510
3193,1,1,510
3194,1,1,510
3195,1,1,510
3196,1,1,510
3197,1,1,510
3198,1,1,510
3199,1,1,510
3200,1,1,510
3201,1,1,510
3202,1,1,510
3203,1,1,510
3204,1,1,510
3205,1,1,510
3206,1,1,510
3207,1,1,510
3208,1,1,510
3209,1,1,510
3210,1,1,510
3211,1,1,510
3212,1,1,510
3213,1,1,510
3214,1,1,510
3215,1,1,510
3216,1,1,510
3217,1,1,510
3218,1,1,510
3219,1,1,510
3220,1,1,510
3221,1,1,510
3222,1,1,510
3223,1,1,510
3224,1,1,510
3225,1,1,510
3226,1,1,510
3227,1,1,510
3228,1,1,510
3229,1,1,510
3230,1,1,510
3231,1,1,510
3232,1,1,510
3233,1,1,510
3234,1,1,510
3235,1,1,510
3236,1,1,510
3237,1,1,510
3238,1,1,510
3239,1,1,510
3240,1,1,510
3241,1,1,510
3242,1,1,510
3243,1,1,510
3244,1,1,510
3245,1,1,510
3246,1,1,510
3247,1,1,510
3248,1,1,510
3249,1,1,510
3250,1,1,510
3251,1,1,510
3252,1,1,510
3253,1,1,510
3254,1,1,510
3255,1,1,510
3256,1,1,510
3257,1,1,510
3258,1,1,510
3259,1,1,510
3260,1,1,510
3261,1,1,510
3262,1,1,510
3263,1,1,510
3264,1,1,510
3265,1,1,510
3266,1,1,510
3267,1,1,510
3268,1,1,510
3269,1,1,510
3270,1,1,510
3271,1,1,510
3272,1,1,510
3273,1,1,510
3274,1,1,510
3275,1,1,510
3276,1,1,510
3277,1,1,510
3278,1,1,510
3279,1,1,510
3280,1,1,510
3281,1,1,510
3282,1,1,510
3283,1,1,510
3284,1,1,510
3285,1,1,510
3286,1,1,510
3287,1,1,510
3288,1,1,510
3289,1,1,510
3290,1,1,510
3291,1,1,510
3292,1,1,510
3293,1,1,510
3294,1,1,510
3295,1,1,510
3296,1,1,510
3297,1,1,510
3298,1,1,510
3299,1,1,510
3300,1,1,510
3301,1,1,510
3302,1,1,510
3303,1,1,510
3304,1,1,510
3305,1,1,510
3306,1,1,510
3307,1,1,510
3308,1,1,510
3309,1,1,510
3310,1,1,510
3311,1,1,510
3312,1,1,510
3313,1,1,510
3314,1,1,510
3315,1,1,510
3316,1,1,510
3317,1,1,510
3318,1,1,510
3319,1,1,510
3320,1,1,510
3321,1,1,510
3322,1,1,510
3323,1,1,510
3324,1,1,510
3325,1,1,510
3326,1,1,510
3327,1,1,510
3328,1,1,510
3329,1,1,510
3330,1,1,510
3331,1,1,510
3332,1,1,510
3333,1,1,510
3334,1,1,510
3335,1,1,510
3336,1,1,510
3337,1,1,510
3338,1,1,510
3339,1,1,510
3340,1,1,510
3341,1,1,510
3342,1,1,510
3343,1,1,510
3344,1,1,510
3345,1,1,510
3346,1,1,510
3347,1,1,510
3348,1,1,510
3349,1,1,510
3350,1,1,510
3351,1,1,510
3352,1,1,510
3353,1,1,510
3354,1,1,510
3355,1,1,510
3356,1,1,510
3357,1,1,510
3358,1,1,510
3359,1,1,510
3360,1,1,510
3361,1,1,510
3362,1,1,510
3363,1,1,510
3364,1,1,510
3365,1,1,510
3366,1,1,510
3367,1,1,510
3368,1,1,510
3369,1,1,510
3370,1,1,510
3371,1,1,510
3372,1,1,510
3373,1,1,510
3374,1,1,510
3375,1,1,510
3376,1,1,510
3377,1,1,510
3378,1,1,510
3379,1,1,510
3380,1,1,510
3381,1,1,510
3382,1,1,510
3383,1,1,510
3384,1,1,510
3385,1,1,510
3386,1,1,510
3387,1,1,510
3388,1,1,510
3389,1,1,510
3390,1,1,510
3391,1,1,510
3392,1,1,510
3393,1,1,510
3394,1,1,510
3395,1,1,510
3396,1,1,510
3397,1,1,510
3398,1,1,510
3399,1,1,510
3400,1,1,510
3401,1,1,510
3402,1,1,510
3403,1,1,510
3404,1,1,510
3405,1,1,510
3406,1,1,510
3407,1,1,510
3408,1,1,510
3409,1,1,510
3410,1,1,510
3411,1,1,510
3412,1,1,510
3413,1,1,510
3414,1,1,510
3415,1,1,510
3416,1,1,510
3417,1,1,510
3418,1,1,510
3419,1,1,510
3420,1,1,510
3421,1,1,510
3422,1,1,510
3423,1,1,510
3424,1,1,510
3425,1,1,510
3426,1,1,510
3427,1,1,510
3428,1,1,510
3429,1,1,510
3430,1,1,510
3431,1,1,510
3432,1,1,510
3433,1,1,510
3434,1,1,510
3435,1,1,510
3436,1,1,510
3437,1,1,510
3438,1,1,510
3439,1,1,510
3440,1,1,510
3441,1,1,510
3442,1,1,510
3443,1,1,510
3444,1,1,510
3445,1,1,510
3446,1,1,510
3447,1,1,510
3448,1,1,510
3449,1,1,510
3450,1,1,510
3451,1,1,510
3452,1,1,510
3453,1,1,510
3454,1,1,510
3455,1,1,510
3456,1,1,510
3457,1,1,510
3458,1,1,510
3459,1,1,510
3460,1,1,510
3461,1,1,510
3462,1,1,510
3463,1,1,510
3464,1,1,510
3465,1,1,510
3466,1,1,510
3467,1,1,510
3468,1,1,510
3469,1,1,510
3470,1,1,510
3471,1,1,510
3472,1,1,510
3473,1,1,510
3474,1,1,510
3475,1,1,510
3476,1,1,510
3477,1,1,510
3478,1,1,510
3479,1,1,510
3480,1,1,510
3481,1,1,510
3482,1,1,510
3483,1,1,510
3484,1,1,510
3485,1,1,510
3486,1,1,510
3487,1,1,510
3488,1,1,510
3489,1,1,510
3490,1,1,510
3491,1,1,510
3492,1,1,510
3493,1,1,510
3494,1,1,510
3495,1,1,510
3496,1,1,510
3497,1,1,510
3498,1,1,510
3499,1,1,510
3500,1,1,510
3501,1,1,510
3502,1,1,510
3503,1,1,510
3504,1,1,510
3505,1,1,510
3506,1,1,510
3507,1,1,510
3508,1,1,510
3509,1,1,510
3510,1,1,510
3511,1,1,510
3512,1,1,510
3513,1,1,510
3514,1,1,510
3515,1,1,510
3516,1,1,510
3517,1,1,510
3518,1,1,510
3519,1,1,510
3520,1,1,510
3521,1,1,510
3522,1,1,510
3523,1,1,510
3524,1,1,510
3525,1,1,510
3526,1,1,510
3527,1,1,510
3528,1,1,510
3529,1,1,510
3530,1,1,510
3531,1,1,510
3532,1,1,510
3533,1,1,510
3534,1,1,510
3535,1,1,510
3536,1,1,510
3537,1,1,510
3538,1,1,510
3539,1,1,510
3540,1,1,510
3541,1,1,510
3542,1,1,510
3543,1,1,510
3544,1,1,510
3545,1,1,510
3546,1,1,510
3547,1,1,510
3548,1,1,510
3549,1,1,510
3550,1,1,510
3551,1,1,510
3552,1,1,510
3553,1,1,510
3554,1,1,510
3555,1,1,510
3556,1,1,510
3557,1,1,510
3558,1,1,510
3559,1,1,510
3560,1,1,510
3561,1,1,510
3562,1,1,510
3563,1,1,510
3564,1,1,510
3565,1,1,510
3566,1,1,510
3567,1,1,510
3568,1,1,510
3569,1,1,510
3570,1,1,510
3571,1,1,510
3572,1,1,510
3573,1,1,510
3574,1,1,510
3575,1,1,510
3576,1,1,510
3577,1,1,510
3578,1,1,510
3579,1,1,510
3580,1,1,510
3581,1,1,510
3582,1,1,510
3583,1,1,510
3584,1,1,510
3585,1,1,510
3586,1,1,510
3587,1,1,510
3588,1,1,510
3589,1,1,510
3590,1,1,510
3591,1,1,510
3592,1,1,510
3593,1,1,510
3594,1,1,510
3595,1,1,510
3596,1,1,510
3597,1,1,510
3598,1,1,510
3599,1,1,510
3600,1,1,510
3601,1,1,510
3602,1,1,510
3603,1,1,510
3604,1,1,510
3605,1,1,510
3606,1,1,510
3607,1,1,510
3608,1,1,510
3609,1,1,510
3610,1,1,510
3611,1,1,510
3612,1,1,510
3613,1,1,510
3614,1,1,510
3615,1,1,510
3616,1,1,510
3617,1,1,510
3618,1,1,510
3619,1,1,510
3620,1,1,510
3621,1,1,510
3622,1,1,510
3623,1,1,510
3624,1,1,510
3625,1,1,510
3626,1,1,510
3627,1,1,510
3628,1,1,510
3629,1,1,510
3630,1,1,510
3631,1,1,510
3632,1,1,510
3633,1,1,510
3634,1,1,510
3635,1,1,510
3636,1,1,510
3637,1,1,510
3638,1,1,510
3639,1,1,510
3640,1,1,510
3641,1,1,510
3642,1,1,510
3643,1,1,510
3644,1,1,510
3645,1,1,510
3646,1,1,510
3647,1,1,510
3648,1,1,510
3649,1,1,510
3650,1,1,510
3651,1,1,510
3652,1,1,510
3653,1,1,510
3654,1,1,510
3655,1,1,510
3656,1,1,510
3657,1,1,510
3658,1,1,510
3659,1,1,510
3660,1,1,510
3661,1,1,510
3662,1,1,510
3663,1,1,510
3664,1,1,510
3665,1,1,510
3666,1,1,510
3667,1,1,510
3668,1,1,510
3669,1,1,510
3670,1,1,510
3671,1,1,510
3672,1,1,510
3673,1,1,510
3674,1,1,510
3675,1,1,510
3676,1,1,510
3677,1,1,510
3678,1,1,510
3679,1,1,510
3680,1,1,510
3681,1,1,510
3682,1,1,510
3683,1,1,510
3684,1,1,510
3685,1,1,510
3686,1,1,510
3687,1,1,510
3688,1,1,510
3689,1,1,510
3690,1,1,510
3691,1,1,510
3692,1,1,510
3693,1,1,510
3694,1,1,510
3695,1,1,510
3696,1,1,510
3697,1,1,510
3698,1,1,510
3699,1,1,510
3700,1,1,510
3701,1,1,510
3702,1,1,510
3703,1,1,510
3704,1,1,510
3705,1,1,510
3706,1,1,510
3707,1,1,510
3708,1,1,510
3709,1,1,510
3710,1,1,510
3711,1,1,510
3712,1,1,510
3713,1,1,510
3714,1,1,510
3715,1,1,510
3716,1,1,510
3717,1,1,510
3718,1,1,510
3719,1,1,510
3720,1,1,510
3721,1,1,510
3722,1,1,510
3723,1,1,510
3724,1,1,510
3725,1,1,510
3726,1,1,510
3727,1,1,510
3728,1,1,510
3729,1,1,510
3730,1,1,510
3731,1,1,510
3732,1,1,510
3733,1,1,510
3734,1,1,510
3735,1,1,510
3736,1,1,510
3737,1,1,510
3738,1,1,510
3739,1,1,510
3740,1,1,510
3741,1,1,510
3742,1,1,510
3743,1,1,510
3744,1,1,510
3745,1,1,510
3746,1,1,510
3747,1,1,510
3748,1,1,510
3749,1,1,510
3750,1,1,510
3751,1,1,510
3752,1,1,510
3753,1,1,510
3754,1,1,510
3755,1,1,510
3756,1,1,510
3757,1,1,510
3758,1,1,510
3759,1,1,510
3760,1,1,510
3761,1,1,510
3762,1,1,510
3763,1,1,510
3764,1,1,510
3765,1,1,510
3766,1,1,510
3767,1,1,510
3768,1,1,510
3769,1,1,510
3770,1,1,510
3771,1,1,510
3772,1,1,510
3773,1,1,510
3774,1,1,510
3775,1,1,510
3776,1,1,510
3777,1,1,510
3778,1,1,510
3779,1,1,510
3780,1,1,510
3781,1,1,510
3782,1,1,510
3783,1,1,510
3784,1,1,510
3785,1,1,510
3786,1,1,510
3787,1,1,510
3788,1,1,510
3789,1,1,510
3790,1,1,510
3791,1,1,510
3792,1,1,510
3793,1,1,510
3794,1,1,510
3795,1,1,510
3796,1,1,510
3797,1,1,510
3798,1,1,510
3799,1,1,510
3800,1,1,510
3801,1,1,510
3802,1,1,510
3803,1,1,510
3804,1,1,510
3805,1,1,510
3806,1,1,510
3807,1,1,510
3808,1,1,510
3809,1,1,510
3810,1,1,510
3811,1,1,510
3812,1,1,510
3813,1,1,510
3814,1,1,510
3815,1,1,510
3816,1,1,510
3817,1,1,510
3818,1,1,510
3819,1,1,510
3820,1,1,510
3821,1,1,510
3822,1,1,510
3823,1,1,510
3824,1,1,510
3825,1,1,510
3826,1,1,510
3827,1,1,510
3828,1,1,510
3829,1,1,510
3830,1,1,510
3831,1,1,510
3832,1,1,510
3833,1,1,510
3834,1,1,510
3835,1,1,510
3836,1,1,510
3837,1,1,510
3838,1,1,510
3839,1,1,510
3840,1,1,510
3841,1,1,510
3842,1,1,510
3843,1,1,510
3844,1,1,510
3845,1,1,510
3846,1,1,510
3847,1,1,510
3848,1,1,510
3849,1,1,510
3850,1,1,510
3851,1,1,510
3852,1,1,510
3853,1,1,510
3854,1,1,510
3855,1,1,510
3856,1,1,510
3857,1,1,510
3858,1,1,510
3859,1,1,510
3860,1,1,510
3861,1,1,510
3862,1,1,510
3863,1,1,510
3864,1,1,510
3865,1,1,510
3866,1,1,510
3867,1,1,510
3868,1,1,510
3869,1,1,510
3870,1,1,510
3871,1,1,510
3872,1,1,510
3873,1,1,510
3874,1,1,510
3875,1,1,510
3876,1,1,510
3877,1,1,510
3878,1,1,510
3879,1,1,510
3880,1,1,510
3881,1,1,510
3882,1,1,510
3883,1,1,510
3884,1,1,510
3885,1,1,510
3886,1,1,510
3887,1,1,510
3888,1,1,510
3889,1,1,510
3890,1,1,510
3891,1,1,510
3892,1,1,510
3893,1,1,510
3894,1,1,510
3895,1,1,510
3896,1,1,510
3897,1,1,510
3898,1,1,510
3899,1,1,510
3900,1,1,510
3901,1,1,510
3902,1,1,510
3903,1,1,510
3904,1,1,510
3905,1,1,510
3906,1,1,510
3907,1,1,510
3908,1,1,510
3909,1,1,510
3910,1,1,510
3911,1,1,510
3912,1,1,510
3913,1,1,510
3914,1,1,510
3915,1,1,510
3916,1,1,510
3917,1,1,510
3918,1,1,510
3919,1,1,510
3920,1,1,510
3921,1,1,510
3922,1,1,510
3923,1,1,510
3924,1,1,510
3925,1,1,510
3926,1,1,510
3927,1,1,510
3928,1,1,510
3929,1,1,510
3930,1,1,510
3931,1,1,510
3932,1,1,510
3933,1,1,510
3934,1,1,510
3935,1,1,510
3936,1,1,510
3937,1,1,510
3938,1,1,510
3939,1,1,510
3940,1,1,510
3941,1,1,510
3942,1,1,510
3943,1,1,510
3944,1,1,510
3945,1,1,510
3946,1,1,510
3947,1,1,510
3948,1,1,510
3949,1,1,510
3950,1,1,510
3951,1,1,510
3952,1,1,510
3953,1,1,510
3954,1,1,510
3955,1,1,510
3956,1,1,510
3957,1,1,510
3958,1,1,510
3959,1,1,510
3960,1,1,510
3961,1,1,510
3962,1,1,510
3963,1,1,510
3964,1,1,510
3965,1,1,510
3966,1,1,510
3967,1,1,510
3968,1,1,510
3969,1,1,510
3970,1,1,510
3971,1,1,510
3972,1,1,510
3973,1,1,510
3974,1,1,510
3975,1,1,510
3976,1,1,510
3977,1,1,510
3978,1,1,510
3979,1,1,510
3980,1,1,510
3981,1,1,510
3982,1,1,510
3983,1,1,510
3984,1,1,510
3985,1,1,510
3986,1,1,510
3987,1,1,510
3988,1,1,510
3989,1,1,510
3990,1,1,510
3991,1,1,510
3992,1,1,510
3993,1,1,510
3994,1,1,510
3995,1,1,510
3996,1,1,510
3997,1,1,510
3998,1,1,510
3999,1,1,510
4000,1,1,510
4001,1,1,510
4002,1,1,510
4003,1,1,510
4004,1,1,510
4005,1,1,510
4006,1,1,510
4007,1,1,510
4008,1,1,510
4009,1,1,510
4010,1,1,510
4011,1,1,510
4012,1,1,510
4013,1,1,510
4014,1,1,510
4015,1,1,510
4016,1,1,510
4017,1,1,510
4018,1,1,510
4019,1,1,510
4020,1,1,510
4021,1,1,510
4022,1,1,510
4023,1,1,510
4024,1,1,510
4025,1,1,510
4026,1,1,510
4027,1,1,510
4028,1,1,510
4029,1,1,510
4030,1,1,510
4031,1,1,510
4032,1,1,510
4033,1,1,510
4034,1,1,510
4035,1,1,510
4036,1,1,510
4037,1,1,510
4038,1,1,510
4039,1,1,510
4040,1,1,510
4041,1,1,510
4042,1,1,510
4043,1,1,510
4044,1,1,510
4045,1,1,510
4046,1,1,510
4047,1,1,510
4048,1,1,510
4049,1,1,510
4050,1,1,510
4051,1,1,510
4052,1,1,510
4053,1,1,510
4054,1,1,510
4055,1,1,510
4056,1,1,510
4057,1,1,510
4058,1,1,510
4059,1,1,510
4060,1,1,510
4061,1,1,510
4062,1,1,510
4063,1,1,510
4064,1,1,510
4065,1,1,510
4066,1,1,510
4067,1,1,510
4068,1,1,510
4069,1,1,510
4070,1,1,510
4071,1,1,510
4072,1,1,510
4073,1,1,510
4074,1,1,510
4075,1,1,510
4076,1,1,510
4077,1,1,510
4078,1,1,510
4079,1,1,510
4080,1,1,510
4081,1,1,510
4082,1,1,510
4083,1,1,510
4084,1,1,510
4085,1,1,510
4086,1,1,510
4087,1,1,510
4088,1,1,510
4089,1,1,510
4090,1,1,510
4091,1,1,510
4092,1,1,510
4093,1,1,510
4094,1,1,510
4095,1,1,510
4096,1,1,510
4097,1,1,510
4098,1,1,510
4099,1,1,510
4100,1,1,510
4101,1,1,510
4102,1,1,510
4103,1,1,510
4104,1,1,510
4105,1,1,510
4106,1,1,510
4107,1,1,510
4108,1,1,510
4109,1,1,510
4110,1,1,510
4111,1,1,510
4112,1,1,510
4113,1,1,510
4114,1,1,510
4115,1,1,510
4116,1,1,510
4117,1,1,510
4118,1,1,510
4119,1,1,510
4120,1,1,510
4121,1,1,510
4122,1,1,510
4123,1,1,510
4124,1,1,510
4125,1,1,510
4126,1,1,510
4127,1,1,510
