frame,frame_id,method,random_rep,probe_rank,seed_index,start_pose_matrix16,terminal_pose_matrix16,terminal_pose_xyz_q_xyzw,converged,iterations,runtime_ms,raw_ndt_score_sum,nominal_ndt_score_sum,delta_score_sum,translation_from_nominal_m,rotation_from_nominal_deg,source_points,source_hash,target_points,status
2350,F023,COND_RANDOM2,2,1,122,0.79858243465423584;-0.07842438668012619;-0.59675431251525879;28.902933120727539;0.046180561184883118;0.99653589725494385;-0.069163687527179718;5.7631888389587402;0.60011118650436401;0.027674457058310509;0.79943770170211792;7.8387441635131836;0;0;0;1,0.84462249279022217;-0.096327029168605804;-0.52662509679794312;28.859268188476562;0.013825617730617523;0.98727625608444214;-0.15841242671012878;5.8207759857177734;0.53518384695053101;0.12651778757572174;0.83520746231079102;7.7570476531982422;0;0;0;1,28.859268188476562;5.8207759857177734;7.7570476531982422;0.074395516274944007;-0.27723919961774129;0.028760947854052425;0.95748448615736603,1,9,9.4636370000000003,1223.3985532514989,1223.3985505615358,2.6899631393462187e-06,0,5.5565770167425603e-07,436,12902184698968658703,549606,SUCCESS
2350,F023,COND_RANDOM2,2,2,30,0.35294964909553528;0.80230236053466797;-0.48139125108718872;28.555191040039062;-0.86019265651702881;0.48065859079360962;0.17039947211742401;6.2106919288635254;0.3680967390537262;0.35394677519798279;0.85978281497955322;8.0134296417236328;0;0;0;1,0.53146255016326904;0.7827293872833252;0.32385534048080444;27.687492370605469;-0.84679460525512695;0.4809650182723999;0.22718197107315063;6.7281198501586914;0.02205890417098999;-0.39497768878936768;0.9184257984161377;9.0669708251953125;0;0;0;1,27.687492370605469;6.7281198501586914;9.0669708251953125;-0.18170831635659956;0.088142844774597162;-0.47591973612091226;0.85598675892357845,1,80,67.041652999999997,940.46462688273402,1223.3985505615358,-282.93392367880176,1.9779359102249146,79.659472527339915,436,12902184698968658703,549606,ITERATION_LIMIT
2350,F023,COND_RANDOM2,2,3,260,0.22001004219055176;-0.88705873489379883;-0.40586012601852417;29.23063850402832;0.85551726818084717;0.37536284327507019;-0.35664129257202148;5.320223331451416;0.46870657801628113;-0.26875567436218262;0.84147757291793823;7.6813817024230957;0;0;0;1,0.37967061996459961;-0.24419400095939636;-0.89231133460998535;30.252412796020508;0.77287435531616211;0.61382961273193359;0.16086782515048981;5.1322731971740723;0.50844413042068481;-0.75072133541107178;0.42178437113761902;6.7569766044616699;0;0;0;1,30.252412796020508;5.1322731971740723;6.7569766044616699;-0.29328172363849808;-0.45065912908307071;0.32721709898669399;0.77705929637605653,1,49,44.739064999999997,1195.1065850712907,1223.3985505615358,-28.291965490245047,1.8479800224304199,62.1361357046151,436,12902184698968658703,549606,SUCCESS
2350,F023,COND_RANDOM2,2,4,209,0.69590884447097778;0.4672272801399231;-0.54535269737243652;28.748357772827148;-0.44574698805809021;0.87644469738006592;0.18208326399326324;5.9870123863220215;0.56304574012756348;0.11637596040964127;0.81819075345993042;7.9078874588012695;0;0;0;1,0.83244812488555908;-0.14371275901794434;-0.53514164686203003;28.779172897338867;0.013069808483123779;0.97060424089431763;-0.2403256744146347;5.833808422088623;0.55394876003265381;0.19306446611881256;0.809856116771698;7.6108832359313965;0;0;0;1,28.779172897338867;5.833808422088623;7.6108832359313965;0.11400412323137837;-0.28648735941456277;0.04124196070525106;0.95038263528912525,1,64,58.880707000000001,1243.959563569661,1223.3985505615358,20.561013008125201,0.16717995703220367,4.9432295046222103,436,12902184698968658703,549606,SUCCESS
2350,F023,COND_RANDOM2,2,5,216,0.61266958713531494;-0.56405460834503174;-0.55360496044158936;29.078163146972656;0.55843198299407959;0.80462926626205444;-0.20180553197860718;5.5368537902832031;0.55927610397338867;-0.18551062047481537;0.80795794725418091;7.7510032653808594;0;0;0;1,0.73614376783370972;-0.61998289823532104;-0.27150246500968933;28.552623748779297;0.4409669041633606;0.7436518669128418;-0.50252372026443481;4.6968541145324707;0.51345944404602051;0.2502061128616333;0.82082659006118774;8.0403308868408203;0;0;0;1,28.552623748779297;4.6968541145324707;8.0403308868408203;0.20716253773153576;-0.21603328836753694;0.29198929522681977;0.90838073116435258,1,32,30.68235,1198.806046661173,1223.3985505615358,-24.592503900362772,1.1989498138427734,35.096567162651176,436,12902184698968658703,549606,SUCCESS
2350,F023,COND_RANDOM2,2,6,245,0.7565416693687439;-0.20304077863693237;-0.62162625789642334;29.003725051879883;0.31599909067153931;0.94573646783828735;0.075677946209907532;5.675682544708252;0.5725288987159729;-0.25368687510490417;0.77964967489242554;7.7736968994140625;0;0;0;1,0.7515178918838501;-0.59741044044494629;-0.27986007928848267;28.569110870361328;0.42352119088172913;0.76215094327926636;-0.48964869976043701;4.6763062477111816;0.50581687688827515;0.24945308268070221;0.82578593492507935;8.0488853454589844;0;0;0;1,28.569110870361328;4.6763062477111816;8.0488853454589844;0.20222575608867946;-0.21496919677223264;0.27933726580659124;0.91370875006489949,1,47,43.871909000000002,1192.1172125440619,1223.3985505615358,-31.2813380174739,1.2162119150161743,33.513050035005634,436,12902184698968658703,549606,SUCCESS
2350,F023,COND_RANDOM2,2,7,248,0.80385798215866089;0.055899180471897125;-0.59218889474868774;28.802141189575195;-0.2242676317691803;0.95058315992355347;-0.21469922363758087;5.8506951332092285;0.55092328786849976;0.30539646744728088;0.77667015790939331;7.9037914276123047;0;0;0;1,0.83319491147994995;-0.13870245218276978;-0.53530168533325195;28.783718109130859;0.014151141047477722;0.97306293249130249;-0.23010490834712982;5.8340649604797363;0.55279833078384399;0.18414711952209473;0.8127138614654541;7.6171169281005859;0;0;0;1,28.783718109130859;5.8340649604797363;7.6171169281005859;0.10887848111852398;-0.28598695743082986;0.040174738914427036;0.95117975529441201,1,30,28.429672,1245.0776023102787,1223.3985505615358,21.67905174874295,0.1595776230096817,4.3420895102725474,436,12902184698968658703,549606,SUCCESS
2350,F023,COND_RANDOM2,2,8,0,0.73427414894104004;-0.40752238035202026;-0.54292452335357666;28.976255416870117;0.29823169112205505;0.91210418939590454;-0.28128963708877563;5.6388812065124512;0.60983550548553467;0.044626396149396896;0.79127055406570435;7.8121423721313477;0;0;0;1,0.85959112644195557;-0.22293365001678467;-0.45978656411170959;28.713338851928711;0.039195552468299866;0.92592459917068481;-0.37566909193992615;5.8065185546875;0.50947695970535278;0.30490022897720337;0.80465459823608398;7.9606695175170898;0;0;0;1,28.713338851928711;5.8065185546875;7.9606695175170898;0.179591116106878;-0.25577279594298341;0.069171610579011736;0.94738724720195622,1,23,21.823474000000001,1207.6022726743793,1223.3985505615358,-15.796277887156521,0.25091931223869324,13.203702748097211,436,12902184698968658703,549606,SUCCESS
2350,F023,COND_RANDOM2,2,9,135,0.55744987726211548;0.64657425880432129;-0.52076041698455811;28.65228271484375;-0.67924404144287109;0.71587198972702026;0.16172485053539276;6.0946011543273926;0.4773649275302887;0.26356989145278931;0.83824437856674194;7.9616308212280273;0;0;0;1,0.67401212453842163;-0.2253134548664093;-0.70352083444595337;28.224332809448242;-0.41716241836547852;0.66987395286560059;-0.61420232057571411;4.7667737007141113;0.60965836048126221;0.70746225118637085;0.35751083493232727;8.0268468856811523;0;0;0;1,28.224332809448242;4.7667737007141113;8.0268468856811523;0.4020657168310291;-0.39948436662116105;-0.058362683452809205;0.82179632352221421,1,47,40.889592,1233.8391004406351,1223.3985505615358,10.440549879099308,1.2597044706344604,44.40828146725368,436,12902184698968658703,549606,SUCCESS
2350,F023,COND_RANDOM2,2,10,74,0.44314229488372803;-0.74849790334701538;-0.49333131313323975;29.152450561523438;0.73055827617645264;0.62046259641647339;-0.28515052795410156;5.4320807456970215;0.51952821016311646;-0.23404504358768463;0.82177454233169556;7.716820240020752;0;0;0;1,0.73063230514526367;-0.62304115295410156;-0.27927792072296143;28.527095794677734;0.44654905796051025;0.74547296762466431;-0.49483740329742432;4.6556334495544434;0.5164981484413147;0.2368328869342804;0.82288509607315063;8.0354242324829102;0;0;0;1,28.527095794677734;4.6556334495544434;8.0354242324829102;0.20141643206206095;-0.21906366666969931;0.29444005985633936;0.90815614405916534,1,73,66.071759999999998,1198.8932458154363,1223.3985505615358,-24.505304746099455,1.2431368827819824,34.994528418639902,436,12902184698968658703,549606,SUCCESS
2350,F023,COND_RANDOM2,2,11,168,0.78464776277542114;0.19201815128326416;-0.58945482969284058;28.829385757446289;-0.19643747806549072;0.9788362979888916;0.057375211268663406;5.8704013824462891;0.58799684047698975;0.070771679282188416;0.80576121807098389;7.8713979721069336;0;0;0;1,0.83244717121124268;-0.14371442794799805;-0.53514266014099121;28.779172897338867;0.013069748878479004;0.9706035852432251;-0.24032817780971527;5.8338088989257812;0.55395007133483887;0.19306632876396179;0.80985468626022339;7.6108837127685547;0;0;0;1,28.779172897338867;5.8338088989257812;7.6108837127685547;0.11400532147674837;-0.28648809591864172;0.04124240203891754;0.9503822503845254,1,34,31.933845999999999,1243.9595495804931,1223.3985505615358,20.560999018957318,0.16717956960201263,4.9433956189263322,436,12902184698968658703,549606,SUCCESS
2350,F023,COND_RANDOM2,2,12,15,0.75934034585952759;0.26957765221595764;-0.59222477674484253;28.765722274780273;-0.36221134662628174;0.9312140941619873;-0.040537260472774506;5.9247865676879883;0.54056012630462646;0.24529209733009338;0.80475246906280518;7.9127860069274902;0;0;0;1,0.83244723081588745;-0.1437145471572876;-0.53514271974563599;28.7791748046875;0.013069838285446167;0.97060370445251465;-0.24032825231552124;5.8338093757629395;0.55395013093948364;0.19306638836860657;0.80985468626022339;7.6108837127685547;0;0;0;1,28.7791748046875;5.8338093757629395;7.6108837127685547;0.11400534991760609;-0.28648811009551411;0.041242454442446681;0.9503822404252027,1,54,50.264600000000002,1243.9595466081639,1223.3985505615358,20.560996046628134,0.1671786904335022,4.9434008866129586,436,12902184698968658703,549606,SUCCESS
2350,F023,COND_RANDOM2,2,13,189,0.70137816667556763;-0.40525811910629272;-0.58637410402297974;29.028598785400391;0.41856691241264343;0.90003818273544312;-0.12138000875711441;5.6098613739013672;0.57694929838180542;-0.1603035032749176;0.80089467763900757;7.7727508544921875;0;0;0;1,0.73952353000640869;-0.61269098520278931;-0.27877360582351685;28.565689086914062;0.43536412715911865;0.75121909379959106;-0.49611279368400574;4.6982831954956055;0.51338386535644531;0.24551905691623688;0.82228785753250122;8.0446548461914062;0;0;0;1,28.565689086914062;4.6982831954956055;8.0446548461914062;0.2037256276322362;-0.21760497188610098;0.28789983249275736;0.91008660648695561,1,28,26.540659999999999,1193.5438861241093,1223.3985505615358,-29.854664437426436,1.1953647136688232,34.446232706620904,436,12902184698968658703,549606,SUCCESS
2350,F023,COND_RANDOM2,2,14,225,0.76992666721343994;-0.23566913604736328;-0.59302020072937012;28.959907531738281;0.22055630385875702;0.97031098604202271;-0.099254921078681946;5.6926050186157227;0.59880536794662476;-0.054375346750020981;0.79904663562774658;7.8091888427734375;0;0;0;1,0.84725666046142578;-0.1843857616186142;-0.49815464019775391;28.753000259399414;0.027014583349227905;0.95156347751617432;-0.30626323819160461;5.8285436630249023;0.53049635887145996;0.24602612853050232;0.8111996054649353;7.7961697578430176;0;0;0;1,28.753000259399414;5.8285436630249023;7.7961697578430176;0.14533890907996047;-0.27069689013939641;0.055631517403834242;0.95000259444259061,1,14,13.34314,1224.2822678623177,1223.3985505615358,0.88371730078188193,0.11350660026073456,8.769535242965496,436,12902184698968658703,549606,SUCCESS
2350,F023,COND_RANDOM2,2,15,20,0.69345825910568237;0.42931756377220154;-0.57862085103988647;28.713088989257812;-0.51441711187362671;0.85731637477874756;0.019588256254792213;5.9962630271911621;0.50447070598602295;0.28406882286071777;0.8153613805770874;7.9379467964172363;0;0;0;1,0.83244729042053223;-0.14371505379676819;-0.53514248132705688;28.779172897338867;0.013069868087768555;0.97060346603393555;-0.24032919108867645;5.8338088989257812;0.55395007133483887;0.19306716322898865;0.80985456705093384;7.6108832359313965;0;0;0;1,28.779172897338867;5.8338088989257812;7.6108832359313965;0.11400580522467545;-0.28648804308909676;0.041242597194145102;0.95038219981159933,1,72,66.054857999999996,1243.9595134924841,1223.3985505615358,20.560962930948335,0.16717998683452606,4.9434526612745211,436,12902184698968658703,549606,SUCCESS
2350,F023,COND_RANDOM2,2,16,247,0.8059617280960083;-0.01163360383361578;-0.59185338020324707;28.852537155151367;-0.090619184076786041;0.98559808731079102;-0.14277464151382446;5.8069419860839844;0.58499056100845337;0.16870416700839996;0.7933000922203064;7.8712677955627441;0;0;0;1,0.83310914039611816;-0.1370081901550293;-0.53587114810943604;28.78526496887207;0.013963282108306885;0.97373616695404053;-0.22725038230419159;5.833458423614502;0.5529322624206543;0.18184185028076172;0.81314164400100708;7.6182951927185059;0;0;0;1,28.78526496887207;5.833458423614502;7.6182951927185059;0.10750724779944273;-0.28613170511964914;0.039674494371854635;0.9513131837056864,1,23,21.884167000000001,1245.4334767087569,1223.3985505615358,22.034926147221086,0.15776427090167999,4.1834586850572553,436,12902184698968658703,549606,SUCCESS
