transaction_id,strong_selected,nominal_t_m,weak_t_m,coupled_t_m,nominal_r_deg,weak_r_deg,coupled_r_deg,translation_gain_m,rotation_gain_deg,t_outcome
210,1,0.06302398229467385,0.050108948802322015,0.0503466223682249,2.8331368949958855,2.825306765589813,2.8545703639311517,-0.0002376735659028878,-0.029263598341338515,worse
376,1,0.29821477565304505,0.32754816269079645,0.3280535666296912,4.42135991399287,4.439588663593718,4.4260910207062105,-0.0005054039388947551,0.013497642887507766,worse
431,1,0.2810746411035407,0.2675442223269952,0.26704094447859605,2.136365101856876,1.7040260960574973,1.7161850347022753,0.0005032778483991529,-0.012158938644778017,improved
436,1,0.3235802609463604,0.3053781103359472,0.3033297955159692,3.636559629615935,3.266829235872529,3.3216276936023243,0.00204831481997797,-0.0547984577297953,improved
493,1,0.2432488060023758,0.27290598300771163,0.2726427994412385,3.205496522756443,2.6088497167996016,2.5258806350186243,0.00026318356647314634,0.0829690817809774,improved
497,0,0.21854310668983915,0.2704199948283118,0.2704199948283118,2.09021284295569,1.919574569123301,1.919574569123301,0.0,0.0,same
504,1,0.1733674795363097,0.2674559579707023,0.2675258864901036,2.503337230254513,2.570409795774652,2.5434199645484434,-6.992851940129663e-05,0.026989831226208683,worse
507,0,0.07948685315865316,0.1261702581653348,0.1261702581653348,2.1669244935152423,1.5312535593280923,1.5312535593280923,0.0,0.0,same
508,1,0.09408600069007832,0.12809006206754553,0.12927964232141956,2.873426353414909,2.4560927492713613,2.500096777455018,-0.0011895802538740285,-0.04400402818365645,worse
509,1,0.10799319323380496,0.12915185742158156,0.12936041010233149,2.1452274326903864,1.7852822007199423,1.7313713390030019,-0.0002085526807499294,0.05391086171694037,worse
510,0,0.0972630236123551,0.12006157829483564,0.12006157829483564,2.3442149313830964,2.058038410455998,2.058038410455998,0.0,0.0,same
513,1,0.09569667383777186,0.10517789813758573,0.10560397430494267,2.7224266531265604,2.66491036972073,2.70997056195169,-0.0004260761673569452,-0.04506019223095992,worse
514,1,0.3683466484123859,0.24228252479328385,0.24113825393459848,6.420267437174886,5.9772471836030805,5.823024880054087,0.0011442708586853756,0.1542223035489938,improved
515,0,0.28193599459166846,0.19253177879740216,0.19253177879740216,3.3341016193349335,2.683131836107472,2.683131836107472,0.0,0.0,same
516,0,0.4125175237157422,0.2933977759931615,0.2933977759931615,6.559882852840414,5.356453134353552,5.356453134353552,0.0,0.0,same
517,0,0.4508820143792753,0.334735068316648,0.334735068316648,7.607655028968822,6.617306625808905,6.617306625808905,0.0,0.0,same
518,0,0.42895539105441144,0.31100384655411,0.31100384655411,7.66563589015906,6.88787742123124,6.88787742123124,0.0,0.0,same
519,0,0.513494943737287,0.4013223014909184,0.4013223014909184,10.638272155075645,9.561746550705378,9.561746550705378,0.0,0.0,same
520,0,0.4853162687732496,0.37442345043303926,0.37442345043303926,8.632170076495475,7.46837864705879,7.46837864705879,0.0,0.0,same
521,0,0.47854386517939457,0.3638188447660548,0.3638188447660548,8.537403186778825,7.631690361470668,7.631690361470668,0.0,0.0,same
522,0,0.5312592088712359,0.4237134793708985,0.4237134793708985,10.628107946359924,9.368780422699032,9.368780422699032,0.0,0.0,same
523,0,0.5314564342833022,0.4195920105648546,0.4195920105648546,10.993497933105138,9.908261114071419,9.908261114071419,0.0,0.0,same
524,0,0.4846648347027427,0.38870443728227705,0.38870443728227705,11.125512720869658,10.182684376655985,10.182684376655985,0.0,0.0,same
525,0,0.5485857367730715,0.450242557250475,0.450242557250475,12.501222087545248,11.227974712682288,11.227974712682288,0.0,0.0,same
567,1,0.30667030780898524,0.3091817971144236,0.3073657031489323,2.8665947158710785,3.371068517896044,3.529363299156676,0.0018160939654913166,-0.1582947812606319,improved
568,1,0.3147318028112226,0.3106474377906488,0.312740368551943,1.9982791998503817,1.6222566290999423,1.6357131580947388,-0.002092930761294187,-0.013456528994796546,worse
571,0,0.282233190075638,0.2868621558202452,0.2868621558202452,3.4546197058666044,4.060494660938072,4.060494660938072,0.0,0.0,same
572,1,0.23646211602140146,0.2564589236427799,0.255811490672104,4.599202189324237,5.422807998304936,5.473333357622032,0.0006474329706758764,-0.050525359317095564,improved
573,1,0.24068020901186518,0.2522728311313866,0.2526202700543301,4.433145794801781,5.476286551220992,5.454262215449372,-0.0003474389229434771,0.02202433577162033,worse
574,1,0.27221409684401726,0.2784041637702242,0.2758948752848297,4.046952095648805,5.272835078102313,5.302832698180662,0.0025092884853945008,-0.029997620078349385,improved
575,1,0.305585953095416,0.3167039626321913,0.31467660097934774,4.090716601910334,5.037865869751396,5.189699291300179,0.0020273616528435623,-0.15183342154878243,improved
576,0,0.2329379588259037,0.2484521772238173,0.2484521772238173,4.5138862110663265,4.505431428590753,4.505431428590753,0.0,0.0,same
577,1,0.24413710059087734,0.25557469336995986,0.25408150787772593,6.3166100483078065,5.423737262035992,5.420623588585404,0.0014931854922339283,0.0031136734505876618,improved
578,0,0.2588990378562291,0.26001170132639345,0.26001170132639345,8.309321342330275,6.863010302888233,6.863010302888233,0.0,0.0,same
579,1,0.28638809910029006,0.2855291706583067,0.28321114696247,7.038095364481691,5.713341551494663,5.696707546866406,0.0023180236958366685,0.016634004628256704,improved
580,0,0.27264622629870167,0.27707121687846065,0.27707121687846065,7.339775433355811,6.142352303425296,6.142352303425296,0.0,0.0,same
581,0,0.276097909940595,0.29022715310347824,0.29022715310347824,5.814096881245703,5.324325220102886,5.324325220102886,0.0,0.0,same
582,1,1.0174581100856444,0.9536015613724562,0.9515368632207705,6.8489086684156515,5.060175496106601,5.3202782586304345,0.002064698151685751,-0.26010276252383324,improved
583,1,0.46095594912371823,0.4210262757555621,0.42156412991662634,3.2458599540249793,3.31351997657772,3.3175848430819075,-0.0005378541610642218,-0.004064866504187581,worse
584,0,0.5285169454125717,0.47209672167064953,0.47209672167064953,4.941790986043094,3.998248358684874,3.998248358684874,0.0,0.0,same
588,1,0.32600439221783756,0.3479562361741257,0.3505373817662965,1.5275912703528651,1.410876714415812,1.3693904290274943,-0.0025811455921708193,0.04148628538831778,worse
589,0,0.30852677864819616,0.3296174265668108,0.3296174265668108,4.805347629338926,3.065123882408203,3.065123882408203,0.0,0.0,same
590,1,0.29909881306801,0.31569380052260954,0.31915627434148613,5.8771903543200485,4.255330576845124,4.288896979724604,-0.003462473818876599,-0.03356640287947954,worse
591,1,0.27974661307314963,0.29829778345964303,0.30111825092628675,5.492667856856026,4.0231108387145875,3.997886184657041,-0.002820467466643717,0.02522465405754648,worse
592,0,0.30971364868747053,0.3022183105929774,0.3022183105929774,3.2286225976074348,2.321803654013514,2.321803654013514,0.0,0.0,same
593,0,0.32304251008078205,0.3408702836769851,0.3408702836769851,3.9365966537070385,3.1255566966933372,3.1255566966933372,0.0,0.0,same
594,0,0.3341435015556319,0.3496024413910005,0.3496024413910005,3.8249407780667073,3.2807102366309673,3.2807102366309673,0.0,0.0,same
595,0,0.34030069761008697,0.34134761466479047,0.34134761466479047,3.6124012803317385,3.213495003785034,3.213495003785034,0.0,0.0,same
596,0,0.3479820320417446,0.3334805812908972,0.3334805812908972,3.359228861869118,2.349410186237688,2.349410186237688,0.0,0.0,same
597,1,0.3657723892343814,0.3606105950709153,0.36345830760726067,3.5660957839310514,3.527337653874062,3.5882498311094437,-0.0028477125363453593,-0.06091217723538156,worse
598,0,0.34179653467862814,0.3259944516754068,0.3259944516754068,3.2718532926746904,2.261461876250534,2.261461876250534,0.0,0.0,same
601,1,0.3416293706561861,0.3127126306445249,0.3154948878179711,3.818373426983534,3.360325794020578,3.2338112217756216,-0.0027822571734461565,0.12651457224495655,worse
604,0,0.36306088026532446,0.3395805934136386,0.3395805934136386,3.1216061630909344,2.9563821073111596,2.9563821073111596,0.0,0.0,same
611,0,0.8756578530322355,0.7845120653344316,0.7845120653344316,14.293821847293257,12.412831794097615,12.412831794097615,0.0,0.0,same
612,1,0.7890073192940765,0.6993191189149048,0.6996655473005541,13.440749859299224,11.490935101228741,11.619805173231379,-0.0003464283856492445,-0.12887007200263767,worse
614,0,0.47804175001320853,0.4237058618046515,0.4237058618046515,5.960664440830758,4.836862490713226,4.836862490713226,0.0,0.0,same
615,1,0.5029563916757764,0.43759434065186764,0.4375506175901512,7.361329101674483,5.957216950444468,6.048434495276311,4.372306171646079e-05,-0.09121754483184308,improved
616,1,0.6070661392367765,0.5331627819812195,0.5331233579941062,9.37960656094065,7.424715598023562,7.440431561778506,3.9423987113318404e-05,-0.01571596375494355,improved
617,1,0.6310430067679549,0.5580181194451161,0.5570909182304097,9.6152980349707,7.638967011100953,7.726225096834157,0.0009272012147064634,-0.08725808573320393,improved
618,0,0.67811843494412,0.6030029996189955,0.6030029996189955,10.555328407857289,8.557338164032148,8.557338164032148,0.0,0.0,same
619,0,0.6679772984346266,0.5975655731002922,0.5975655731002922,10.8469103841029,8.849351716312686,8.849351716312686,0.0,0.0,same
620,0,0.653320568697831,0.584137078293602,0.584137078293602,10.905439703012819,8.938063789358045,8.938063789358045,0.0,0.0,same
621,1,0.8208057226925607,0.7350153666678767,0.7354012095099228,11.490084166110538,9.494599221717758,9.712754892201678,-0.0003858428420461246,-0.21815567048392026,worse
622,0,0.8823727846348642,0.7869873259863476,0.7869873259863476,11.948388708111006,10.15830288591845,10.15830288591845,0.0,0.0,same
623,1,0.8764526175464419,0.7842617569480985,0.7844994697002131,12.385014058171517,10.611726851790783,10.913238850107366,-0.00023771275211459386,-0.3015119983165828,worse
624,1,0.7448511995410569,0.6788561977197825,0.6780617879987956,10.682102833759561,9.030379561243388,8.966294258355637,0.0007944097209868772,0.06408530288775083,improved
625,1,0.7067432196533395,0.6464956075734766,0.6456421823765518,10.352432174261812,8.950257593523514,8.831078997557851,0.000853425196924773,0.11917859596566238,improved
626,1,0.6393740914060482,0.592804086710785,0.5935638600857557,10.084987310585722,9.300003448933166,9.006934396365171,-0.0007597733749706848,0.2930690525679953,worse
627,0,0.6751820989264977,0.646325602255093,0.646325602255093,11.526985435229257,10.981206167784471,10.981206167784471,0.0,0.0,same
693,0,0.3867384407193913,0.37055380799470494,0.37055380799470494,4.433783881562268,4.067918720574997,4.067918720574997,0.0,0.0,same
695,0,0.44252971559307536,0.4232342032138417,0.4232342032138417,6.902660548052905,5.526681936047778,5.526681936047778,0.0,0.0,same
696,1,0.4798506808542825,0.4543887208677532,0.45424129515511996,8.772280633104799,7.0861550721783875,7.127116910402259,0.00014742571263326454,-0.040961838223871894,improved
697,0,0.4588791935919712,0.43517023494327783,0.43517023494327783,8.973302558005388,7.2117040840467705,7.2117040840467705,0.0,0.0,same
698,0,0.49110458505927057,0.46371286249117044,0.46371286249117044,7.547004540075485,5.986393989116875,5.986393989116875,0.0,0.0,same
699,0,0.4733973160212525,0.44938958525139855,0.44938958525139855,7.869098167726108,6.317442073461971,6.317442073461971,0.0,0.0,same
700,0,0.5049938023290037,0.47216044756824527,0.47216044756824527,9.51521937950801,7.911791823230913,7.911791823230913,0.0,0.0,same
701,1,0.4451549817001847,0.41984106244603864,0.4175924796946048,7.127302645350687,5.797344356708839,6.137090026290671,0.0022485827514338586,-0.3397456695818315,improved
702,1,0.4324439726101383,0.39105402476819023,0.39061019703751254,6.131640583882485,4.902251615566864,5.081949087709556,0.00044382773067769277,-0.17969747214269205,improved
703,1,0.46109561822339884,0.42087556662425696,0.41799051525294595,5.230142824155978,4.257293628050431,4.3338970017749245,0.0028850513713110093,-0.07660337372449355,improved
705,0,0.5409503552281619,0.48769774397065524,0.48769774397065524,6.315995233398133,4.778990774419501,4.778990774419501,0.0,0.0,same
706,0,0.5169932629332861,0.4644090556697533,0.4644090556697533,3.269813439706922,2.5690675970169927,2.5690675970169927,0.0,0.0,same
707,1,0.47887305627916466,0.42764335293936284,0.42506250857710165,3.9712096797098786,2.9607586655543483,3.124948694076537,0.002580844362261192,-0.16419002852218867,improved
708,1,0.4424975419716261,0.39055207849045037,0.38983879276621114,3.761173238354178,2.398881071114057,2.4668874369351217,0.0007132857242392321,-0.06800636582106456,improved
723,1,0.2664504453917781,0.26237316236894964,0.2614527410289224,2.6580027780169635,2.8219235089622448,2.8561954038501565,0.0009204213400272332,-0.034271894887911714,improved
825,1,0.529437830101061,0.5884176972230255,0.5894860690282914,2.465876454355474,2.3731750224761745,2.3727628186363643,-0.0010683718052658664,0.00041220383981022124,worse
873,0,0.7592358722189082,0.7375698049840616,0.7375698049840616,1.0188967223745737,1.028821648084029,1.028821648084029,0.0,0.0,same
875,0,0.7835162520093423,0.7437752914910892,0.7437752914910892,3.3981080464036904,3.200608132049032,3.200608132049032,0.0,0.0,same
878,1,0.8322409453663044,0.7689932072314772,0.7692040737364997,5.918556209074255,6.002105379336032,6.336366387330274,-0.00021086650502244453,-0.3342610079942414,worse
879,0,0.8202087942556401,0.7549464663301161,0.7549464663301161,4.443355338225931,4.535225025215359,4.535225025215359,0.0,0.0,same
881,1,0.7882071016134932,0.7394215130028737,0.7387360884970956,2.1041011972198387,2.0597046214163384,2.260535377464395,0.0006854245057781316,-0.20083075604805645,improved
882,0,0.7980660051084094,0.752649822677414,0.752649822677414,1.9360736672572927,2.001501095999533,2.001501095999533,0.0,0.0,same
883,1,0.8224480119123883,0.799845168305837,0.7999494732886806,2.375120632649481,2.3466668706584475,2.349729920738725,-0.00010430498284363932,-0.0030630500802777405,worse
885,0,0.8133425727582938,0.8282347477866675,0.8282347477866675,1.488428607708754,1.4977957377674156,1.4977957377674156,0.0,0.0,same
894,1,0.8707223507303928,0.8826062945977977,0.8852517447704552,2.8408046641506397,2.827201993404731,2.8479801588195315,-0.002645450172657493,-0.020778165414800487,worse
905,1,0.9258855610401825,0.8895434895426033,0.8886848768329966,3.774468726336786,3.4288949573051513,3.4381752470379587,0.0008586127096067431,-0.009280289732807478,improved
906,1,0.9336751869248366,0.9162180716513622,0.9160854125897748,2.497671571459836,2.4373443912818966,2.620059197352171,0.00013265906158732577,-0.18271480607027435,improved
907,1,0.9364591533814746,0.9329045711881949,0.9323261969701039,3.3729924624945786,3.408920175783355,3.6724831688454134,0.0005783742180910378,-0.2635629930620582,improved
908,1,0.9598945120614393,0.9543337258432849,0.9541969827340906,3.308881905962647,3.3608226258827862,3.4273841315237275,0.00013674310919431498,-0.06656150564094121,improved
909,0,0.9459700287127233,0.9539348565832655,0.9539348565832655,3.4586654203438902,3.515702943791258,3.515702943791258,0.0,0.0,same
1084,1,1.3987950235303983,1.3928709302795117,1.394016733851164,3.2403488937943328,3.0765839844365033,3.0962186707399972,-0.0011458035716522819,-0.019634686303493964,worse
1086,1,1.441200777560131,1.4424874444190183,1.4414979321659795,3.7948938662242075,3.726981515835992,3.6930071419036343,0.0009895122530387823,0.03397437393235769,improved
1087,1,1.447713353895593,1.443225629655098,1.4432239316099251,5.589859961629259,5.56659823559116,5.587014811256389,1.6980451729153856e-06,-0.020416575665229253,improved
1088,0,1.4006029086762781,1.4122488450328474,1.4122488450328474,3.8754279507015115,3.905872871183243,3.905872871183243,0.0,0.0,same
1089,1,1.377184006456782,1.3889462922308518,1.3889059659083294,3.9585067481866756,4.003855136099617,3.924507648155903,4.032632252237711e-05,0.07934748794371371,improved
1090,1,1.3703368242080431,1.3821908017398132,1.3819495897031926,4.441777489736696,4.463656192022349,4.4603495203293635,0.0002412120366206416,0.0033066716929859297,improved
1108,1,1.3827308588615768,1.3283940446360403,1.3268926865906838,1.6144187273270694,1.484220324944312,1.4517569907937702,0.001501358045356449,0.03246333415054181,improved
1378,0,1.3295450150762214,1.40438771151068,1.40438771151068,3.4114026408261924,3.3829211968381157,3.3829211968381157,0.0,0.0,same
1471,1,1.4799238879756207,1.46396260602603,1.467153372573478,1.9186977353020864,1.809663535864388,1.7922767804487725,-0.0031907665474479874,0.017386755415615518,worse
1485,0,1.580806352610068,1.5905784035535293,1.5905784035535293,3.2818143983539363,3.264578452846742,3.264578452846742,0.0,0.0,same
1943,1,1.2502462505430834,1.2328057296324615,1.2330136462676413,2.8288547235022916,2.7216648434603012,2.7353105913782727,-0.00020791663517982784,-0.013645747917971462,worse
1946,0,1.2477088082138346,1.2211949989834894,1.2211949989834894,2.461647332952616,2.1539234366670934,2.1539234366670934,0.0,0.0,same
1948,1,1.3265936662739874,1.299351516982563,1.2993895043584802,2.8097454392293333,2.460409445921068,2.4475776372919325,-3.798737591731438e-05,0.012831808629135466,worse
1949,1,1.3247355283810653,1.303224508118285,1.3041840250555976,3.2352088205729266,2.8999910209760458,2.899885460757957,-0.0009595169373126655,0.00010556021808882932,worse
1950,1,1.3276219531211146,1.3068375952929263,1.3085882509659617,3.3637350062080205,2.9302199054062616,2.888618616667342,-0.0017506556730353395,0.04160128873891944,worse
1953,1,1.250254090881277,1.2976028366795356,1.2968406064903473,2.281105921869555,2.698861270496715,2.731871392270045,0.0007622301891883065,-0.033010121773329626,improved
1954,1,1.224023354687686,1.2836327905205303,1.2836766588197914,1.6154925809271137,2.09436154427677,2.1528396883288794,-4.386829926117386e-05,-0.05847814405210938,worse
1955,1,1.2260992342057835,1.2818039775985899,1.282523902678927,1.9354099576911004,2.375746948437655,2.407107089875871,-0.000719925080337136,-0.03136014143821608,worse
1956,1,1.2048060926197406,1.2712175953367997,1.2709635393613015,2.2713576664020456,2.7750280343137295,2.841908963721961,0.000254055975498213,-0.06688092940823154,improved
1957,0,1.190177777516488,1.2745054849436002,1.2745054849436002,1.2772871800999708,2.000284936128467,2.000284936128467,0.0,0.0,same
1978,0,1.2994718495882813,1.1908306734107357,1.1908306734107357,3.0659163477092033,2.485228781810374,2.485228781810374,0.0,0.0,same
1979,0,1.2751594742972012,1.1808685921098976,1.1808685921098976,2.2429158788160564,1.609845023071477,1.609845023071477,0.0,0.0,same
1984,1,1.2252802375160232,1.2685637231401654,1.268135152021681,2.308071361247605,2.484412384433865,2.5199299501417074,0.0004285711184843777,-0.03551756570784237,improved
1986,0,1.2103539938280985,1.2624332426286655,1.2624332426286655,1.7243918382792525,1.9805812093754056,1.9805812093754056,0.0,0.0,same
2177,0,1.1576554917872124,1.1917472275749708,1.1917472275749708,2.64827930755588,2.566911073063013,2.566911073063013,0.0,0.0,same
2236,0,1.0101096292356888,1.0092678367899635,1.0092678367899635,2.3606452425025957,2.4117797372399568,2.4117797372399568,0.0,0.0,same
2237,1,1.0018579808006758,1.0067947965403705,1.0087758600052439,3.4656731662462326,2.9548334642392073,2.9650356169654755,-0.001981063464873367,-0.010202152726268121,worse
2238,0,0.9860016375932932,0.9916865416008666,0.9916865416008666,3.7340843925811202,3.3798415147343785,3.3798415147343785,0.0,0.0,same
2240,1,1.0121607423121532,1.0259342709546848,1.0258561930668737,3.004316479884136,2.9616784273385197,3.1264272410901026,7.807788781111213e-05,-0.1647488137515829,improved
2241,1,1.013375165417019,1.0279793886591764,1.0301302553755778,3.6471078824006606,3.4459023574883743,3.4985434954832497,-0.0021508667164014117,-0.052641137994875464,worse
2246,0,0.9371877301684429,0.9738818795069124,0.9738818795069124,4.737271910993074,4.986715029439953,4.986715029439953,0.0,0.0,same
2247,1,0.9621413304370584,0.9873303019909432,0.9864444661479552,5.225443418857855,5.671895872819886,5.703610095397879,0.0008858358429879587,-0.03171422257799339,improved
2248,0,0.9625529039995803,0.9821193942499835,0.9821193942499835,5.307159795582674,6.292748691609962,6.292748691609962,0.0,0.0,same
2249,0,0.9351775055636541,0.9687379405658944,0.9687379405658944,5.426902657325073,6.329099535506057,6.329099535506057,0.0,0.0,same
2250,0,0.9355219594338277,0.9564507001215243,0.9564507001215243,5.7343598031902285,6.566451439026715,6.566451439026715,0.0,0.0,same
2251,0,0.9429364850082383,0.9525687549225305,0.9525687549225305,5.524254149217659,6.770774532050316,6.770774532050316,0.0,0.0,same
2252,1,0.9306328318930095,0.9389181527178433,0.9375418972482883,5.443041372391202,6.406953305096041,6.58492181842914,0.0013762554695549989,-0.1779685133330986,improved
2253,1,0.8916082937491407,0.9123961843162386,0.9116435086808062,6.41603213969819,7.803963715167367,7.89202878074568,0.0007526756354323538,-0.08806506557831373,improved
2262,1,0.8282156517832638,0.8074701072257668,0.8060180848742989,6.5679096026932635,6.430920894501723,6.696838351567589,0.0014520223514679076,-0.265917457065866,improved
2263,0,0.5998603540654889,0.6418230196759706,0.6418230196759706,11.381122469672903,9.402807164097954,9.402807164097954,0.0,0.0,same
2264,0,0.5948823076067873,0.6056914377798664,0.6056914377798664,10.541255591596782,8.570548005054334,8.570548005054334,0.0,0.0,same
2265,1,0.5728428302450402,0.5706963963643201,0.5707489274473303,9.17324697032884,7.237179571706038,7.279421984176755,-5.2531083010176616e-05,-0.04224241247071703,worse
2266,1,0.5695747696150182,0.5718727034525891,0.5711476060998012,7.0660723596840915,5.179810675737118,5.239254752015865,0.0007250973527879179,-0.059444076278747815,improved
2267,1,0.6085223762942084,0.5818271500602804,0.5824365732441298,6.359303066721594,4.946987488168698,5.114201168951024,-0.000609423183849378,-0.1672136807823259,worse
2268,0,0.641694166275973,0.6077311848347701,0.6077311848347701,7.064846738194917,5.4307723373582775,5.4307723373582775,0.0,0.0,same
2269,0,0.6234872894829969,0.5905450062139561,0.5905450062139561,5.997785214969075,4.585553047224872,4.585553047224872,0.0,0.0,same
2270,0,0.6263029015098077,0.5848998877811571,0.5848998877811571,5.186426728874442,3.8438528015218356,3.8438528015218356,0.0,0.0,same
2271,0,0.62595875589746,0.5738847815916454,0.5738847815916454,5.3890815676599155,4.090661565461255,4.090661565461255,0.0,0.0,same
2272,0,0.649637845017669,0.594862897933297,0.594862897933297,4.704918421167798,3.407360716859662,3.407360716859662,0.0,0.0,same
2273,1,0.6636628947260252,0.5971409321508213,0.5955412626729474,4.5698759422457265,3.8236215945527405,3.7192834174345966,0.0015996694778739329,0.10433817711814397,improved
2274,1,0.7094038063375472,0.6290554133248224,0.6269387528853656,4.8977842469413995,4.09305802625709,3.9450137502373144,0.0021166604394567967,0.14804427601977554,improved
2275,1,0.7178228001477959,0.632835319436537,0.632612348843992,5.059909368967604,4.038283469280745,3.969562286953408,0.00022297059254505758,0.06872118232733682,improved
2276,1,0.7000505321814133,0.6193929583024104,0.6181262691094299,4.841322712785392,4.138122748546508,3.963761861970939,0.0012666891929804525,0.17436088657556947,improved
2277,1,0.750667506676122,0.6615420168602528,0.6606364390874522,6.024255273228812,5.534340957252573,5.338723785055586,0.0009055777728006476,0.19561717219698682,improved
2278,1,0.753507222921779,0.6628270883905799,0.6619931383244024,6.081703528468475,6.133021233709523,6.092767932954885,0.0008339500661774801,0.040253300754637955,improved
2289,1,0.7154369106701711,0.7214950688238441,0.7219960171263137,4.182935799459275,4.192879296156037,4.538607868500222,-0.000500948302469606,-0.34572857234418475,worse
2291,1,0.7679956703185811,0.7422696942055337,0.7456132270314869,3.46321890294633,3.508885323988389,3.6423267003843547,-0.0033435328259532326,-0.13344137639596587,worse
2292,0,0.7409692344075356,0.7448060035272009,0.7448060035272009,5.579829369626843,5.356126674809756,5.356126674809756,0.0,0.0,same
2293,1,0.7785398033837772,0.7685264046009196,0.771874208724556,4.65225570241991,4.86762738770043,5.427694088161807,-0.003347804123636444,-0.5600667004613777,worse
2294,1,0.7262804314129855,0.736797025466396,0.7399904501700899,9.088021299911135,8.982666583387044,9.520966187955615,-0.003193424703693881,-0.5382996045685715,worse
2295,0,0.7354463018650423,0.7509435200784452,0.7509435200784452,6.548505600775127,6.478148716960686,6.478148716960686,0.0,0.0,same
2296,1,0.7516546639990281,0.7780434507085899,0.787940723574384,6.067010781478434,6.196634461576275,5.997165752900954,-0.009897272865794116,0.19946870867532152,worse
2297,0,0.8283543412026944,0.8500231555024597,0.8500231555024597,3.6015512891235675,3.763618415655526,3.763618415655526,0.0,0.0,same
2298,1,0.9083684979015572,0.9198285434961478,0.923865399008508,2.7708514880931743,2.6956092004290517,2.1500010831267424,-0.004036855512360105,0.5456081173023093,worse
2299,1,0.8565576411357453,0.8896641949262828,0.8946902084017108,4.0338112861800886,3.84090756940221,3.175214876963523,-0.005026013475427971,0.6656926924386868,worse
2300,1,0.8369740322036335,0.8700944871889792,0.8707077598649519,4.7357528044025194,5.290540799496265,5.116223015046746,-0.0006132726759726648,0.17431778444951895,worse
2301,1,0.8151554120211953,0.8493107318661259,0.8531481349758869,5.158669697280065,5.746726800966915,5.46013607760088,-0.003837403109760995,0.28659072336603497,worse
2302,1,0.8407460744664373,0.8790253965898585,0.8797960597768794,5.162280321073719,4.345070759139359,4.054116418309383,-0.0007706631870209035,0.29095434082997595,worse
2313,0,0.9054340457597669,0.8479978219667865,0.8479978219667865,2.4018578249826,0.9080347887784871,0.9080347887784871,0.0,0.0,same
2319,1,0.48632280156311297,0.49648276139834946,0.49840791429385756,4.475141562261473,6.4382528374116035,6.419247166216131,-0.0019251528955080977,0.019005671195472473,worse
2320,0,0.505053814008452,0.5231486418204264,0.5231486418204264,2.8606362691819713,4.698595290916598,4.698595290916598,0.0,0.0,same
2321,1,0.5092729314382676,0.5439534781977875,0.5449223865646915,4.019079276950288,5.91649398534009,5.907216704693847,-0.0009689083669039977,0.009277280646243113,worse
2322,0,0.5258746306151032,0.5673868359131548,0.5673868359131548,7.128850194143325,9.122747503592182,9.122747503592182,0.0,0.0,same
2323,1,0.5428860533999418,0.5750171353616575,0.574932509529751,8.059965031741747,9.066235243228578,9.44713489483405,8.4625831906604e-05,-0.380899651605473,improved
2324,0,0.5438472437802763,0.5686852278852433,0.5686852278852433,8.802323862774575,9.40561536160708,9.40561536160708,0.0,0.0,same
2325,1,0.7013779330802998,0.659770742509563,0.6574678108412408,9.072846184716333,7.652381193260092,7.793565886057792,0.0023029316683221834,-0.14118469279770007,improved
2326,0,0.6450869902089668,0.6404390650973907,0.6404390650973907,7.677186068971171,7.1508284023332225,7.1508284023332225,0.0,0.0,same
2327,1,0.7374060233452213,0.7010397197725181,0.6974433619733837,7.445603910953188,6.1200141815382105,6.062370400893169,0.0035963577991343643,0.05764378064504161,improved
2328,1,0.7622143007447904,0.7198277389697286,0.718625587660612,7.480670077801392,6.431057956307498,6.471244219153176,0.0012021513091166058,-0.040186262845677945,improved
2329,0,0.7377773166468157,0.7263194366563287,0.7263194366563287,7.2386956776860485,6.648067052635689,6.648067052635689,0.0,0.0,same
2330,1,0.7758650094485897,0.7514371776175406,0.7489550371333682,8.326136075092016,7.38352343298611,7.397822775600832,0.0024821404841723904,-0.014299342614721766,improved
2331,0,0.772137680666357,0.7405281000621551,0.7405281000621551,7.913657609597074,7.19219513950216,7.19219513950216,0.0,0.0,same
2363,0,1.1658897877526397,1.056286633734636,1.056286633734636,3.845363854337794,5.616592166995689,5.616592166995689,0.0,0.0,same
2364,0,0.986731232305384,0.8851484475598104,0.8851484475598104,4.869308106228993,6.786224711449532,6.786224711449532,0.0,0.0,same
2365,0,0.9999160772767155,0.9058679046151705,0.9058679046151705,4.907438272574922,6.859828406047823,6.859828406047823,0.0,0.0,same
2366,0,0.9853929164446947,0.8985658924958949,0.8985658924958949,4.132731187444733,5.6047539781336,5.6047539781336,0.0,0.0,same
2367,0,1.0849684334190126,0.987602992307328,0.987602992307328,2.5466131588919354,3.928733305378807,3.928733305378807,0.0,0.0,same
2370,0,1.1192392895467027,1.097481794222032,1.097481794222032,1.9364771039143334,2.4259544339537027,2.4259544339537027,0.0,0.0,same
2371,1,1.177090661396729,1.1423872439220162,1.142589860247106,2.03069646032181,2.5205347392187285,2.409742481493249,-0.00020261632508988825,0.11079225772547963,worse
2372,0,1.1658120830996146,1.1585060955332935,1.1585060955332935,2.1904121359979816,2.427365858347862,2.427365858347862,0.0,0.0,same
2373,0,1.1550242062152216,1.1812017426236352,1.1812017426236352,2.2076575013503397,2.299416686512306,2.299416686512306,0.0,0.0,same
2374,0,1.1625869856830549,1.2191442894040159,1.2191442894040159,2.2278771706801948,2.2622431059673365,2.2622431059673365,0.0,0.0,same
2375,0,1.1485161441671348,1.242294799771786,1.242294799771786,2.3839379049058,2.156731249565559,2.156731249565559,0.0,0.0,same
2376,0,1.1555992965663062,1.2555630411624215,1.2555630411624215,2.198873146533665,1.8773649097915583,1.8773649097915583,0.0,0.0,same
2377,0,1.1379343341421857,1.251904970804762,1.251904970804762,1.9531089531474877,1.7070315359037058,1.7070315359037058,0.0,0.0,same
2378,0,1.1228361223809211,1.2486217563053115,1.2486217563053115,1.6874099626823293,1.4395712650551438,1.4395712650551438,0.0,0.0,same
2379,0,1.1210042514688061,1.2532037667537,1.2532037667537,2.0429254169810553,1.8126744205628995,1.8126744205628995,0.0,0.0,same
2380,0,1.165688799213323,1.2884441251346728,1.2884441251346728,2.0691481655548887,1.7889873831992804,1.7889873831992804,0.0,0.0,same
2381,1,1.124765956003775,1.2534090324304288,1.2520912357837062,1.8635211523096409,1.6175663156223041,1.6477627058741777,0.001317796646722602,-0.030196390251873595,improved
2795,1,0.5226429303638358,0.5631316852544064,0.563858935781466,4.562409004968355,4.0641740463084846,4.091362161465415,-0.0007272505270595753,-0.02718811515693087,worse
2875,0,0.7698276874931843,0.7179669095048784,0.7179669095048784,7.016663809175112,5.524540347476275,5.524540347476275,0.0,0.0,same
2876,0,0.7777285802759288,0.7257144019595763,0.7257144019595763,7.00994099728639,5.459845536608159,5.459845536608159,0.0,0.0,same
2877,0,0.7868459768011598,0.7334932247040356,0.7334932247040356,7.110481087969332,5.624522451373898,5.624522451373898,0.0,0.0,same
2878,0,0.7912764472805582,0.7376424949963062,0.7376424949963062,6.1373127164731125,4.833497444247749,4.833497444247749,0.0,0.0,same
2879,0,0.7673380374642154,0.712507265133603,0.712507265133603,6.097913504792804,4.6202024755201485,4.6202024755201485,0.0,0.0,same
2882,0,0.6606956309358445,0.5980287809340966,0.5980287809340966,2.2133261715138306,3.4198337870724957,3.4198337870724957,0.0,0.0,same
2883,1,0.6723204568646794,0.6060640967993367,0.6049470193839473,2.356730310931677,3.393199402763528,3.3454248797659694,0.001117077415389356,0.04777452299755858,improved
2884,0,0.6822761626307078,0.6127849743425486,0.6127849743425486,2.5773629553005835,3.4939131582981733,3.4939131582981733,0.0,0.0,same
2885,0,0.6680337996301147,0.6080067580977859,0.6080067580977859,2.2157176353779153,3.119955255953947,3.119955255953947,0.0,0.0,same
2886,0,0.6475411951589961,0.6092348711128572,0.6092348711128572,2.0959719622587554,2.6608070686101644,2.6608070686101644,0.0,0.0,same
2887,1,0.6168514466236718,0.606298869404477,0.6063010277030689,1.5349247580338279,1.7973943288994514,1.708252777943041,-2.1582985919588182e-06,0.08914155095641041,worse
2888,0,0.5971293402555318,0.58802443888478,0.58802443888478,1.1331126256875492,1.2227492325995473,1.2227492325995473,0.0,0.0,same
2892,1,0.5203752683375666,0.579059644806636,0.581432785929244,2.556382168971509,1.3581716564760715,1.3774497333997353,-0.0023731411226080024,-0.01927807692366379,worse
2893,1,0.6429940082933044,0.6622796091526374,0.662293778377578,2.738298236035054,3.2433148214673237,3.2929904941338712,-1.4169224940574487e-05,-0.04967567266654749,worse
2895,0,0.6499511423685668,0.6632769402207603,0.6632769402207603,4.180798386301321,4.63402193533527,4.63402193533527,0.0,0.0,same
2896,0,0.6237786046365318,0.6473470628807444,0.6473470628807444,3.812093069521951,4.524832642206791,4.524832642206791,0.0,0.0,same
2897,0,0.6032771533845225,0.6179143331009204,0.6179143331009204,4.51371705627608,5.005871178463371,5.005871178463371,0.0,0.0,same
2898,0,0.5552783200322917,0.6006994841953927,0.6006994841953927,3.464595882229952,4.914778986149611,4.914778986149611,0.0,0.0,same
2899,1,0.6377828261592297,0.6660371574178051,0.6675251556900088,4.4561063269419705,5.313765712484132,5.278604550345999,-0.0014879982722036944,0.035161162138133584,worse
2900,1,0.6594932270892286,0.6388529420272476,0.6395402545100588,4.615840503877749,4.291801650676439,4.062360767850429,-0.0006873124828111754,0.22944088282600994,worse
2901,0,0.6625068268980318,0.6272108175885351,0.6272108175885351,6.957656996628577,6.339911197210063,6.339911197210063,0.0,0.0,same
2902,1,0.7045509818503277,0.6425110887178203,0.6421975105728276,7.10229500022312,5.72873575275415,5.613132306103069,0.00031357814499266556,0.11560344665108069,improved
2903,0,0.7056154094579937,0.6288625136885106,0.6288625136885106,9.052862059255567,7.073345987323582,7.073345987323582,0.0,0.0,same
2904,1,0.7029371540359439,0.6288208345590234,0.6247849820922193,9.460830934015826,7.465603330307245,7.635014960585127,0.004035852466804046,-0.16941163027788164,improved
2905,0,0.6719331347778429,0.6031202656555688,0.6031202656555688,8.677577650258646,7.13525871936845,7.13525871936845,0.0,0.0,same
2906,1,0.626356142118604,0.587241015258244,0.5813362716872869,6.900436252057601,6.30766450689686,6.742691762957016,0.0059047435709571605,-0.435027256060156,improved
2907,1,0.6577851557778318,0.5775054822892435,0.5735088944741038,11.153102239975198,9.272687782614552,9.650309421798767,0.003996587815139674,-0.37762163918421443,improved
2908,0,0.6752782748897143,0.5779243719269749,0.5779243719269749,10.99168393195156,9.009207350096805,9.009207350096805,0.0,0.0,same
2909,0,0.6298471875011875,0.5686638178802156,0.5686638178802156,10.232082970869909,9.007234518160423,9.007234518160423,0.0,0.0,same
2939,0,0.6396642571198249,0.6462762705124686,0.6462762705124686,5.9984205597117874,6.186971547773804,6.186971547773804,0.0,0.0,same
2940,1,0.6724905924896751,0.6556199094670402,0.6561788796828394,8.624502612710486,8.055881985674441,8.00978333439827,-0.0005589702157992038,0.04609865127617141,worse
2941,1,0.40974668065737374,0.43587054275790965,0.43679892950548677,12.843670015047682,11.692576439592269,11.62041862405545,-0.0009283867475771146,0.07215781553681921,worse
2942,0,0.4383555456305259,0.46616313012838767,0.46616313012838767,12.603460853433742,11.464255997867221,11.464255997867221,0.0,0.0,same
2943,0,0.41348271843445616,0.43479986813900706,0.43479986813900706,11.69671635195926,10.514318980944523,10.514318980944523,0.0,0.0,same
2944,1,0.4029636900657815,0.42414443026615595,0.42605424445758233,10.094254107177314,9.048097509204823,9.169964630462133,-0.0019098141914263844,-0.12186712125730992,worse
2945,1,0.37318720342507516,0.38722888977941666,0.3872979990384906,11.02341079580252,9.677916195728564,9.680721690542438,-6.910925907394061e-05,-0.002805494813873821,worse
2946,0,0.3910050908626341,0.4042196471629242,0.4042196471629242,11.97868502463867,10.812287277955932,10.812287277955932,0.0,0.0,same
2947,0,0.38102419013521593,0.39553996385316526,0.39553996385316526,11.725754309725309,10.650765082616926,10.650765082616926,0.0,0.0,same
2948,1,0.35823328223786133,0.38125469707688153,0.38143792271938126,11.879132062422654,10.920047723883785,11.03084432376688,-0.00018322564249972917,-0.11079659988309487,worse
2949,0,0.3835699259695564,0.4121652805674457,0.4121652805674457,10.10143982173616,9.225060289403572,9.225060289403572,0.0,0.0,same
2950,1,0.3848163598539735,0.4086441490362897,0.40980417156833526,8.25136941119728,7.26236290970527,7.60225815895347,-0.001160022532045557,-0.33989524924820014,worse
2951,1,0.3798272079956147,0.4022425028395689,0.40171788008837106,8.274824921348285,7.253683403009572,7.410000106425452,0.0005246227511978563,-0.15631670341587967,improved
2952,1,0.35815206985821046,0.37170013822976405,0.37293662978123554,9.1551434460842,8.01202630805573,8.070875558100594,-0.0012364915514714858,-0.05884925004486341,worse
2953,0,0.3497099203795291,0.37538637481964654,0.37538637481964654,8.242089435500286,7.033747032706145,7.033747032706145,0.0,0.0,same
2954,1,0.34979795263121827,0.36843464233052803,0.36846840049772783,7.9716473383223,7.332557984269833,7.256667981731648,-3.37581671998044e-05,0.07589000253818501,worse
2955,0,0.33234460396941534,0.335352469531109,0.335352469531109,8.812448459699972,8.332160112918721,8.332160112918721,0.0,0.0,same
2956,0,0.3485653939971272,0.37669365173207536,0.37669365173207536,11.224570600106253,9.814471243560787,9.814471243560787,0.0,0.0,same
2957,0,0.36558459099525675,0.39552877206154463,0.39552877206154463,10.994072851955233,9.911937653185616,9.911937653185616,0.0,0.0,same
2975,1,0.4774750183165919,0.47901099080073745,0.4777745094396051,9.668738450343662,9.628977523408341,9.718519269211967,0.0012364813611323577,-0.08954174580362562,improved
2976,0,0.46948746290852983,0.4718865666743346,0.4718865666743346,9.877870722491569,9.806274047158677,9.806274047158677,0.0,0.0,same
2977,1,0.4746589747109084,0.471173604894169,0.4721571249083481,10.043644070018052,9.919193566098107,9.99250728971505,-0.0009835200141791178,-0.073313723616943,worse
2978,1,0.4566425801912694,0.4590959993979922,0.4591001085032414,10.200513218503945,10.117871474099887,10.117949588863533,-4.109105249172629e-06,-7.811476364594228e-05,worse
2980,1,0.4864629159076583,0.4825320260317765,0.4821836755951539,11.356597520520143,11.488968076399567,11.493167732255612,0.0003483504366225687,-0.0041996558560448705,improved
2982,0,0.49519697047100525,0.500069070705181,0.500069070705181,10.189834239827748,9.637552095663738,9.637552095663738,0.0,0.0,same
2986,1,0.40394344538940474,0.40609049630024757,0.40724491309936905,8.25079322065317,7.931522830431435,8.087236768335073,-0.0011544167991214827,-0.15571393790363786,worse
2989,0,0.463368724494632,0.46049010950840746,0.46049010950840746,6.436474316705677,6.537301229244273,6.537301229244273,0.0,0.0,same
2990,0,0.4566190970333016,0.4615334079065647,0.4615334079065647,4.578704157137678,4.333723176281303,4.333723176281303,0.0,0.0,same
2991,1,0.4412621148273287,0.4463450316525981,0.45110201835014885,6.127682275100941,5.695998691223812,5.706080973870631,-0.004756986697550758,-0.01008228264681943,worse
3014,1,0.4239402679133367,0.4071101238585463,0.4109306220420223,1.8444709388964537,2.9423618837684895,2.8265134048083174,-0.0038204981834760177,0.11584847896017214,worse
3015,0,0.4575115025091951,0.41729360621098954,0.41729360621098954,3.278973091145281,2.9697807127111333,2.9697807127111333,0.0,0.0,same
3016,0,0.44863141887953223,0.4014755708565987,0.4014755708565987,4.263669801010841,3.3648107325305388,3.3648107325305388,0.0,0.0,same
3045,1,0.37903857140328084,0.37034859997094344,0.37030364002231037,7.535575383537576,6.918314172289654,6.967307511482062,4.4959948633072067e-05,-0.04899333919240778,improved
3047,1,0.385386319623962,0.3808798693717021,0.38080839309739684,6.984940254949835,6.594304664682792,6.524933299075501,7.147627430525993e-05,0.06937136560729051,improved
3051,0,0.38859880580416756,0.3782915822889028,0.3782915822889028,7.342352893870891,5.618757930286239,5.618757930286239,0.0,0.0,same
3057,1,0.3687749575194128,0.3601971759261498,0.35983183052933887,10.763580127104664,9.160306507963469,9.238549905014677,0.00036534539681093436,-0.07824339705120842,improved
3058,0,0.38030696517558854,0.36571964550033,0.36571964550033,12.350368212560884,10.861115760455345,10.861115760455345,0.0,0.0,same
3060,0,0.41379968912701387,0.39074643462053077,0.39074643462053077,10.149069068873183,8.577642331977918,8.577642331977918,0.0,0.0,same
3064,1,0.44326453765090507,0.4290675239470014,0.4272730004559398,5.645839373514779,7.566173042080436,7.605201996781006,0.0017945234910615726,-0.03902895470057022,improved
3065,0,0.4847816959824125,0.4564444268936608,0.4564444268936608,5.016662014859205,6.983139301166774,6.983139301166774,0.0,0.0,same
3066,0,0.5250436907103645,0.4838912665488299,0.4838912665488299,3.1266986703572295,4.995441402330684,4.995441402330684,0.0,0.0,same
3078,1,0.36854793450935824,0.38154230838791026,0.38158246788178213,4.244374495834092,3.733477462983185,3.682970018491893,-4.01594938718719e-05,0.05050744449129185,worse
3079,1,0.3828147720754295,0.3926399961625055,0.391322553638021,3.900331709506001,3.5373687282351116,3.5204865291108183,0.0013174425244845134,0.01688219912429334,improved
3080,1,0.39312994879668856,0.4018536759472998,0.40277498345797025,4.015855677417656,3.6287118375298104,3.684862327723538,-0.0009213075106704327,-0.05615049019372753,worse
3086,0,0.3814508070649298,0.37562293214014686,0.37562293214014686,2.415452611810859,2.683526482447745,2.683526482447745,0.0,0.0,same
3136,1,0.32397911860075695,0.3275566472712519,0.32755385748698584,4.271873514343026,4.091699965251725,4.159475436117151,2.7897842660440375e-06,-0.0677754708654259,improved
3143,1,0.30307485394805417,0.31674424885679403,0.31836271040333225,3.5137534883227532,3.0039735965781573,3.043707653915571,-0.001618461546538219,-0.03973405733741364,worse
3150,1,0.29134248728309725,0.3002047901176649,0.30212749469703043,3.973003935280063,3.6231096558939546,3.9228132136392904,-0.0019227045793655528,-0.29970355774533575,worse
3161,1,0.32927373908699464,0.3183310832880435,0.31673509877461486,5.173915486528224,4.941574918097487,4.854624523244714,0.0015959845134286277,0.08695039485277345,improved
3162,1,0.3286284467177808,0.3142873380436977,0.31367719677933076,4.077786953818157,3.903586892905076,3.815965621535214,0.0006101412643669257,0.08762127136986209,improved
3198,0,0.46195976579264847,0.3953989688298115,0.3953989688298115,1.455848619667969,2.92020734543479,2.92020734543479,0.0,0.0,same
3200,0,0.5422322521916765,0.47012646101017397,0.47012646101017397,1.3730068595214784,1.721758606607674,1.721758606607674,0.0,0.0,same
3201,0,0.5616857531857171,0.49273670380654444,0.49273670380654444,1.0512270246176791,1.9113937282096078,1.9113937282096078,0.0,0.0,same
3202,1,0.5602558165652811,0.4902722285198751,0.4898419504871396,1.568561344207908,1.055052294703311,1.0297249368169807,0.00043027803273554266,0.025327357886330226,improved
3203,0,0.6216441371353878,0.551070214371318,0.551070214371318,1.8086364359819955,1.3675816785471457,1.3675816785471457,0.0,0.0,same
3204,0,0.5944449540253252,0.5260719527180966,0.5260719527180966,2.9668664140274776,1.428817138092576,1.428817138092576,0.0,0.0,same
3205,0,0.6034327469036643,0.5364653552635334,0.5364653552635334,2.125982707443703,1.5545887404115108,1.5545887404115108,0.0,0.0,same
3207,0,0.5461510313025136,0.4867249331686579,0.4867249331686579,1.274609238627744,1.3962342833031025,1.3962342833031025,0.0,0.0,same
3208,1,0.5273266090887588,0.4803715305979825,0.4799805057919685,1.7345064071721354,2.173166837137431,2.15646588852248,0.00039102480601399536,0.016700948614951194,improved
3229,1,0.4534822811839351,0.46407672948993306,0.4625299252794288,5.3492635390417345,5.4023548500312035,5.6417140496653415,0.0015468042105042379,-0.239359199634138,improved
3232,0,0.33751152421308783,0.4016426045761392,0.4016426045761392,4.7085826492733505,4.986030385617807,4.986030385617807,0.0,0.0,same
3244,0,0.23073579107849315,0.320601840252119,0.320601840252119,4.337937883510586,4.9243864168913385,4.9243864168913385,0.0,0.0,same
3247,1,0.23522566178400045,0.3132478876758009,0.31369725304037643,4.156637554800388,5.038317219705608,5.304293244114208,-0.0004493653645755158,-0.2659760244086007,worse
3251,1,0.3417407818924916,0.2682126962273125,0.2695899532690914,4.12687347081818,4.4809661394036775,4.398729219291388,-0.0013772570417789343,0.08223692011228945,worse
3252,1,0.4019286096694297,0.3028924268396149,0.30324301423584105,6.361157593463902,5.819827492138018,5.7734295611757895,-0.0003505873962261208,0.046397930962228884,worse
3253,0,0.415934699695664,0.3317557529587876,0.3317557529587876,7.27076018802647,6.426477446848845,6.426477446848845,0.0,0.0,same
3254,1,0.41294022110651224,0.3388112019101342,0.3381151557977281,5.421240844365301,4.847832400165335,4.959938637925052,0.0006960461124060902,-0.11210623775971662,improved
3255,0,0.41006536463810417,0.3493826949049887,0.3493826949049887,5.211578388197491,5.121595098124113,5.121595098124113,0.0,0.0,same
3256,0,0.44861805294933427,0.3908896004460097,0.3908896004460097,3.921805031962924,5.015411683216927,5.015411683216927,0.0,0.0,same
3260,0,0.3688524287574573,0.3697256853451212,0.3697256853451212,15.028594988652133,15.178643280796088,15.178643280796088,0.0,0.0,same
3262,1,0.36376266623679865,0.36722302343227214,0.36815855031890027,18.14251365790446,18.289788588163496,18.401729094182276,-0.0009355268866281241,-0.11194050601877947,worse
3263,1,0.39692112126725715,0.38611858123456194,0.38728980552524667,16.156135895616767,16.577112296512,17.05709391912703,-0.0011712242906847248,-0.47998162261503197,worse
3264,0,0.4267205055241375,0.42066273904281143,0.42066273904281143,18.981968994942196,19.134799929377337,19.134799929377337,0.0,0.0,same
3266,1,0.4514125031978161,0.42784292142067043,0.4285273499479124,18.981658322691317,19.835443015687055,19.860840830945655,-0.000684428527241987,-0.025397815258600076,worse
3267,1,0.4511042133914449,0.4238652649193477,0.42555574297119286,17.88343701806066,18.58537140227349,18.993120934274184,-0.00169047805184519,-0.4077495320006932,worse
3268,1,0.42939717092708063,0.40587479617858235,0.4069136418807763,14.76621692833357,15.641175215921795,16.28147699909408,-0.0010388457021939246,-0.640301783172287,worse
3412,1,0.6648625957690447,0.6333424000599528,0.6336777156238492,7.268296942711284,6.978419965548758,6.89690287911446,-0.00033531556389643224,0.08151708643429778,worse
3413,0,0.6447809952885185,0.5967940078547519,0.5967940078547519,8.87444502927392,8.423649245353737,8.423649245353737,0.0,0.0,same
3414,0,0.6390883227726225,0.6011384864750244,0.6011384864750244,9.208375615601536,9.104302083519453,9.104302083519453,0.0,0.0,same
3415,1,0.6387129395507272,0.6247487120948849,0.624458504532459,10.97813849108895,10.90661783599732,10.88389625797325,0.00029020756242592594,0.022721578024070155,improved
3417,0,0.5908329705569542,0.610446050951803,0.610446050951803,11.736663275624863,12.021873818997328,12.021873818997328,0.0,0.0,same
3418,0,0.6080381014680675,0.6396285161610067,0.6396285161610067,11.652951180065966,12.102402992200949,12.102402992200949,0.0,0.0,same
3420,0,0.5788185763539693,0.6308316900630048,0.6308316900630048,9.76708878751738,10.407844845565531,10.407844845565531,0.0,0.0,same
3421,0,0.6121065250597082,0.6596732005276447,0.6596732005276447,10.652287680518407,11.437714488949908,11.437714488949908,0.0,0.0,same
3422,1,0.6413132257854262,0.6860822190845326,0.6857240558758654,10.713616720524929,11.464887777037324,11.647846674613422,0.00035816320866721707,-0.18295889757609807,improved
3423,1,0.6150872506281587,0.6761836624015569,0.6766187035751212,11.24149077787583,12.032984074192322,12.294033695717275,-0.00043504117356429894,-0.26104962152495226,worse
3424,1,0.578083933918296,0.6628638223255389,0.6625443881368944,11.639946965075026,12.507316222737508,12.75634579288332,0.00031943418864444073,-0.24902957014581162,improved
3425,1,0.5685389977228588,0.673578050983119,0.6736392452089682,11.207039839034238,12.10923183530204,12.284204610139303,-6.119422584927037e-05,-0.17497277483726315,worse
3426,1,0.5388765929384839,0.6566157984132374,0.6565577484736276,10.986861741861679,11.94096164426455,12.121549204184564,5.804993960978333e-05,-0.18058755992001352,improved
3427,0,0.48816708898183375,0.6017267007235484,0.6017267007235484,10.862749916699562,11.956893392541758,11.956893392541758,0.0,0.0,same
3428,0,0.440376192930079,0.5537415338193739,0.5537415338193739,8.72950365344955,9.90813878644369,9.90813878644369,0.0,0.0,same
3441,1,0.25790842119337204,0.3203395939943159,0.32007433221348874,4.383279071046471,4.405539106073594,4.447957538533666,0.0002652617808271418,-0.04241843246007271,improved
3442,1,0.2401521151132205,0.28525327294211394,0.28436289095179507,2.8428179397689504,1.274452021041079,1.013766569875074,0.0008903819903188781,0.26068545116600506,improved
3443,1,0.2423358073666436,0.2939803285443846,0.29362350840896906,1.9983760343765524,1.0418579583857528,1.0817220190398966,0.0003568201354155476,-0.03986406065414383,improved
3444,0,0.23273558733001093,0.29167555332640904,0.29167555332640904,1.7035757423900897,0.8201747605675922,0.8201747605675922,0.0,0.0,same
3445,0,0.24304004675922106,0.3050534644561816,0.3050534644561816,1.034806838931849,0.52089129123945,0.52089129123945,0.0,0.0,same
3446,1,0.2572561930283411,0.3130154700201651,0.3131939288438868,0.8855560409562397,0.682917378943369,0.7635575301127424,-0.00017845882372169442,-0.0806401511693734,worse
3447,0,0.24334959566423434,0.30256209527709077,0.30256209527709077,1.6968930038086152,1.4387787488747872,1.4387787488747872,0.0,0.0,same
3448,1,0.23158108901658028,0.2974175241911204,0.2980171184501346,1.9036434237335715,1.6453832907308468,1.8504841051627172,-0.0005995942590142356,-0.20510081443187045,worse
3449,1,0.23003247769052534,0.29218499541432985,0.29259808672306253,2.0249507356467897,1.9231041673239486,1.9736479266358113,-0.00041309130873268263,-0.050543759311862724,worse
3450,1,0.23876422155956514,0.2963659533390851,0.29676670925279625,1.0114143882701472,1.2575075220205933,1.3751092822571025,-0.00040075591371113717,-0.11760176023650915,worse
3452,0,0.2329090700560652,0.3008979171799743,0.3008979171799743,1.3014987815542494,1.4029763908434303,1.4029763908434303,0.0,0.0,same
3454,1,0.24166795090895918,0.31818888398054723,0.3190602104281692,0.6969667580447012,0.7274154570681557,0.8594819596404576,-0.0008713264476219451,-0.1320665025723019,worse
3456,1,0.18241495361299837,0.2878589155510531,0.28902189898290065,0.9315064601018249,1.3106893085078202,1.3208209525297063,-0.001162983431847564,-0.010131644021886155,worse
3457,1,0.2068127135195097,0.2943646422547483,0.2948814336629247,2.43175409778725,2.375511770752513,2.209621718956944,-0.000516791408176398,0.16589005179556882,worse
3458,0,0.20593309862425138,0.28320496491027775,0.28320496491027775,1.1595964823314564,1.8182869817540541,1.8182869817540541,0.0,0.0,same
3459,0,0.2829518187871693,0.3247773350099475,0.3247773350099475,1.2294596423716735,0.9851373504878392,0.9851373504878392,0.0,0.0,same
3462,0,0.2512354011738267,0.2241836084186643,0.2241836084186643,1.5290967267914235,1.3213237196478926,1.3213237196478926,0.0,0.0,same
3464,1,0.25166211198591015,0.2032040937266713,0.2032836259416403,1.9691829411720552,2.4491815798027075,2.327820965053182,-7.953221496898033e-05,0.12136061474952564,worse
3467,1,0.20775650222301023,0.18952799069178242,0.18997044420058803,1.5794772706754272,1.8445659038894373,1.9072419830344172,-0.00044245350880561807,-0.06267607914497986,worse
3468,0,0.2407287331701879,0.21281357645386764,0.21281357645386764,1.281354738276272,1.3288244867115695,1.3288244867115695,0.0,0.0,same
3469,1,0.2320851762073838,0.2063677696869798,0.2057979435569448,2.3759689609695847,2.425339664522495,2.5730491642792637,0.000569826130035006,-0.14770949975676873,improved
3476,0,0.2275349429643559,0.19056373003778312,0.19056373003778312,2.6108685525150497,2.637675291641484,2.637675291641484,0.0,0.0,same
3477,1,0.2157473270818236,0.22626866879687574,0.22433438740208633,3.6485354407779598,3.6494774767926805,4.045806427661426,0.0019342813947894055,-0.39632895086874553,improved
3478,0,0.1885755648736837,0.1547734199819504,0.1547734199819504,2.3817940038820242,2.239761671849216,2.239761671849216,0.0,0.0,same
3479,1,0.20334251562319372,0.16410055142591554,0.16492431293428772,3.176024378823952,3.0748521953054677,3.2650707264121266,-0.0008237615083721839,-0.19021853110665887,worse
3480,1,0.2050920079266453,0.190873736832061,0.18735780969411872,1.9423570683876672,2.3302332370901344,2.9012694202676155,0.0035159271379422707,-0.5710361831774811,improved
3500,0,0.15333486948264854,0.08221198802763385,0.08221198802763385,2.6939443295097893,2.043844452036638,2.043844452036638,0.0,0.0,same
3510,0,0.24508127337761798,0.1778970104352053,0.1778970104352053,5.5141869457453065,4.832944953674466,4.832944953674466,0.0,0.0,same
3513,0,0.25307082821038807,0.21649339774205217,0.21649339774205217,4.005472386258684,3.5673003696610426,3.5673003696610426,0.0,0.0,same
3520,1,0.20062312398618834,0.184155991184411,0.1819782917263505,3.6688686969794757,3.2306058617060467,3.351019835410304,0.0021776994580605114,-0.12041397370425733,improved
3590,0,0.13027957721407432,0.19984840303542822,0.19984840303542822,1.6096395208217686,1.1430985676537768,1.1430985676537768,0.0,0.0,same
3592,1,0.13716508446728023,0.22065293598647123,0.22051793679893025,1.5584741681336394,1.077540059176491,1.097261429351836,0.0001349991875409795,-0.01972137017534492,improved
3599,1,0.26752735431872854,0.2598761899471386,0.2596746648627111,2.7505335979143553,2.894553606864419,2.973540524613675,0.00020152508442750072,-0.07898691774925615,improved
3600,1,0.28145596325063593,0.2596925184861138,0.2601237437565481,3.184712213326861,3.0699808251215983,3.2473318676791956,-0.00043122527043432113,-0.17735104255759726,worse
3601,1,0.3111716766958026,0.2789329682477932,0.2789357022827929,2.9657147938949695,2.589205194243587,2.759411608104712,-2.734034999729573e-06,-0.17020641386112478,worse
3805,0,0.05562828069589265,0.09436813025826452,0.09436813025826452,3.253795148886589,2.923312180724638,2.923312180724638,0.0,0.0,same
3895,0,0.08413677974264402,0.03270631186945283,0.03270631186945283,1.5186420427049878,1.5023135058491437,1.5023135058491437,0.0,0.0,same
3898,1,0.10829791888250595,0.10350431137808015,0.10350685839596467,2.9647244704865936,2.959761620471232,2.967281006531284,-2.547017884518832e-06,-0.007519386060051758,worse
