event_id,frame_index,time_s,stamp,translation_candidates,yaw_candidates,total_candidates,score_probe_ms,translation_score_ms,yaw_score_and_probe_overhead_ms,single_ndt_ms,all_alternative_align_ms,all_alternative_align_count,sparse_top2_align_ms_if_triggered,sparse_top2_align_count_if_triggered,sparse_triggered,sparse_alternative_align_count,sparse_extra_event_ms
t080,789,79.97746920585632,1660857473.175276279,13,4,17,28.103961,21.200996,6.902965000000002,109.085502,420.82383600000003,16,13.271427,0,0,0,28.103961
t081,799,80.98601222038269,1660857474.183819294,13,4,17,27.723322,20.914016,6.809305999999999,5.362251,426.926829,16,10.21787,0,0,0,27.723322
t082,809,81.9945695400238,1660857475.192376614,13,4,17,28.197339,21.539311,6.658027999999998,8.018758,328.56702,16,26.66012,0,0,0,28.197339
t083,819,83.00310325622559,1660857476.200910330,13,4,17,35.468858,29.227858,6.240999999999996,5.231089,280.084518,16,43.033924,0,0,0,35.468858
t084,829,84.01164746284485,1660857477.209454536,13,4,17,36.234186,29.72087,6.513316,5.487617,435.82294,16,43.961075,0,0,0,36.234186
t085,839,85.02018857002258,1660857478.217995644,13,4,17,26.336472,20.174601,6.161871000000001,5.184294,382.520796,16,43.300231,0,0,0,26.336472
t086,849,86.02873253822327,1660857479.226539612,13,4,17,36.829729,30.718423,6.111305999999999,4.932305,315.83023199999997,16,40.287041,0,0,0,36.829729
t087,859,87.03727650642395,1660857480.235083580,13,4,17,27.163399,20.755406,6.407992999999998,8.115489,365.402126,16,50.517343,0,0,0,27.163399
t088,869,88.04582023620605,1660857481.243627310,13,4,17,26.778781,20.309815,6.468965999999998,5.357432,336.038706,16,43.291501,0,0,0,26.778781
t089,878,88.95350432395935,1660857482.151311398,13,4,17,26.719624,20.415554,6.304069999999999,7.375445,314.08313400000003,16,30.669182999999997,0,0,0,26.719624
t090,888,89.9620475769043,1660857483.159854650,13,4,17,26.55368,20.326995,6.226685,7.524766,297.70849100000004,16,41.270695,0,0,0,26.55368
t091,898,90.9705913066864,1660857484.168398380,13,4,17,26.553819,20.253522,6.3002970000000005,4.92546,293.47363200000007,16,31.208853,0,0,0,26.553819
t092,908,91.97913527488708,1660857485.176942348,13,4,17,32.107508,25.907575,6.1999330000000015,4.815669,236.025806,16,25.936487999999997,0,0,0,32.107508
t093,918,92.98767948150635,1660857486.185486555,13,4,17,26.760971,20.430151,6.330820000000003,4.954514,247.606569,16,26.775638,0,0,0,26.760971
t094,928,93.99622225761414,1660857487.194029331,13,4,17,26.148876,20.00663,6.142246,4.840253,197.709912,16,9.37404,0,0,0,26.148876
t095,938,95.00476622581482,1660857488.202573299,13,4,17,26.349183,20.144637,6.204546000000001,5.010667,235.470984,16,15.077608999999999,0,0,0,26.349183
t096,948,96.01331043243408,1660857489.211117506,13,4,17,27.157464,20.679139,6.478325000000002,5.211812,304.86637699999994,16,51.443866,0,0,0,27.157464
t097,958,97.02185440063477,1660857490.219661474,13,4,17,26.788558,20.265606,6.522952,5.259584,381.813713,16,15.488628,0,0,0,26.788558
t098,968,98.03039741516113,1660857491.228204489,13,4,17,26.718856,20.271189,6.447666999999999,5.239539,334.936183,16,12.932136,2,1,2,39.650992
t099,978,99.03894257545471,1660857492.236749649,13,4,17,26.504092,20.01096,6.493131999999999,5.229901,339.398729,16,10.239450999999999,2,1,2,36.743543
t100,988,100.0474865436554,1660857493.245293617,13,4,17,26.828927,20.321129,6.507798000000001,5.077995,287.62276499999996,16,10.118904,0,0,0,26.828927
t101,997,100.9551694393158,1660857494.152976513,13,4,17,26.811467,20.287952,6.523515,5.124789,297.94972900000005,16,12.767519,2,1,2,39.578986
t102,1007,101.96371340751648,1660857495.161520481,13,4,17,27.900092,21.19094,6.709152,11.10996,415.07361099999997,16,13.180912,0,0,0,27.900092
t103,1017,102.97226810455322,1660857496.170075178,13,4,17,27.748885,20.981413,6.7674720000000015,5.546634,398.74059800000003,16,13.553588,0,0,0,27.748885
t104,1027,103.98080110549927,1660857497.178608179,13,4,17,27.140003,20.467101,6.6729020000000006,5.368817,482.653472,16,13.103387999999999,0,0,0,27.140003
t105,1037,104.98934435844421,1660857498.187151432,13,4,17,26.774729,20.085481,6.689247999999999,5.313432,500.25502499999993,16,16.241244000000002,0,0,0,26.774729
t106,1047,105.9978883266449,1660857499.195695400,13,4,17,26.716202,20.137094,6.579107999999998,5.322791,499.486139,16,13.165826,0,0,0,26.716202
t107,1057,107.00643229484558,1660857500.204239368,13,4,17,32.16841,23.073809,9.094601,7.953525,462.271161,16,16.098488,0,0,0,32.16841
t108,1067,108.01497650146484,1660857501.212783575,13,4,17,26.411132,19.998601,6.412530999999998,10.613594,462.163256,16,18.304513,0,0,0,26.411132
t109,1077,109.02352046966553,1660857502.221327543,13,4,17,22.998728,17.423387,5.575340999999998,6.818874,305.962199,16,17.592685,0,0,0,22.998728
t110,1087,110.0320634841919,1660857503.229870558,13,4,17,17.21966,13.11128,4.10838,4.931746,189.88691999999998,16,27.179115,2,1,2,44.398775
t111,1097,111.0406084060669,1660857504.238415480,13,4,17,18.662803,14.160096,4.502707000000001,3.677036,225.90389800000003,16,8.929357,2,1,2,27.59216
t112,1107,112.04915142059326,1660857505.246958494,13,4,17,25.39626,19.558663,5.837597000000002,9.954776,351.09493999999995,16,43.36665000000001,2,1,2,68.76291
t113,1116,112.95683550834656,1660857506.154642582,13,4,17,26.156699,20.022555,6.134143999999999,4.916032,322.064808,16,33.557217,0,0,0,26.156699
t114,1126,113.96537852287292,1660857507.163185596,13,4,17,26.288141,20.108599,6.179541999999998,7.609205,332.75676599999997,16,29.654032,0,0,0,26.288141
t115,1136,114.97392344474792,1660857508.171730518,13,4,17,26.916858,20.604478,6.312380000000001,10.146421,363.96247199999993,16,32.699698,0,0,0,26.916858
t116,1146,115.98246645927429,1660857509.180273533,13,4,17,29.432214,22.985458,6.446755999999997,5.277184,380.000897,16,33.87786,0,0,0,29.432214
t117,1156,116.99100804328918,1660857510.188815117,13,4,17,27.731633,21.187378,6.544255,5.547473,372.946796,16,31.141664,0,0,0,27.731633
t118,1166,117.99954652786255,1660857511.197353601,13,4,17,26.52253,20.217556,6.304974000000001,5.113544,371.605762,16,13.508890000000001,0,0,0,26.52253
t119,1176,119.00809597969055,1660857512.205903053,13,4,17,26.613115,20.331955,6.28116,5.108167,334.65918899999997,16,15.363681,0,0,0,26.613115
t120,1186,120.01664018630981,1660857513.214447260,13,4,17,26.588251,20.380357,6.207894,5.220891,354.280503,16,10.968042,0,0,0,26.588251
t121,1196,121.0251829624176,1660857514.222990036,13,4,17,26.430758,20.254151,6.176607000000001,5.321883,301.69911699999994,16,40.09337,0,0,0,26.430758
t122,1206,122.03372931480408,1660857515.231536388,13,4,17,25.89095,19.80416,6.086790000000001,8.274309,270.337665,16,12.707035000000001,0,0,0,25.89095
t123,1216,123.04227232933044,1660857516.240079403,13,4,17,26.313773,20.071375,6.2423980000000014,4.954794,320.397612,16,11.252088,0,0,0,26.313773
t124,1225,123.94996547698975,1660857517.147772551,13,4,17,26.243233,20.090792,6.152441,4.988597,281.434424,16,11.229109999999999,0,0,0,26.243233
t125,1235,124.95850014686584,1660857518.156307220,13,4,17,25.812168,19.86548,5.946687999999998,5.108306,259.006164,16,14.748094,0,0,0,25.812168
t126,1245,125.96704411506653,1660857519.164851189,13,4,17,25.872303,19.692136,6.180166999999997,4.845211,284.83642199999997,16,17.158618,0,0,0,25.872303
t127,1255,126.97558498382568,1660857520.173392057,13,4,17,27.439904,20.749119,6.690784999999998,4.914984,279.141164,16,27.310277,0,0,0,27.439904
t128,1265,127.98413157463074,1660857521.181938648,13,4,17,26.154952,20.14855,6.006402000000001,7.31091,277.76116,16,30.660803,2,1,2,56.815755
t129,1275,128.99267315864563,1660857522.190480232,13,4,17,26.115981,20.128786,5.987195,7.408339,281.476189,16,37.800878999999995,0,0,0,26.115981
t130,1285,130.001216173172,1660857523.199023247,13,4,17,26.011357,20.132904,5.878453,4.886698,275.41747599999997,16,24.444665,0,0,0,26.011357
t131,1295,131.009761095047,1660857524.207568169,13,4,17,25.927687,20.064667,5.863019999999999,5.221729,334.879123,16,37.53136,0,0,0,25.927687
t132,1305,132.01830410957336,1660857525.216111183,13,4,17,25.904849,20.065578,5.839271,5.063398,276.023216,16,22.837463,0,0,0,25.904849
t133,1315,133.02684807777405,1660857526.224655151,13,4,17,32.330793,26.345969,5.984824,4.828311,240.17189900000002,16,39.37365,0,0,0,32.330793
t134,1325,134.03539109230042,1660857527.233198166,13,4,17,26.094609,20.149036,5.9455729999999996,5.14637,299.192562,16,24.60104,0,0,0,26.094609
t135,1335,135.0439350605011,1660857528.241742134,13,4,17,26.150134,20.213574,5.93656,5.208529,326.57275500000003,16,22.666211,0,0,0,26.150134
t136,1344,135.95162057876587,1660857529.149427652,13,4,17,26.249868,20.235645,6.014222999999998,4.911142,267.814415,16,37.189554,0,0,0,26.249868
t137,1354,136.96016454696655,1660857530.157971621,13,4,17,25.965122,19.953481,6.011641000000001,4.820697,282.48637900000006,16,37.305979,0,0,0,25.965122
t138,1364,137.96870851516724,1660857531.166515589,13,4,17,26.355819,20.322454,6.033365,5.122066,286.198965,16,26.913505,0,0,0,26.355819
t139,1374,138.97725009918213,1660857532.175057173,13,4,17,26.017015,20.063481,5.953534000000001,9.645375,323.96345799999995,16,61.623252,2,1,2,87.640267
t140,1384,139.9857964515686,1660857533.183603525,13,4,17,25.049426,19.229989,5.819437000000001,8.146429,409.88114399999995,16,7.394162,2,1,2,32.443588
t141,1394,140.99433708190918,1660857534.192144156,13,4,17,25.147903,19.194439,5.953464,5.822719,190.53952499999997,16,7.564925000000001,2,1,2,32.712828
t142,1404,142.00288105010986,1660857535.200688124,13,4,17,24.947665,18.88511,6.062555,3.870499,123.23707700000001,16,7.872369,2,1,2,32.820034
t143,1414,143.01142406463623,1660857536.209231138,13,4,17,25.919516,19.732293,6.187223000000003,11.721915,128.599119,16,12.301044000000001,2,1,2,38.220560000000006
t144,1424,144.0199704170227,1660857537.217777491,13,4,17,24.794153,18.683545,6.110608000000003,3.885095,211.18842300000006,16,20.829648,2,1,2,45.623801
t145,1434,145.02852034568787,1660857538.226327419,13,4,17,31.273386,25.161732,6.111653999999998,3.961153,128.66686499999997,16,7.415464,2,1,2,38.68885
t146,1444,146.03705501556396,1660857539.234862089,13,4,17,25.604459,19.587019,6.017439999999997,3.790669,123.67868800000002,16,10.929559000000001,2,1,2,36.534018
t147,1454,147.04559803009033,1660857540.243405104,13,4,17,25.479512,19.468778,6.010733999999999,9.804825,125.69648800000002,16,17.022566,2,1,2,42.502078
t148,1462,147.95328211784363,1660857541.151089191,13,4,17,25.567303,19.500347,6.066955999999998,4.056347,99.912604,16,9.584333,2,1,2,35.151635999999996
t149,1472,148.96180200576782,1660857542.159609079,13,4,17,25.061089,19.125575,5.935513999999998,5.888091,127.805995,16,14.808368000000002,2,1,2,39.869457
t150,1482,149.97036910057068,1660857543.168176174,13,4,17,25.297644,19.380009,5.917634999999997,3.82119,90.060639,16,9.513724,2,1,2,34.811368
t151,1492,150.9789047241211,1660857544.176711798,13,4,17,24.955488,19.167411,5.788076999999998,4.058094,105.219544,16,9.458409,2,1,2,34.413897
t152,1502,151.98745942115784,1660857545.185266495,13,4,17,25.289822,19.356752,5.933070000000001,4.076392,95.843477,16,16.761916,2,1,2,42.051738
t153,1512,152.99600315093994,1660857546.193810225,13,4,17,25.709571,19.691228,6.0183430000000016,5.943336,118.46457000000001,16,11.646905,0,0,0,25.709571
t154,1522,154.0045464038849,1660857547.202353477,13,4,17,26.12108,20.004466,6.116613999999998,4.02429,100.1852,16,9.933962000000001,2,1,2,36.055042
t155,1532,155.01309037208557,1660857548.210897446,13,4,17,26.597262,20.265466,6.331796000000001,4.184367,94.877912,16,11.91412,2,1,2,38.511382
t156,1542,156.02163100242615,1660857549.219438076,13,4,17,31.738952,25.704822,6.034130000000001,4.350591,87.56078599999998,16,7.982998,2,1,2,39.72195
t157,1552,157.0301752090454,1660857550.227982283,13,4,17,26.715434,20.473873,6.241560999999997,4.125561,93.914377,16,10.062401999999999,2,1,2,36.77783599999999
t158,1562,158.0387179851532,1660857551.236525059,13,4,17,26.900096,20.556775,6.343321000000003,4.251207,91.69919800000001,16,9.904,2,1,2,36.804096
t159,1572,159.04726433753967,1660857552.245071411,13,4,17,26.800641,20.623405,6.177235999999997,6.218583,103.74043,16,10.040331,2,1,2,36.840972
t160,1581,159.95494508743286,1660857553.152752161,13,4,17,30.036276,20.750445,9.285831000000002,4.300445,118.93293200000002,16,9.881581,2,1,2,39.917857
t161,1591,160.96348905563354,1660857554.161296129,13,4,17,26.759784,20.234035,6.525749000000001,4.168933,109.654014,16,16.300122,2,1,2,43.059906
t162,1601,161.9720320701599,1660857555.169839144,13,4,17,27.351484,20.967026,6.384457999999999,4.140996,148.04876199999998,16,8.191827,2,1,2,35.543311
t163,1611,162.9805784225464,1660857556.178385496,13,4,17,27.599423,21.1065,6.492923000000001,4.349404,142.79357499999998,16,8.121774,2,1,2,35.721197000000004
t164,1621,163.98912143707275,1660857557.186928511,13,4,17,25.784581,19.741581,6.042999999999999,3.813787,173.435944,16,11.579089,2,1,2,37.36367
t165,1631,164.99766540527344,1660857558.195472479,13,4,17,25.655024,19.518993,6.136031000000003,5.507383,164.926264,16,11.666321,2,1,2,37.321345
t166,1641,166.0062165260315,1660857559.204023600,13,4,17,31.143829,25.067515,6.076314,5.796039,345.841016,16,36.516627,2,1,2,67.660456
t167,1651,167.0147523880005,1660857560.212559462,13,4,17,26.392974,20.089533,6.303440999999999,3.863095,157.084137,16,7.512963,2,1,2,33.905937
t168,1661,168.02329540252686,1660857561.221102476,13,4,17,26.061155,19.940911,6.120244,4.04629,150.12215799999998,16,13.664287999999999,2,1,2,39.725443
t169,1671,169.03183937072754,1660857562.229646444,13,4,17,25.536922,19.437977,6.0989450000000005,17.601556,190.039106,16,11.600181,2,1,2,37.137102999999996
t170,1681,170.0403823852539,1660857563.238189459,13,4,17,25.319434,19.336706,5.982728000000002,7.983348,154.649589,16,9.865728,2,1,2,35.185162000000005
