selection_index,split,segment_id,scan_index,stamp,stage,candidate_id,converged,fitness,nn_median,nn_p90,nn_p95,lt0p5,lt1,lt2,delta_tx,delta_ty,delta_tz,delta_tnorm,delta_roll,delta_pitch,delta_yaw,delta_angle,d00,d01,d02,d10,d11,d12,d20,d21,d22
0,CALIBRATION,0,31,1517157222.21,A_DIRECT,-1,1,0.12518694752,0.150441721082,0.583839511871,0.918972468376,0.876625936145,0.960189199842,0.98029168309,-0.0624023091418,0.0912568798768,-0.0280295247598,0.11405051762,1.40097496066,-4.72538570864,1.49774793592,5.13351809894,0.996261858414,-0.0260480274235,-0.0823801855229,0.02411640921,0.999412497539,-0.0243660948032,0.0829665180536,0.0222882663474,0.996303427464
1,CALIBRATION,1,384,1517157257.82,A_DIRECT,-1,1,0.363036808104,0.441006332636,0.818350994587,3.23092126846,0.611990950226,0.910256410256,0.921568627451,-2.09263969779,1.02465496792,6.8756930307,7.25976675662,8.57774370966,-7.03732617756,1.72742856422,11.1414086307,0.992018274787,-0.0299171708515,-0.12251626502,0.0115425402004,0.988918971177,-0.148028246476,0.125586694973,0.145431938423,0.981369291722
2,CALIBRATION,2,742,1517157293.92,A_DIRECT,-1,1,0.978442129531,0.5570281744,2.09691929817,2.77798924446,0.468543774747,0.683238011439,0.892652881654,7.57745501724,-13.0215945965,15.0284590013,21.2799043778,166.102244106,178.097005034,142.542151459,40.1251137475,0.793368502066,0.607843477452,0.0332075879482,-0.596707550684,0.765715235,0.240058478319,0.120490015624,-0.210268751973,0.970194256408
3,CALIBRATION,3,848,1517157304.61,A_DIRECT,-1,0,1.79769313486e+308,14.0600194931,15.0409152985,15.1128851891,0,0,0,7.1869728302e-07,6.22016202101e-06,7.05677472457e-07,6.30118417818e-06,179.999999875,179.999999986,-179.999999967,0,1.0000000101,2.01285166498e-10,2.50155262092e-10,5.77390955253e-10,1.00000000702,2.18254594953e-09,3.74034325376e-11,4.10501001247e-09,1.00000000925
4,CALIBRATION,4,1298,1517157350,A_DIRECT,-1,0,1.79769313486e+308,19.7916088104,20.5561637878,20.8539333344,0,0,0,9.65387471297e-07,-1.11203151221e-06,-8.53259972899e-07,1.70195171354e-06,4.96544940963e-08,5.40288673822e-08,5.17655041128e-07,0,0.999999996181,1.85432735135e-08,9.42981623342e-10,9.03478480983e-09,0.999999994851,-8.66634430885e-10,1.01259431395e-09,-1.32034938538e-10,1.00000002365
5,CALIBRATION,5,1468,1517157367.14,A_DIRECT,-1,0,1.79769313486e+308,19.6031665802,20.3827953339,20.5293731689,0,0,0,-4.55719145975e-06,-4.87818675765e-06,9.31602245013e-07,6.74036963276e-06,1.50837806233e-08,1.36860229866e-08,-7.88780652642e-07,0.00772910092769,0.999999972377,2.48434138413e-08,2.38866156022e-10,-1.37668196374e-08,1.00000001251,-2.63261634714e-10,2.21614163132e-09,-4.23898795232e-09,0.999999996918
6,CALIBRATION,6,1892,1517157409.9,A_DIRECT,-1,0,1.79769313486e+308,14.1340165138,15.0512460709,15.1213919163,0,0,0,-2.00439463693e-07,-5.27274346496e-06,3.17358209934e-07,5.28608700829e-06,179.999999918,179.999999879,-179.999999843,0,0.999999982242,-5.22760689597e-09,2.11055185828e-09,2.74169934412e-09,1.00000001186,1.43430305133e-09,-1.8547044317e-09,6.73675143448e-10,1.00000002167
7,CALIBRATION,7,2008,1517157421.6,A_DIRECT,-1,0,1.79769313486e+308,13.9249639511,14.9759126663,15.0641321182,0,0,0,-2.75721194498e-06,2.24903121193e-06,3.76246048095e-07,3.57797710872e-06,179.999999947,-179.999999888,-179.999999314,0,1.00000000239,-2.59966500193e-09,-1.94965979472e-09,1.19726031398e-08,1.0000000336,9.24274504155e-10,4.67431024442e-10,1.00128850697e-09,1.00000001179
8,CALIBRATION,8,2354,1517157456.5,A_DIRECT,-1,1,0.025986940133,0.0855481438339,0.124110158533,0.137577039003,0.988566402814,0.992963940193,1,1.01048426137,-0.717611838832,6.94757077281,7.05725051539,179.784476854,175.030843581,-179.712523911,4.98083382301,0.996230305616,-0.00499829088771,0.0866195759241,0.00469152754285,0.999982517197,0.00374744295389,-0.0866369005539,-0.00332689044587,0.996234771336
9,CALIBRATION,9,2757,1517157497.14,A_DIRECT,-1,1,0.0707329922697,0.116258494556,0.440036010742,0.578045457602,0.924105844722,0.990404187264,1,0.190140737635,0.267918304271,-0.349357930483,0.479567181387,174.590976084,-178.54383213,-179.713868773,5.61151236594,0.99966518808,-0.00499211210303,-0.0254122030008,0.00736713451043,0.995523375212,0.0942347964176,0.0248280117893,-0.0943903122792,0.995226982083
10,VALIDATION,0,105,1517157229.68,A_DIRECT,-1,1,0.0334435659984,0.0911810100079,0.147200487554,0.209721796215,0.977292965272,0.991985752449,0.999554764025,-0.122694962699,0.264685785879,0.679172404261,0.739180474463,178.437010091,-175.356034371,-179.306199665,4.95478147101,0.996647301433,-0.0120692818646,-0.0809640446437,0.014312541466,0.999530807121,0.0271864464745,0.0805976708358,-0.0282542755727,0.996348235883
11,VALIDATION,0,264,1517157245.71,A_DIRECT,-1,1,0.0256607851791,0.0930021926761,0.135949376225,0.158055220544,0.992781316348,0.994479830149,0.9983014862,-0.0429630220565,0.552369627252,4.46268151218,4.49694166134,175.230098811,-174.724089912,-179.81061596,7.11869318274,0.995760653181,-0.0032913501644,-0.0919521728437,0.0109401049126,0.99650707798,0.0828021120788,0.0913583360662,-0.0834567360116,0.992315387145
12,VALIDATION,1,560,1517157275.57,A_DIRECT,-1,1,0.00930377814261,0.0832684934139,0.122492744774,0.136242816597,0.999584026622,1,1,0.0306673768086,1.63827361719,11.640844315,11.7556002526,177.951949085,-174.616410917,-179.204604088,5.82740554417,0.995493800238,-0.0138214306519,-0.0938232376271,0.0172256430529,0.999217150886,0.0355800008036,0.0932581604025,-0.0370356605784,0.994953565036
13,VALIDATION,1,327,1517157252.07,A_DIRECT,-1,1,0.00958711231052,0.079973988235,0.120498374104,0.131152655184,0.998292787025,0.998719590269,1,-0.172018103645,0.685938430218,6.19970815491,6.23991049327,179.471382048,-175.09758146,-179.693463799,4.94006787944,0.996329007286,-0.00533048947843,-0.0854591155257,0.00613824893245,0.999939384848,0.00919226862834,0.0854048674623,-0.00968298665274,0.996302246087
14,VALIDATION,2,827,1517157302.49,A_DIRECT,-1,0,1.79769313486e+308,14.0717806816,15.0435826302,15.1133164883,0,0,0,3.25528816347e-07,-3.38838199809e-06,-6.82657033124e-07,3.47176067726e-06,179.999999936,-179.999999998,-179.999999948,0.00671915260223,0.999999987665,1.16469989093e-09,-3.49853297374e-11,9.07091305064e-10,1.00000000002,1.12314529899e-09,4.31901476389e-11,1.91167551233e-09,0.999999998565
15,VALIDATION,2,564,1517157275.97,A_DIRECT,-1,1,0.00887814539569,0.0790884867311,0.119022209942,0.130562782288,1,1,1,0.302421162471,1.34715269769,11.7500363954,11.8308763092,177.331982891,-175.377626394,-179.742473168,5.34632979632,0.996738995842,-0.00448033273515,-0.0805882812191,0.00824106494603,0.998890063743,0.046397608198,0.080290935787,-0.0469103103108,0.995670302653
16,VALIDATION,3,1050,1517157324.98,A_DIRECT,-1,0,1.79769313486e+308,16.5721187592,17.5018806458,17.7064647675,0,0,0,1.69832310348e-06,1.10646998053e-06,3.86747727177e-07,2.06352877036e-06,179.999999951,-179.999999994,179.999999679,0.00121544386947,1.00000003885,-3.66192529533e-09,-9.81842523951e-11,-5.59557749723e-09,0.9999999698,8.55905693542e-10,-1.10951291557e-09,-8.47050055097e-10,0.9999999909
17,VALIDATION,3,931,1517157312.98,A_DIRECT,-1,0,1.79769313486e+308,14.5051736832,15.3744709015,15.5461679459,0,0,0,1.55839335036e-06,9.18666756888e-07,-1.55006031122e-07,1.81564460023e-06,4.96712552217e-08,-3.67827109337e-08,9.09267201674e-07,0.0131654174913,0.999999991951,-1.92846269285e-08,-6.41979408435e-10,1.58697061259e-08,0.999999979633,-8.6692692608e-10,5.80062572194e-10,6.99436966678e-11,0.999999975618
18,VALIDATION,4,1353,1517157355.54,A_DIRECT,-1,0,1.79769313486e+308,19.7697610855,20.5322580338,20.734700489,0,0,0,1.90967048752e-06,-6.43356614205e-07,-1.28045414272e-08,2.01517072732e-06,179.999999999,-179.999999997,179.99999997,0,1.00000000355,2.96350277854e-09,-4.72407321594e-11,-5.27572101972e-10,1.00000002957,1.48444971593e-11,5.15052053091e-10,-8.86464582295e-11,1.00000000128
19,VALIDATION,4,1243,1517157344.45,A_DIRECT,-1,0,1.79769313486e+308,19.5301427841,20.4716291428,20.6484471321,0,0,0,-4.30242457128e-06,-9.88262385704e-07,2.54010572576e-07,4.42176900183e-06,1.52598138891e-07,-2.4229471419e-07,-2.25453407664e-06,0,0.999999994609,-3.23803945341e-08,-4.2288405e-09,-3.93490427169e-08,0.999999999532,-2.66334000687e-09,-1.84763204736e-10,-6.03354301243e-09,1.00000001908
20,VALIDATION,5,1397,1517157359.98,A_DIRECT,-1,0,1.79769313486e+308,19.7000875473,20.4882341385,20.7145327568,0,0,0,4.53875055939e-06,-5.64501277722e-06,5.58769873926e-07,7.26489157988e-06,179.999999779,-179.999999862,179.999999124,0,1.00000001119,-1.81071731845e-08,-2.4096141818e-09,-1.52880394845e-08,0.999999980201,3.85368016664e-09,2.65245679587e-09,1.22855785267e-09,1.00000002784
21,VALIDATION,5,1536,1517157374,A_DIRECT,-1,0,1.79769313486e+308,19.0509281158,20.0956789017,20.234045887,0,0,0,-3.56514732403e-07,-6.41294235493e-08,8.89514501168e-07,9.60443327413e-07,179.999999782,179.999999742,-179.9999989,0,1.00000000333,-3.31256323066e-09,4.50987215628e-09,1.92003577898e-08,0.999999984304,3.80376184717e-09,-4.05097222433e-09,4.98309957186e-09,1.0000000156
22,VALIDATION,6,1840,1517157404.66,A_DIRECT,-1,0,1.79769313486e+308,14.1483430862,15.0466785431,15.1170122147,0,0,0,5.38007787654e-07,-1.28541523736e-06,-2.34219871609e-07,1.41301226473e-06,179.999999842,179.999999956,179.999999706,0,1.0000000214,-2.49835111041e-09,7.7365681049e-10,-5.13011516644e-09,1.00000000027,2.76511179231e-09,1.00970761266e-09,-3.42758280092e-10,1.00000001501
23,VALIDATION,6,1943,1517157415.05,A_DIRECT,-1,1,0.991278478922,0.761809647083,1.67416763306,1.89547860622,0.336977743069,0.645450995705,0.969152674736,96.4340690086,-113.224503739,1.04247325901,148.729299948,5.8011129922,-6.99162495205,157.330507555,157.048975879,-0.915882778593,-0.382548429488,-0.121724343528,0.394794197808,-0.913277013127,-0.100324222253,-0.0727884170014,-0.139940924558,0.987482771089
24,VALIDATION,7,1953,1517157416.06,A_DIRECT,-1,1,0.0256568011487,0.0865226648748,0.140808571875,0.183098279685,0.990632318501,0.992974238876,0.999219359875,0.784056596178,-0.854476746126,14.745412767,14.7909456399,3.89821035488,2.68058517134,-0.243078000552,4.73090340165,0.998897688084,0.00423686386158,0.0467680133388,-0.00105324053081,0.997692152979,-0.0679098430099,-0.0469477271392,0.0677857929167,0.996596252931
25,VALIDATION,7,2101,1517157430.98,A_DIRECT,-1,1,0.0124148407403,0.0857430361211,0.13028151989,0.160789306462,0.996696944674,1,1,2.0436860008,-0.933506806552,12.9339740424,13.1276719931,2.28621340322,4.61183843001,0.383965752619,5.16736105687,0.996741188202,-0.00667953835554,0.0804049801041,0.0099034825887,0.999160521338,-0.0397622523013,-0.0800719764868,0.0404288186076,0.995970023484
26,VALIDATION,8,2238,1517157444.8,A_DIRECT,-1,1,0.00967844526176,0.0836885161698,0.118651025742,0.128578516096,0.999180999181,0.999180999181,1,1.15037746297,-0.828408810876,9.7561274665,9.85858268758,1.52594178754,4.79381308187,0.105882495899,5.03194616764,0.996501232669,-0.00184166957224,0.0835703271276,0.00407278095618,0.99964094164,-0.0265364394625,-0.0834913128431,0.0267840243617,0.996149722059
27,VALIDATION,8,2496,1517157470.82,A_DIRECT,-1,1,0.015502436388,0.0820404551923,0.119459372014,0.128669843078,0.995012468828,0.996674979219,0.999584372402,0.422287707123,-0.407066307517,3.27274082394,3.32488531937,2.07537487105,4.74975128228,-0.0390408531247,5.18140672886,0.996566619887,0.000679201816674,0.0828039636845,0.00231773288626,0.999347485029,-0.0360898849575,-0.0827742898989,0.0361578470172,0.995913410485
28,VALIDATION,9,2680,1517157489.38,A_DIRECT,-1,1,0.145679832318,0.161016918719,0.542351967096,1.07339491248,0.89157014157,0.942728442728,0.975546975547,0.300529751717,-0.490893398172,-0.152589090186,0.595464432591,0.0601262161226,5.04936722163,-0.356128433371,5.06114573847,0.99610032657,0.00619137372579,0.0880140817084,-0.00612321481146,0.999981445486,-0.00104532963645,-0.0880187076287,0.000502393133495,0.996120465341
29,VALIDATION,9,2599,1517157481.21,A_DIRECT,-1,1,0.0215141645928,0.0866386666894,0.132317218184,0.15743471384,0.988926336062,0.995185363505,1,0.22788392301,-0.317662513621,0.945095684876,1.02276410208,1.64235004592,4.94075625618,-1.15398656117,5.31488298175,0.996084733133,0.0200647061013,0.0861258500948,-0.0176633676246,0.999438265184,-0.0285540917893,-0.0866500789628,0.026920879959,0.995878343048
0,CALIBRATION,0,31,1517157222.21,B_BEST_AXIS,5,1,0.150175910408,0.21696741879,0.651254189014,0.872644793987,0.84942845881,0.965313362239,0.979109184076,-0.0172586029268,-0.110251197935,-0.0518136080986,0.123035913477,97.9316023424,-177.646125661,-177.86234208,82.1627691072,0.998465315298,-0.0372691526296,-0.0410714833387,0.045797568435,0.136378169954,0.989603249575,-0.0312802568887,-0.989959510345,0.137875181409
1,CALIBRATION,1,384,1517157257.82,B_BEST_AXIS,5,1,1.04601383784,0.797713279724,1.9574704051,6.05948619843,0.370286576169,0.555429864253,0.906862745098,4.6392800327,7.00081930409,-2.64193631234,8.80421590085,40.4688768926,-12.1433662296,22.9895526107,45.6777309504,0.899983930283,-0.381825791953,-0.210359972631,0.171438146073,0.753663970694,-0.634514653653,0.400813638692,0.534985078295,0.743738898432
2,CALIBRATION,2,742,1517157293.92,B_BEST_AXIS,5,0,1.79769313486e+308,16.0627555847,18.3401580811,19.4417316437,0,0,0,5.68387665112e-06,2.05943180731e-07,8.94037100352e-07,5.75744463418e-06,3.95018117388e-08,2.73661567077e-07,2.0519846973e-08,0.00205742868585,0.999999999888,-3.13432141352e-10,4.77629538112e-09,3.58138897011e-10,1.00000001023,-6.89436667478e-10,-2.40981858687e-09,-2.4597829329e-10,0.99999998859
3,CALIBRATION,3,848,1517157304.61,B_BEST_AXIS,5,1,0.208177664914,0.17395298183,0.759757733345,1.09824784994,0.834741784038,0.938341158059,0.976212832551,-1.29364073077,16.4151228613,-0.0342832964027,16.4660541794,95.9918895497,-0.991370758626,-19.4581507556,97.6367926473,0.942744327182,0.333070788961,-0.0173018410122,0.0185498206403,-0.104157872277,-0.994389207464,-0.333001903604,0.937134163625,-0.104372204533
4,CALIBRATION,4,1298,1517157350,B_BEST_AXIS,5,0,1.79769313486e+308,20.3685417175,21.3812885284,21.6980419159,0,0,0,9.65387442875e-07,-8.53259976452e-07,1.11203151221e-06,1.7019516992e-06,179.999999992,-179.999998938,-179.999999942,0,0.999999996181,9.42981626811e-10,-1.85432735133e-08,1.01259431742e-09,1.00000002365,1.32034945477e-10,-9.03478486491e-09,8.66634423946e-10,0.999999994851
5,CALIBRATION,5,1468,1517157367.14,B_BEST_AXIS,5,1,0.0355394699123,0.0819490887225,0.133636912704,0.289573024213,0.973853211009,0.995871559633,0.997247706422,4.59717689764,21.9304868473,-1.74569114982,22.4750467491,85.5868124028,-2.95864793172,-28.0524589996,89.9457316893,0.881341547936,0.469653945467,-0.0516152507279,-0.0816034195002,0.0437066942622,-0.995707789382,-0.465381855201,0.881771452308,0.0768460789202
6,CALIBRATION,6,1892,1517157409.9,B_BEST_AXIS,5,1,0.191024281998,0.162587322295,0.716627371311,1.06266114116,0.852805280528,0.942574257426,0.978877887789,2.15495898347,16.2578394095,-1.31126494517,16.4523738786,84.5314453859,-6.8982122291,-7.50682051203,85.4766608471,0.984257042201,0.129699457528,-0.120106428489,-0.130985388136,0.0788634804557,-0.988245395859,-0.118702171431,0.988416375448,0.0946098344662
7,CALIBRATION,7,2008,1517157421.6,B_BEST_AXIS,5,1,0.0127131858245,0.0830503180623,0.118597774208,0.130738461018,0.996117190258,0.997176138369,0.998941051888,0.866418557265,14.8145019142,1.09836823171,14.8804086252,92.2290567795,175.554686849,179.976791659,87.8613276994,0.996994940343,0.00040439157281,0.0775077900085,-0.0774643704244,0.0388637900894,0.996240411276,-0.00260985467411,-0.999247711348,0.0387776815193
8,CALIBRATION,8,2354,1517157456.5,B_BEST_AXIS,5,1,0.0458148248394,0.0935008861125,0.155400243402,0.271267776191,0.971416007036,0.992524186456,0.99780123131,1.37983201683,8.19711874842,0.49018076162,8.32688233071,179.355243594,178.569527073,168.684725012,11.428402116,0.980262788047,0.196147599749,0.0249640213141,-0.196471837344,0.980451336141,0.0112494561158,-0.0222695656019,-0.0159325548898,0.999632022568
9,CALIBRATION,9,2757,1517157497.14,B_BEST_AXIS,5,1,0.125188034569,0.180081665516,0.583148562908,0.710311895609,0.848211689445,0.983134632161,1,0.0906159180271,1.45586959088,-0.667329416371,1.60408729819,82.3047653082,-1.34540188067,-50.2294132759,94.5545304808,0.639540633704,0.768401261005,-0.0234795817979,-0.117805411205,0.067776590253,-0.990722629248,-0.759679202919,0.636370901173,0.133867050848
10,VALIDATION,0,105,1517157229.68,B_BEST_AXIS,5,1,0.0769761815607,0.158691078424,0.441051289439,0.585513800383,0.925200356189,0.991985752449,1,0.0823580676191,1.27891314498,-1.06115399756,1.66386582699,168.105130721,-174.395930533,-175.244166622,14.1700505719,0.991798490188,-0.0825136753204,-0.0976540285592,0.101188654788,0.973494171632,0.205132195995,0.0781393046255,-0.213331399427,0.973854225328
11,VALIDATION,0,264,1517157245.71,B_BEST_AXIS,5,1,0.0247130596077,0.094528131187,0.163351723552,0.221672263741,0.991082802548,0.994055201699,0.997452229299,-0.15798386117,5.01365552331,-1.56669283244,5.25511436965,179.930004277,-178.355264019,-179.699922916,1.66883468979,0.999575700854,-0.0052351597459,-0.0287021560997,0.00527237766927,0.999987072164,0.00122115424475,0.0286951243404,-0.00137197841701,0.999588924634
12,VALIDATION,1,560,1517157275.57,B_BEST_AXIS,5,1,0.09537335087,0.222290806472,0.481861114502,0.568237224221,0.91306156406,0.997920133111,1,0.822419704725,12.6771285903,-2.2419162105,12.9000834013,39.8239813271,-8.57933309349,22.2329422138,44.6922813302,0.915297500907,-0.374140720378,-0.149179070837,0.202161304696,0.747067571636,-0.633266400913,0.348376538823,0.549468179731,0.759423379629
13,VALIDATION,1,327,1517157252.07,B_BEST_AXIS,5,1,0.0143697028756,0.0861978381872,0.13540442884,0.175194174051,0.994451557832,0.998719590269,1,-0.384941293389,6.99312872473,-1.38176124044,7.13871790209,0.151467238557,-2.15195385817,2.2704191596,3.12774146739,0.998511353676,-0.0395880940577,-0.0375498904945,0.0395166768669,0.999217552975,-0.00264173606183,0.0376251277407,0.00115385348177,0.999291832163
14,VALIDATION,2,827,1517157302.49,B_BEST_AXIS,5,1,0.204142427227,0.168096788228,0.752825921774,1.07826449871,0.832495285984,0.940289126336,0.978629792583,-1.31298452029,16.4039785718,-0.0374849330437,16.456483417,95.7860166926,-0.745735373941,-19.4360912857,97.3900824511,0.942934856059,0.332729259607,-0.0130151981177,0.0213358232664,-0.0993777302071,-0.994821674202,-0.332297738751,0.937773736467,-0.100805010727
15,VALIDATION,2,564,1517157275.97,B_BEST_AXIS,5,1,0.0516106645031,0.113897688687,0.380734932423,0.542830240726,0.93838254172,0.996576807873,1,1.01387181208,12.6393470459,-1.80523636326,12.8078065306,2.35966649016,-14.526905135,14.7115454613,20.5656761184,0.936298174945,-0.245835013443,-0.250835555745,0.243750412654,0.969025972285,-0.0398563168902,0.252861846889,-0.0238244308957,0.967216140147
16,VALIDATION,3,1050,1517157324.98,B_BEST_AXIS,5,0,1.79769313486e+308,17.180562973,18.4494590759,18.5163536072,0,0,0,1.6983231319e-06,3.867477254e-07,-1.10646999474e-06,2.06352880104e-06,179.999999951,179.99999979,179.999999936,0.00121544386947,1.00000003885,-9.81842523951e-11,3.66192529533e-09,-1.10951291557e-09,0.9999999909,8.47050055097e-10,5.59557749723e-09,-8.55905693542e-10,0.9999999698
17,VALIDATION,3,931,1517157312.98,B_BEST_AXIS,5,1,0.68273507176,0.477274179459,1.45881874561,1.80021319389,0.520777735417,0.791460160122,0.958444529165,-13.8878938849,14.6968279568,-2.26663912685,20.3471865742,116.198853042,144.811925644,-125.617998313,75.1015667842,0.475957445889,-0.664370383355,0.576262931236,0.0577676073137,0.677442226639,0.733306019401,-0.877570777714,-0.315732888675,0.360813061431
18,VALIDATION,4,1353,1517157355.54,B_BEST_AXIS,5,0,1.79769313486e+308,17.9186038971,22.8920465469,23.364849472,0,0,0,1.90967051594e-06,-1.28045449799e-08,6.43356614205e-07,2.01517075427e-06,179.999999995,-179.99999983,-179.99999997,0,1.00000000355,-4.72407321594e-11,-2.96350278551e-09,5.15052054825e-10,1.00000000128,8.86464582295e-11,5.27572101945e-10,-1.48444971593e-11,1.00000002957
19,VALIDATION,4,1243,1517157344.45,B_BEST_AXIS,5,1,0.0042380297964,49.7013378143,53.1090881348,53.6573343277,0.00484261501211,0.00484261501211,0.00484261501211,-9.54310083768,-16.583337986,-41.7809202651,45.9534892098,51.1851164954,176.483352534,-151.408003142,129.669786541,0.876396312943,-0.477668887922,0.0613385629217,-0.341935503916,-0.527494557269,0.777707741646,-0.339130428458,-0.702554646912,-0.625625766894
20,VALIDATION,5,1397,1517157359.98,B_BEST_AXIS,5,1,0.103377509289,0.100371461362,0.509663569927,0.676036867499,0.896907216495,0.975773195876,0.983505154639,1.65031890976,21.4459670577,-10.453637515,23.9150913199,80.4821215486,-0.639974491089,12.7529448499,81.2476868899,0.975272792359,-0.220735111358,-0.0111694619429,0.0257576468438,0.163708634377,-0.986173169698,0.219510563215,0.961498549045,0.165345148446
21,VALIDATION,5,1536,1517157374,B_BEST_AXIS,5,1,0.73950309971,37.4389095306,49.7433452606,53.1373945236,0.00282030620467,0.00765511684126,0.0088638195004,56.4100004016,20.1645678494,70.5775314356,92.5736781456,66.2081686221,-127.314470717,-114.689440709,155.578212415,0.253205457426,-0.550773952243,-0.795319863251,-0.0625636191715,-0.82971288443,0.554673224476,-0.965388894283,-0.0906887445821,-0.244545584533
22,VALIDATION,6,1840,1517157404.66,B_BEST_AXIS,5,1,0.174115516946,0.170972183347,0.601971077919,0.910240983963,0.874125874126,0.959146117041,0.986750092013,0.863929080423,16.4188650287,-1.42129295376,16.5028959866,84.8727020907,2.20379656476,-11.8488837355,85.3365721365,0.977972629026,0.205179723009,0.0384541747146,0.0191345915619,0.0953293267889,-0.995261632814,-0.20787399435,0.974075720331,0.0893027124927
23,VALIDATION,6,1943,1517157415.05,B_BEST_AXIS,5,1,0.540341188373,0.4393183887,1.31839799881,1.58467102051,0.546661460367,0.811011323702,0.97461928934,3.60323194648,15.997924099,-3.7370545603,16.8191091537,93.3930104005,-12.0575361934,-22.6794828475,98.3537404266,0.902322526335,0.377069033761,-0.208894234536,-0.169583956879,-0.135011975665,-0.976227201441,-0.396308761573,0.916295711882,-0.057879071657
24,VALIDATION,7,1953,1517157416.06,B_BEST_AXIS,5,1,0.0367670776634,0.0907728411257,0.275591477752,0.423482865095,0.971506635441,0.997267759563,1,3.2537607147,14.4380788052,3.2552481066,15.1539340968,94.6153794159,177.796544017,179.765366464,85.4121611838,0.999257757661,0.00409257012894,0.0384482959761,-0.0386525618894,0.0803096880878,0.996023780724,0.000988107645606,-0.996767135235,0.0804072612853
25,VALIDATION,7,2101,1517157430.98,B_BEST_AXIS,5,1,0.0181996591503,0.0989324189723,0.153229263425,0.199553705007,0.990916597853,1,1,1.32450224766,14.0879824754,0.528434118791,14.1599717178,2.82737474355,-0.305906863094,-10.5291948562,10.9111222118,0.983152363199,0.182734298365,-0.00533908035534,-0.182773528831,0.981919899271,-0.0493264313243,-0.00377124286412,0.0494710336578,0.998771711802
26,VALIDATION,8,2238,1517157444.8,B_BEST_AXIS,5,1,0.0164984692964,0.0876799859107,0.140980190039,0.190197829902,0.989762489762,0.999180999181,1,1.21207521076,10.4969661622,0.116699140328,10.5673574566,0.563062356928,-1.64236313786,-8.19408729849,8.38315593848,0.989385871451,0.142468187935,-0.0286607623604,-0.142798763305,0.989703544485,-0.00982309807904,0.0269660272787,0.0138114283399,0.999541056732
27,VALIDATION,8,2496,1517157470.82,B_BEST_AXIS,5,1,0.0246799099353,0.0881103500724,0.132945306599,0.21765325591,0.99459684123,0.996259351621,0.997921862012,0.651940750532,4.11547834505,-0.177864130047,4.17059041378,0.597387789972,-5.56928942523,-5.33273414113,7.75128502811,0.990973333164,0.0925008299132,-0.0970495973004,-0.0939420233523,0.995525155438,-0.0103769974224,0.0956555861912,0.0194004279609,0.995227256808
28,VALIDATION,9,2680,1517157489.38,B_BEST_AXIS,5,1,0.418866436531,0.302678138018,1.25978105068,1.56772364378,0.69305019305,0.858108108108,0.972972972973,-2.37003930835,1.62139163541,0.319399083612,2.88929280848,90.9847849238,-5.17880459743,-18.5323090402,93.3772857296,0.944277190236,0.316542251499,-0.090264441254,-0.080108929134,-0.0449816724186,-0.995773076782,-0.319264521822,0.947514943555,-0.0171167736599
29,VALIDATION,9,2599,1517157481.21,B_BEST_AXIS,5,1,0.180762701311,0.202268928289,0.841877448559,0.968287026882,0.841116995667,0.963408762638,0.997111218103,0.322404528525,1.97027285317,-0.218820499759,2.00843277385,172.696556818,177.912315371,168.880071868,13.5689755452,0.980574923516,0.192735343041,0.0364289295822,-0.195842629164,0.972371951949,0.12703997197,-0.0109371924633,-0.131706858058,0.991229489679
