frame,frame_id,method,random_rep,probe_rank,seed_index,start_pose_matrix16,terminal_pose_matrix16,terminal_pose_xyz_q_xyzw,terminal_disp_0,terminal_disp_1,terminal_disp_2,terminal_disp_3,terminal_disp_4,terminal_disp_5,terminal_disp_norm,translation_from_nominal_m,rotation_from_nominal_deg,converged,iterations,runtime_ms,raw_ndt_score_sum,nominal_ndt_score_sum,delta_score_sum,objective_eval_ms,source_points,source_hash,target_points,status
1497,F014,RANDOM2,0,1,254,-0.25289803743362427;0.96718233823776245;0.024513209238648415;47.809368133544922;-0.96741825342178345;-0.25311219692230225;0.0060142907314002514;35.329563140869141;0.012021508067846298;-0.022193523123860359;0.99968141317367554;1.7833929061889648;0;0;0;1,-0.2525646984577179;0.96719616651535034;0.027251835912466049;47.802993774414062;-0.96750348806381226;-0.25279861688613892;0.0054538301192224026;35.333049774169922;0.012164149433374405;-0.024988802149891853;0.99961370229721069;1.7872546911239624;0;0;0;1,47.802993774414062;35.333049774169922;1.7872546911239624;-0.0124520404893409;0.0061713613089475674;-0.79135595833397121;0.61119768340248837,-0.0058221817016601562,0.0030279159545898438,0.0072158873081207275,-0.00028643807716857407,0.0050857491516300745,-5.0323195868252707e-05,0.011003841514130615,0.0078029781579971313,0.29186800556028858,1,2,7.5673680000000001,2816.6844102594546,2786.7587915946951,29.92561866475944,1.739762,1400,15617373731626844926,549606,SUCCESS
1497,F014,RANDOM2,0,2,261,-0.91977828741073608;0.071893088519573212;-0.3857969343662262;47.44329833984375;-0.010564066469669342;-0.98725605010986328;-0.1587890088558197;33.763702392578125;-0.3922961950302124;-0.14197511970996857;0.90881609916687012;2.1619982719421387;0;0;0;1,-0.93194729089736938;0.074955262243747711;-0.35476177930831909;47.562831878662109;-0.017920318990945816;-0.98672592639923096;-0.16140268743038177;33.743938446044922;-0.362150639295578;-0.14406135678291321;0.92091977596282959;2.6387972831726074;0;0;0;1,47.562831878662109;33.743938446044922;2.6387972831726074;-0.18293361354500692;-0.077944864624927099;0.97974397230677124;-0.023698941801624091,-0.30602455139160156,-1.9833612442016602,1.071644127368927,0.36430894629459176,-0.23132721862873151,-1.2532958301619079,2.633016846719729,1.8200297355651855,75.946279304710202,1,29,42.677653999999997,543.22571819021607,2786.7587915946951,-2243.5330734044792,1.2774080000000001,1400,15617373731626844926,549606,SUCCESS
1497,F014,RANDOM2,0,3,259,0.84518980979919434;0.53410422801971436;-0.019668668508529663;48.161838531494141;-0.47497192025184631;0.76747220754623413;0.43056714534759521;36.890121459960938;0.24506288766860962;-0.35456889867782593;0.90234416723251343;1.3956749439239502;0;0;0;1,0.83964079618453979;0.54243415594100952;-0.0277211032807827;48.228759765625;-0.48973855376243591;0.77816742658615112;0.39320668578147888;37.129032135009766;0.23486042022705078;-0.31657630205154419;0.91903209686279297;1.1697707176208496;0;0;0;1,48.228759765625;37.129032135009766;1.1697707176208496;-0.18870693885827644;-0.069811416096609388;-0.2744193024629259;0.94032446732236308,0.52638530731201172,2.2480058670043945,-0.76463907957077026,-0.34864874074436708,0.21367126329502162,1.2428155832390164,2.7617180737666609,1.9457086324691772,74.963419321159236,1,16,23.640011999999999,514.0320809562437,2786.7587915946951,-2272.7267106384516,1.244373,1400,15617373731626844926,549606,SUCCESS
1497,F014,RANDOM2,0,4,260,0.0062769693322479725;0.59856182336807251;-0.8010520339012146;47.064212799072266;-0.85252422094345093;-0.41548320651054382;-0.31713747978210449;35.554794311523438;-0.52265000343322754;0.68490689992904663;0.50768047571182251;1.0581432580947876;0;0;0;1,-0.20963495969772339;0.85979664325714111;-0.46562105417251587;45.519916534423828;-0.95797348022460938;-0.27596783638000488;-0.078285738825798035;35.366752624511719;-0.19580626487731934;0.42964121699333191;0.8815147876739502;0.75145548582077026;0;0;0;1,45.519916534423828;35.366752624511719;0.75145548582077026;0.21495236757932543;-0.11418438636198677;-0.76927201299492221;0.59074357855665205,-2.8596687316894531,0.045156478881835938,-1.2875330448150635,0.087968638402371985,-0.50688793837676938,-0.0051428651235261112,3.1783936220289042,2.5091812610626221,29.478125222713363,1,64,90.796552000000005,680.02068926618767,2786.7587915946951,-2106.7381023285075,1.2950090000000001,1400,15617373731626844926,549606,SUCCESS
1497,F014,RANDOM2,0,5,262,0.041096515953540802;0.5807795524597168;0.8130229115486145;48.540924072265625;-0.85554486513137817;-0.39985224604606628;0.32887867093086243;35.099029541015625;0.51609498262405396;-0.70909333229064941;0.48045039176940918;2.4995298385620117;0;0;0;1,0.010665366426110268;0.65125751495361328;0.75878173112869263;48.052738189697266;-0.89898115396499634;-0.32603105902671814;0.29246637225151062;34.861236572265625;0.43785738945007324;-0.68524980545043945;0.58199107646942139;3.5083680152893066;0;0;0;1,48.052738189697266;34.861236572265625;3.5083680152893066;-0.43436890542140866;0.14257670906671144;-0.68872285139316969;0.56272228497152621,0.30635833740234375,-0.58673858642578125,2.158607542514801,-0.31126539641820844,0.87323487007590128,0.051695636668499599,2.4412705393858056,1.8062475919723511,53.198683096957062,1,38,52.905650000000001,501.73442812680707,2786.7587915946951,-2285.0243634678882,1.2429760000000001,1400,15617373731626844926,549606,SUCCESS
1497,F014,RANDOM2,0,6,210,-0.49194979667663574;0.2812848687171936;-0.82393217086791992;47.037494659423828;-0.36653661727905273;-0.92532813549041748;-0.097050674259662628;34.489276885986328;-0.78970646858215332;0.25425723195075989;0.55831617116928101;1.5027477741241455;0;0;0;1,-0.73530906438827515;0.28102695941925049;-0.61672073602676392;46.772392272949219;-0.32672148942947388;-0.94424289464950562;-0.040725793689489365;34.19573974609375;-0.59377920627593994;0.17154987156391144;0.78612786531448364;1.6074209213256836;0;0;0;1,46.772392272949219;34.19573974609375;1.6074209213256836;-0.32511765167999185;0.035136901287927867;0.93081680270445888;-0.16322987023525573,-1.2940740585327148,-1.418609619140625,-0.21757632493972778,0.3564990899634134,-0.61288874471110122,-0.93456268969730094,2.2606530059194099,1.5459718704223633,67.212898103806168,1,25,38.917856,322.049121085195,2786.7587915946951,-2464.7096705095,1.197719,1400,15617373731626844926,549606,SUCCESS
1497,F014,RANDOM2,0,7,31,0.64868319034576416;0.60400497913360596;0.46302062273025513;48.536891937255859;-0.69671630859375;0.22646915912628174;0.68066006898880005;36.135997772216797;0.30626213550567627;-0.76412677764892578;0.56772685050964355;2.0415849685668945;0;0;0;1,0.75585132837295532;0.61319118738174438;0.22953249514102936;47.965496063232422;-0.62126260995864868;0.56101608276367188;0.54707741737365723;34.941829681396484;0.20669159293174744;-0.55610913038253784;0.80499762296676636;2.4786515235900879;0;0;0;1,47.965496063232422;34.941829681396484;2.4786515235900879;-0.31218491008894894;0.0064636257730465146;-0.34933153283595053;0.88344002831041457,0.19730567932128906,-0.48599720001220703,0.87146192789077759,-0.3795141794395453,0.51793708525664706,1.0371427859171576,1.5882454773538872,0.81371003389358521,69.890400673583869,1,80,102.45567800000001,318.70900280219894,2786.7587915946951,-2468.0497887924962,1.1901060000000001,1400,15617373731626844926,549606,ITERATION_LIMIT
1497,F014,RANDOM2,0,8,243,-0.77990472316741943;0.40710091590881348;0.47541287541389465;48.094398498535156;-0.53387761116027832;-0.82914537191390991;-0.16580921411514282;34.201122283935547;0.32668527960777283;-0.38312768936157227;0.86399644613265991;2.5176959037780762;0;0;0;1,-0.83903217315673828;0.53648978471755981;0.090574592351913452;48.183929443359375;-0.54376751184463501;-0.83250457048416138;-0.10608072578907013;34.025524139404297;0.018492534756660461;-0.13825665414333344;0.99022376537322998;1.5835614204406738;0;0;0;1,48.183929443359375;34.025524139404297;1.5835614204406738;0.028498296894934716;-0.063843243885138637;0.95678634718369238;-0.28226188748606795,0.47034740447998047,-1.6313791275024414,-0.24740070104598999,0.06450739721450556,0.10307765879077009,-0.74124883732604208,1.8729836337523387,1.3726078271865845,43.038095654719186,1,40,67.430527999999995,1312.0195536816466,2786.7587915946951,-1474.7392379130486,1.45306,1400,15617373731626844926,549606,SUCCESS
1497,F014,RANDOM2,0,9,4,0.5106690526008606;0.73805266618728638;-0.44101634621620178;47.502475738525391;-0.8585553765296936;0.46508532762527466;-0.21582004427909851;36.493297576904297;0.045823685824871063;0.48884958028793335;0.87116372585296631;1.0152353048324585;0;0;0;1,0.51252716779708862;0.76740515232086182;-0.38523411750793457;47.161693572998047;-0.85701477527618408;0.48502030968666077;-0.17401431500911713;36.2611083984375;0.053306892514228821;0.4193384051322937;0.90626358985900879;0.86275631189346313;0;0;0;1,47.161693572998047;36.2611083984375;0.86275631189346313;0.17409999551039984;-0.12867555045132131;-0.47663302535168062;0.85202861068360403,-0.80744743347167969,1.1631011962890625,-1.1484070867300034,0.023113878179377222,-0.46716323231197493,0.79474999731615936,2.0430413316189773,1.4584627151489258,52.83662874964665,1,35,52.253467000000001,576.76885439089358,2786.7587915946951,-2209.9899372038017,1.3168690000000001,1400,15617373731626844926,549606,SUCCESS
1497,F014,RANDOM2,0,10,42,0.1539817601442337;0.96358203887939453;-0.21863061189651489;47.67620849609375;-0.98803108930587769;0.14810433983802795;-0.043123181909322739;35.923942565917969;-0.0091725699603557587;0.22265402972698212;0.97485435009002686;1.4108848571777344;0;0;0;1,0.14435803890228271;0.9671054482460022;-0.2094464898109436;47.534496307373047;-0.9894641637802124;0.14343529939651489;-0.019671117886900902;36.073276519775391;0.011017976328730583;0.21007949113845825;0.97762221097946167;1.2586467266082764;0;0;0;1,47.534496307373047;36.073276519775391;1.2586467266082764;0.07632252634556666;-0.073237694979730511;-0.64996709429537702;0.75256487317673193,-0.34144401550292969,0.92831134796142578,-0.65354406833648682,-0.013300637257877456,-0.23298954713601816,0.40092968025861103,1.2730559564578909,0.94841879606246948,26.579662459274747,1,18,30.314174000000001,790.94376884107862,2786.7587915946951,-1995.8150227536166,1.384266,1400,15617373731626844926,549606,SUCCESS
1497,F014,RANDOM2,0,11,182,-0.54707002639770508;0.72320866584777832;-0.42152529954910278;47.436691284179688;-0.73878473043441772;-0.65391039848327637;-0.16309019923210144;34.881801605224609;-0.39358800649642944;0.22219467163085938;0.89203023910522461;1.6663260459899902;0;0;0;1,-0.64877080917358398;0.73757106065750122;-0.18731096386909485;47.156120300292969;-0.74914795160293579;-0.66227376461029053;-0.013072430156171322;34.488559722900391;-0.13369297981262207;0.13184262812137604;0.98221355676651001;1.7800672054290771;0;0;0;1,47.156120300292969;34.488559722900391;1.7800672054290771;-0.088443819073649621;0.03272386556905222;0.90736681587321344;-0.40962458537298763,-0.81441402435302734,-1.0525846481323242,-0.0017684698104858398,0.056843073438237329,-0.20488253137758927,-0.46613772052963398,1.4260785859111587,1.064693808555603,29.354924460006782,1,80,129.63646499999999,1045.3607622533332,2786.7587915946951,-1741.398029341362,1.4364380000000001,1400,15617373731626844926,549606,ITERATION_LIMIT
1497,F014,RANDOM2,0,12,203,-0.57175463438034058;0.7729528546333313;0.27502819895744324;47.952243804931641;-0.80896264314651489;-0.58698552846908569;-0.032055128365755081;34.777984619140625;0.13666045665740967;-0.24081520736217499;0.96090161800384521;2.1453061103820801;0;0;0;1,-0.59095972776412964;0.80417567491531372;0.063781335949897766;47.800624847412109;-0.80630248785018921;-0.59130370616912842;-0.015368168242275715;34.556278228759766;0.025355435907840729;-0.06050901859998703;0.99784559011459351;1.6851518154144287;0;0;0;1,47.800624847412109;34.556278228759766;1.6851518154144287;0.024992281429930239;-0.021274542123869804;0.89164301163734283;-0.45154791498204955,-0.0087833404541015625,-0.96793651580810547,-0.12041270732879639,0.0040580854086157492,0.04308987385689228,-0.37779780325042767,1.0469392777126825,0.78034961223602295,21.787799216979604,1,41,74.962976999999995,1435.6803453813302,2786.7587915946951,-1351.0784462133649,1.4749209999999999,1400,15617373731626844926,549606,SUCCESS
1497,F014,RANDOM2,0,13,15,0.51932662725448608;0.84865868091583252;0.10039081424474716;48.068679809570312;-0.82394200563430786;0.46607205271720886;0.32232958078384399;36.294673919677734;0.22675842046737671;-0.25011053681373596;0.94128918647766113;1.5783606767654419;0;0;0;1,0.5487326979637146;0.83363127708435059;0.062859214842319489;47.536113739013672;-0.81204408407211304;0.51363086700439453;0.27706968784332275;36.236118316650391;0.19868752360343933;-0.2030816525220871;0.95879137516021729;1.5041773319244385;0;0;0;1,47.536113739013672;36.236118316650391;1.5041773319244385;-0.13812161906829176;-0.039072734665524723;-0.47339937689383876;0.86907351225787366,-0.33942222595214844,1.1318635940551758,-0.34663081169128418,-0.22416224494554723,0.15773827251762623,0.82461783118393017,1.5071828703956036,0.98516207933425903,49.788833792393646,1,45,73.018647999999999,639.52500408700189,2786.7587915946951,-2147.2337875076933,1.2972440000000001,1400,15617373731626844926,549606,SUCCESS
1497,F014,RANDOM2,0,14,229,-0.84737306833267212;0.5073390007019043;-0.15673539042472839;47.622158050537109;-0.48349517583847046;-0.85921955108642578;-0.16725499927997589;34.33270263671875;-0.21952508389949799;-0.065946586430072784;0.97337543964385986;2.0629620552062988;0;0;0;1,-0.86943525075912476;0.49294629693031311;0.032959003001451492;47.563533782958984;-0.49370661377906799;-0.86937648057937622;-0.020935630425810814;35.020435333251953;0.018333641812205315;-0.03447425365447998;0.99923741817474365;1.6858491897583008;0;0;0;1,47.563533782958984;35.020435333251953;1.6858491897583008;0.013264857652929595;-0.014329622259889596;0.96670175710544903;-0.25515959375765956,-0.30514717102050781,-0.38774013519287109,-0.1195409893989563,0.002672433702155546,0.016519512959099054,-0.7991892810548995,0.94695871067910442,0.40615051984786987,45.800209967309463,1,80,145.51278300000001,1415.3050005024465,2786.7587915946951,-1371.4537910922486,1.4787619999999999,1400,15617373731626844926,549606,ITERATION_LIMIT
1497,F014,RANDOM2,0,15,61,0.1791723221540451;0.91737991571426392;0.35540318489074707;48.165969848632812;-0.94594389200210571;0.061371929943561554;0.31847083568572998;35.717487335205078;0.27034693956375122;-0.39325264096260071;0.87878602743148804;1.9131726026535034;0;0;0;1,0.18473193049430847;0.9304955005645752;0.31631028652191162;48.061630249023438;-0.96770668029785156;0.11604920774698257;0.22377727925777435;35.938697814941406;0.17151620984077454;-0.34743443131446838;0.92188471555709839;2.6129155158996582;0;0;0;1,48.061630249023438;35.938697814941406;2.6129155158996582;-0.19157111378743225;0.048560563493769894;-0.63661283417535497;0.74543039876210593,0.31747341156005859,0.76008796691894531,1.0392919182777405,-0.14984019949462804,0.34678323623420904,0.40761542417756041,1.4378844905781192,1.0609130859375,31.842282554077705,1,40,57.551183999999999,531.72799629321491,2786.7587915946951,-2255.0307953014803,1.272869,1400,15617373731626844926,549606,SUCCESS
1497,F014,RANDOM2,0,16,142,-0.28253579139709473;0.7103729248046875;-0.64462685585021973;47.250453948974609;-0.81942379474639893;-0.52810603380203247;-0.22281980514526367;35.218299865722656;-0.49871647357940674;0.46526804566383362;0.73130536079406738;1.3622350692749023;0;0;0;1,-0.28442993760108948;0.70098972320556641;-0.65399777889251709;47.358135223388672;-0.81450390815734863;-0.53649508953094482;-0.22080846130847931;35.219085693359375;-0.50565099716186523;0.46987918019294739;0.72355413436889648;1.3173832893371582;0;0;0;1,47.358135223388672;35.219085693359375;1.3173832893371582;-0.36349381772836781;0.078071626824550419;0.79757118158754958;-0.47503397337376246,-0.56189537048339844,-0.13942718505859375,-0.58012336492538452,0.33228266736738726,-0.71146229125895288,-0.23137863839157943,1.1583764081923267,0.65566307306289673,46.90304172883787,1,10,19.924005999999999,342.11164416954949,2786.7587915946951,-2444.6471474251457,1.2484930000000001,1400,15617373731626844926,549606,SUCCESS
