root_id,probe,source_count,float_energy,double_energy,mean_gap,sum_gap,point_count,guard_disagreements
616/P02/FORWARD,-1,358,-3.0449176837663177,-3.0449176556690101,2.8097307591679055e-08,1.0058836117821102e-05,358,0
616/P02/FORWARD,0,358,-3.044915006557444,-3.0449150157888334,9.2313894306528255e-09,3.3048374161737115e-06,358,0
616/P02/FORWARD,1,358,-3.0449150620983652,-3.0449150338197932,2.8278571928552765e-08,1.012372875042189e-05,358,0
616/P02/FORWARD,2,358,-3.0449132244486043,-3.0449132160180006,8.4306037706483039e-09,3.0181561498920928e-06,358,0
616/P02/FORWARD,3,358,-3.0449131623346997,-3.0449132128864909,5.0551791197506191e-08,1.8097541248707216e-05,358,0
616/P02/FORWARD,4,358,-3.0448942658444089,-3.044894289865391,2.402098209230985e-08,8.5995115890469265e-06,358,0
616/P02/FORWARD,5,358,-3.0448942807124375,-3.0448942816428533,9.3041574444896469e-10,3.3308883651272936e-07,358,0
616/P02/FORWARD,6,358,-3.0448805838578075,-3.0448806180535986,3.419579108765447e-08,1.22420932093803e-05,358,0
616/P02/FORWARD,7,358,-3.0448806608296604,-3.0448806227586238,3.8071036545517245e-08,1.3629431083295174e-05,358,0
616/P02/REVERSE,-1,358,-3.0725602317820275,-3.0725601448297688,8.6952258726569198e-08,3.1128908624111773e-05,358,0
616/P02/REVERSE,0,358,-3.0725574957279842,-3.0725575188437277,2.3115743541524125e-08,8.2754361878656368e-06,358,0
616/P02/REVERSE,1,358,-3.0725574703052323,-3.0725574881720585,1.7866826240720002e-08,6.3963237941777606e-06,358,0
616/P02/REVERSE,2,358,-3.0725555493127592,-3.0725555214754019,2.7837357308158062e-08,9.9657739163205861e-06,358,0
616/P02/REVERSE,3,358,-3.0725555547194334,-3.0725555865173879,3.1797954491707969e-08,1.1383667708031453e-05,358,0
616/P02/REVERSE,4,358,-3.0725369121976658,-3.07253689025928,2.1938385774689095e-08,7.8539421073386961e-06,358,0
616/P02/REVERSE,5,358,-3.0725368755569558,-3.0725368873588343,1.1801878585515624e-08,4.2250725336145933e-06,358,0
616/P02/REVERSE,6,358,-3.0725238469509168,-3.0725238292834018,1.7667515006536405e-08,6.324970372340033e-06,358,0
616/P02/REVERSE,7,358,-3.0725238999945388,-3.0725238459723632,5.4022175621781798e-08,1.9339938872597884e-05,358,0
616/P03/FORWARD,-1,358,-3.0449176837663177,-3.0449176556690101,2.8097307591679055e-08,1.0058836117821102e-05,358,0
616/P03/FORWARD,0,358,-3.044915006557444,-3.0449150157888334,9.2313894306528255e-09,3.3048374161737115e-06,358,0
616/P03/FORWARD,1,358,-3.0449150620983652,-3.0449150338197932,2.8278571928552765e-08,1.012372875042189e-05,358,0
616/P03/FORWARD,2,358,-3.0449132244486043,-3.0449132160180006,8.4306037706483039e-09,3.0181561498920928e-06,358,0
616/P03/FORWARD,3,358,-3.0449131623346997,-3.0449132128864909,5.0551791197506191e-08,1.8097541248707216e-05,358,0
616/P03/FORWARD,4,358,-3.0448942658444089,-3.044894289865391,2.402098209230985e-08,8.5995115890469265e-06,358,0
616/P03/FORWARD,5,358,-3.0448942807124375,-3.0448942816428533,9.3041574444896469e-10,3.3308883651272936e-07,358,0
616/P03/FORWARD,6,358,-3.0448805838578075,-3.0448806180535986,3.419579108765447e-08,1.22420932093803e-05,358,0
616/P03/FORWARD,7,358,-3.0448806608296604,-3.0448806227586238,3.8071036545517245e-08,1.3629431083295174e-05,358,0
616/P03/REVERSE,-1,358,-3.0654431818177859,-3.065443161925244,1.9892541835986322e-08,7.1215299772831031e-06,358,0
616/P03/REVERSE,0,358,-3.0654405541773904,-3.0654405293328608,2.4844529544765237e-08,8.8943415770259548e-06,358,0
616/P03/REVERSE,1,358,-3.0654405340175503,-3.0654405345043729,4.8682258224630459e-10,1.7428248444417704e-07,358,0
616/P03/REVERSE,2,358,-3.0654386607940327,-3.0654386507152851,1.0078747614272743e-08,3.6081916459096419e-06,358,0
616/P03/REVERSE,3,358,-3.0654386701960505,-3.0654386243754717,4.5820578886690555e-08,1.6403767241435219e-05,358,0
616/P03/REVERSE,4,358,-3.0654198263679335,-3.0654198372406101,1.0872676536877179e-08,3.8924182002020302e-06,358,0
616/P03/REVERSE,5,358,-3.0654198675522588,-3.0654198532166355,1.4335623355066218e-08,5.1321531611137061e-06,358,0
616/P03/REVERSE,6,358,-3.0654067726680077,-3.0654067741791242,1.5111165652115233e-09,5.4097973034572533e-07,358,0
616/P03/REVERSE,7,358,-3.0654067370859721,-3.0654067652801813,2.8194209189535968e-08,1.0093526889853877e-05,358,0
616/P10/FORWARD,-1,358,-3.0449176837663177,-3.0449176556690101,2.8097307591679055e-08,1.0058836117821102e-05,358,0
616/P10/FORWARD,0,358,-3.044915006557444,-3.0449150157888334,9.2313894306528255e-09,3.3048374161737115e-06,358,0
616/P10/FORWARD,1,358,-3.0449150620983652,-3.0449150338197932,2.8278571928552765e-08,1.012372875042189e-05,358,0
616/P10/FORWARD,2,358,-3.0449132244486043,-3.0449132160180006,8.4306037706483039e-09,3.0181561498920928e-06,358,0
616/P10/FORWARD,3,358,-3.0449131623346997,-3.0449132128864909,5.0551791197506191e-08,1.8097541248707216e-05,358,0
616/P10/FORWARD,4,358,-3.0448942658444089,-3.044894289865391,2.402098209230985e-08,8.5995115890469265e-06,358,0
616/P10/FORWARD,5,358,-3.0448942807124375,-3.0448942816428533,9.3041574444896469e-10,3.3308883651272936e-07,358,0
616/P10/FORWARD,6,358,-3.0448805838578075,-3.0448806180535986,3.419579108765447e-08,1.22420932093803e-05,358,0
616/P10/FORWARD,7,358,-3.0448806608296604,-3.0448806227586238,3.8071036545517245e-08,1.3629431083295174e-05,358,0
616/P10/REVERSE,-1,358,-3.0483274170150922,-3.0483273802970121,3.6718080131947772e-08,1.3145072687237302e-05,358,0
616/P10/REVERSE,0,358,-3.0483248868538881,-3.0483248633900133,2.3463874843088206e-08,8.4000671938255778e-06,358,0
616/P10/REVERSE,1,358,-3.0483246701564304,-3.0483246690440855,1.1123448828698201e-09,3.9821946806739561e-07,358,0
616/P10/REVERSE,2,358,-3.0483227669531714,-3.0483227569999256,9.9532457831230658e-09,3.5632619903580576e-06,358,0
616/P10/REVERSE,3,358,-3.0483228149570127,-3.0483228640709612,4.9113948463741508e-08,1.758279355001946e-05,358,0
616/P10/REVERSE,4,358,-3.0483029140157583,-3.0483029200015812,5.9858229484177627e-09,2.1429246155335591e-06,358,0
616/P10/REVERSE,5,358,-3.0483030168342187,-3.0483029958730774,2.0961141267150651e-08,7.5040885736399332e-06,358,0
616/P10/REVERSE,6,358,-3.0482902556149081,-3.0482902355477348,2.0067173256421711e-08,7.1840480257989725e-06,358,0
616/P10/REVERSE,7,358,-3.0482901490830798,-3.0482901737671453,2.4684065458302484e-08,8.8368954340722894e-06,358,0
616/P12/FORWARD,-1,358,-3.0449176837663177,-3.0449176556690101,2.8097307591679055e-08,1.0058836117821102e-05,358,0
616/P12/FORWARD,0,358,-3.044915006557444,-3.0449150157888334,9.2313894306528255e-09,3.3048374161737115e-06,358,0
616/P12/FORWARD,1,358,-3.0449150620983652,-3.0449150338197932,2.8278571928552765e-08,1.012372875042189e-05,358,0
616/P12/FORWARD,2,358,-3.0449132244486043,-3.0449132160180006,8.4306037706483039e-09,3.0181561498920928e-06,358,0
616/P12/FORWARD,3,358,-3.0449131623346997,-3.0449132128864909,5.0551791197506191e-08,1.8097541248707216e-05,358,0
616/P12/FORWARD,4,358,-3.0448942658444089,-3.044894289865391,2.402098209230985e-08,8.5995115890469265e-06,358,0
616/P12/FORWARD,5,358,-3.0448942807124375,-3.0448942816428533,9.3041574444896469e-10,3.3308883651272936e-07,358,0
616/P12/FORWARD,6,358,-3.0448805838578075,-3.0448806180535986,3.419579108765447e-08,1.22420932093803e-05,358,0
616/P12/FORWARD,7,358,-3.0448806608296604,-3.0448806227586238,3.8071036545517245e-08,1.3629431083295174e-05,358,0
616/P12/REVERSE,-1,358,-3.0433733477456792,-3.043373310172937,3.7572742250802094e-08,1.345104172578715e-05,358,0
616/P12/REVERSE,0,358,-3.0433707367356848,-3.0433706740862583,6.2649426535443808e-08,2.2428494699688883e-05,358,0
616/P12/REVERSE,1,358,-3.0433707387411992,-3.043370673387582,6.5353617184626955e-08,2.339659495209645e-05,358,0
616/P12/REVERSE,2,358,-3.0433689256957392,-3.0433689173380127,8.3577265108658594e-09,2.9920660908899777e-06,358,0
616/P12/REVERSE,3,358,-3.0433689178234262,-3.0433689293527686,1.152934236969827e-08,4.1275045683519807e-06,358,0
616/P12/REVERSE,4,358,-3.0433499190320377,-3.0433499295372739,1.0505236236468818e-08,3.7608745726558368e-06,358,0
616/P12/REVERSE,5,358,-3.0433499611871455,-3.0433499609893118,1.9783374938242559e-10,7.0824482278908363e-08,358,0
616/P12/REVERSE,6,358,-3.0433370729516627,-3.0433370355699005,3.7381762130195284e-08,1.3382670842609912e-05,358,0
616/P12/REVERSE,7,358,-3.0433370603874854,-3.043337053596328,6.7911574141987785e-09,2.4312343542831627e-06,358,0
616/P13/FORWARD,-1,358,-3.0449176837663177,-3.0449176556690101,2.8097307591679055e-08,1.0058836117821102e-05,358,0
616/P13/FORWARD,0,358,-3.044915006557444,-3.0449150157888334,9.2313894306528255e-09,3.3048374161737115e-06,358,0
616/P13/FORWARD,1,358,-3.0449150620983652,-3.0449150338197932,2.8278571928552765e-08,1.012372875042189e-05,358,0
616/P13/FORWARD,2,358,-3.0449132244486043,-3.0449132160180006,8.4306037706483039e-09,3.0181561498920928e-06,358,0
616/P13/FORWARD,3,358,-3.0449131623346997,-3.0449132128864909,5.0551791197506191e-08,1.8097541248707216e-05,358,0
616/P13/FORWARD,4,358,-3.0448942658444089,-3.044894289865391,2.402098209230985e-08,8.5995115890469265e-06,358,0
616/P13/FORWARD,5,358,-3.0448942807124375,-3.0448942816428533,9.3041574444896469e-10,3.3308883651272936e-07,358,0
616/P13/FORWARD,6,358,-3.0448805838578075,-3.0448806180535986,3.419579108765447e-08,1.22420932093803e-05,358,0
616/P13/FORWARD,7,358,-3.0448806608296604,-3.0448806227586238,3.8071036545517245e-08,1.3629431083295174e-05,358,0
616/P13/REVERSE,-1,358,-3.0276706236480817,-3.0276705832478612,4.0400220502334605e-08,1.4463278939835789e-05,358,0
616/P13/REVERSE,0,358,-3.0276678949680176,-3.0276679149434385,1.9975420872953009e-08,7.1512006725171773e-06,358,0
616/P13/REVERSE,1,358,-3.0276680314828375,-3.0276680599713299,2.848849245395968e-08,1.0198880298517565e-05,358,0
616/P13/REVERSE,2,358,-3.0276662056588095,-3.0276662053129804,3.4582914310021806e-10,1.2380683322987807e-07,358,0
616/P13/REVERSE,3,358,-3.0276661636688318,-3.02766618876983,2.5100998168881006e-08,8.9861573444594001e-06,358,0
616/P13/REVERSE,4,358,-3.0276466846257519,-3.0276466535665789,3.1059173011271923e-08,1.1119183938035349e-05,358,0
616/P13/REVERSE,5,358,-3.0276466684095151,-3.0276466877899106,1.9380395510637527e-08,6.9381815928082347e-06,358,0
616/P13/REVERSE,6,358,-3.0276342637708438,-3.0276342563275356,7.4433081920233235e-09,2.6647043327443498e-06,358,0
616/P13/REVERSE,7,358,-3.0276343242685888,-3.0276342935955345,3.0673054318697268e-08,1.0980953446093622e-05,358,0
616/P17/FORWARD,-1,358,-3.0449176837663177,-3.0449176556690101,2.8097307591679055e-08,1.0058836117821102e-05,358,0
616/P17/FORWARD,0,358,-3.044915006557444,-3.0449150157888334,9.2313894306528255e-09,3.3048374161737115e-06,358,0
616/P17/FORWARD,1,358,-3.0449150620983652,-3.0449150338197932,2.8278571928552765e-08,1.012372875042189e-05,358,0
616/P17/FORWARD,2,358,-3.0449132244486043,-3.0449132160180006,8.4306037706483039e-09,3.0181561498920928e-06,358,0
616/P17/FORWARD,3,358,-3.0449131623346997,-3.0449132128864909,5.0551791197506191e-08,1.8097541248707216e-05,358,0
616/P17/FORWARD,4,358,-3.0448942658444089,-3.044894289865391,2.402098209230985e-08,8.5995115890469265e-06,358,0
616/P17/FORWARD,5,358,-3.0448942807124375,-3.0448942816428533,9.3041574444896469e-10,3.3308883651272936e-07,358,0
616/P17/FORWARD,6,358,-3.0448805838578075,-3.0448806180535986,3.419579108765447e-08,1.22420932093803e-05,358,0
616/P17/FORWARD,7,358,-3.0448806608296604,-3.0448806227586238,3.8071036545517245e-08,1.3629431083295174e-05,358,0
616/P17/REVERSE,-1,358,-3.0254084945897888,-3.0254084184314523,7.6158336526077619e-08,2.7264684476335788e-05,358,0
616/P17/REVERSE,0,358,-3.0254057479750229,-3.0254058221332616,7.415823866097071e-08,2.6548649440627514e-05,358,0
616/P17/REVERSE,1,358,-3.0254058276398461,-3.025405840134813,1.2494966838971777e-08,4.4731981283518962e-06,358,0
616/P17/REVERSE,2,358,-3.0254040823038411,-3.0254041005652961,1.8261455014823014e-08,6.5376008953066389e-06,358,0
616/P17/REVERSE,3,358,-3.0254041179462345,-3.0254041000559124,1.7890322112634749e-08,6.4047353163232401e-06,358,0
616/P17/REVERSE,4,358,-3.0253844618324655,-3.0253844423443801,1.9488085367669328e-08,6.9767345616256193e-06,358,0
616/P17/REVERSE,5,358,-3.0253844182992409,-3.0253844092834199,9.0158209786750376e-09,3.2276639103656635e-06,358,0
616/P17/REVERSE,6,358,-3.0253720334044614,-3.0253720305249727,2.8794886475225212e-09,1.0308569358130626e-06,358,0
616/P17/REVERSE,7,358,-3.0253720751067226,-3.0253720759493552,8.4263263033790281e-10,3.0166248166096921e-07,358,0
2226/P09/FORWARD,-1,554,-2.8953703860410398,-2.8953702400400374,1.4600100239903213e-07,8.0884555329063801e-05,554,0
2226/P09/FORWARD,0,554,-2.8953676243283835,-2.8953677509728499,1.2664446646937222e-07,7.0161034424032209e-05,554,0
2226/P09/FORWARD,1,554,-2.895367706704445,-2.895367693198668,1.3505776941258318e-08,7.4822004254571084e-06,554,0
2226/P09/FORWARD,2,554,-2.8953620252428784,-2.8953621532136902,1.2797081172521985e-07,7.0895829695771795e-05,554,0
2226/P09/FORWARD,3,554,-2.8953622935094763,-2.8953622676261199,2.5883356347122799e-08,1.4339379416306031e-05,554,0
2226/P09/FORWARD,4,554,-2.895329449462877,-2.895329541955757,9.2492880021666224e-08,5.1241055532003088e-05,554,0
2226/P09/FORWARD,5,554,-2.8953295081854953,-2.8953295179065321,9.7210368643629863e-09,5.3854544228570944e-06,554,0
2226/P09/FORWARD,6,554,-2.8953107795046615,-2.8953107541054357,2.5399225833666605e-08,1.4071171111851299e-05,554,0
2226/P09/FORWARD,7,554,-2.895310677170972,-2.8953107229018342,4.5730862208159806e-08,2.5334897663320533e-05,554,0
2226/P09/REVERSE,-1,554,-2.8798940692983419,-2.8798939220442428,1.4725409913651788e-07,8.1578770921630905e-05,554,0
2226/P09/REVERSE,0,554,-2.8798916995108055,-2.8798916474115712,5.2099234260083449e-08,2.8862975780086231e-05,554,0
2226/P09/REVERSE,1,554,-2.8798916573225513,-2.8798917087298586,5.1407307299911054e-08,2.8479648244150724e-05,554,0
2226/P09/REVERSE,2,554,-2.8798862745694929,-2.8798863240029933,4.9433500404205688e-08,2.7386159223929951e-05,554,0
2226/P09/REVERSE,3,554,-2.8798864343515445,-2.8798864558040673,2.1452522869225277e-08,1.1884697669550803e-05,554,0
2226/P09/REVERSE,4,554,-2.8798533114883043,-2.8798534229813075,1.1149300327417677e-07,6.1767123813893932e-05,554,0
2226/P09/REVERSE,5,554,-2.8798535588066181,-2.879853449787213,1.0901940505902985e-07,6.0396750402702537e-05,554,0
2226/P09/REVERSE,6,554,-2.8798415287053185,-2.8798415126849188,1.6020399673521979e-08,8.8753014191311763e-06,554,0
2226/P09/REVERSE,7,554,-2.8798413099638105,-2.8798414096466014,9.9682790910549102e-08,5.5224266164444202e-05,554,0
