stamp,imu_hz,correction_hz,ndt_correction_count,oosm_event_count,deferred_received_count,deferred_processed_count,deferred_over_limit_count,deferred_queue_full_count,max_deferred_queue_size,state_history_size,imu_history_size,state_history_span_sec,pending_cloud_queue_size,raw_cloud_received_count,state_history_peak,imu_history_peak,pending_cloud_queue_peak
1517157220.194144,200.01430708706624,8.9558644964358027,9,9,0,0,0,0,0,203,203,1.0051651000976562,1,10,203,203,2
1517157221.1990881,200.01112776838943,9.9508023765367888,19,19,0,0,0,0,0,401,401,1.9998722076416016,1,20,401,401,2
1517157222.2040319,199.01609474643183,9.950804737321592,29,29,0,0,0,0,0,400,400,1.9998879432678223,1,30,401,401,2
1517157223.208976,200.01112776838943,9.9508023765367888,39,39,0,0,0,0,0,400,400,1.9998879432678223,1,40,401,401,2
1517157224.2139039,200.01435454034936,9.9509629124551928,49,49,0,0,0,0,0,401,401,1.9998719692230225,1,50,401,401,2
1517157225.218848,200.01112776838943,9.9508023765367888,59,59,0,0,0,0,0,401,401,1.9998719692230225,1,60,401,401,2
1517157226.2237761,200.01430708706624,9.9509605515953368,69,69,0,0,0,0,0,401,401,1.9998722076416016,1,70,401,401,2
1517157227.2287199,200.01117522016398,9.950804737321592,79,79,0,0,0,0,0,401,401,1.9998719692230225,1,80,401,401,2
1517157228.2336481,199.01921103190674,9.9509605515953368,89,89,0,0,0,0,0,400,400,1.9998719692230225,1,90,401,401,2
1517157229.2385919,200.01117522016398,9.950804737321592,99,99,0,0,0,0,0,400,400,1.9998719692230225,1,100,401,401,2
1517157230.243536,200.01112776838943,9.9508023765367888,109,109,0,0,0,0,0,401,401,1.9998879432678223,1,110,401,401,2
1517157231.2484801,200.01112776838943,9.9508023765367888,119,119,0,0,0,0,0,401,401,1.9998881816864014,1,120,401,401,2
1517157232.253408,200.01435454034936,9.9509629124551928,129,129,0,0,0,0,0,401,401,1.9998719692230225,1,130,401,401,2
1517157233.258352,200.01112776838943,9.9508023765367888,139,139,0,0,0,0,0,401,401,1.9998719692230225,1,140,401,401,2
1517157234.2632799,200.01435454034936,9.9509629124551928,149,149,0,0,0,0,0,401,401,1.9998719692230225,1,150,401,401,2
1517157235.268224,200.01112776838943,9.9508023765367888,159,159,0,0,0,0,0,401,401,1.9998719692230225,1,160,401,401,2
1517157236.2731521,200.01430708706624,9.9509605515953368,169,169,0,0,0,0,0,401,401,1.9998722076416016,1,170,401,401,2
1517157237.2781119,200.00799600105051,9.9506465672164435,179,179,0,0,0,0,0,401,401,1.9998879432678223,1,180,401,401,2
1517157238.28304,200.01430708706624,9.9509605515953368,189,189,0,0,0,0,0,401,401,1.9998879432678223,1,190,401,401,2
1517157239.2879839,200.01117522016398,9.950804737321592,199,199,0,0,0,0,0,401,401,1.9998719692230225,1,200,401,401,2
1517157240.292912,200.01430708706624,9.9509605515953368,209,209,0,0,0,0,0,401,401,1.9998719692230225,1,210,401,401,2
1517157241.2978561,200.01112776838943,9.9508023765367888,219,219,0,0,0,0,0,401,401,1.9998722076416016,1,220,401,401,2
1517157242.3027999,200.01117522016398,9.950804737321592,229,229,0,0,0,0,0,401,401,1.9998879432678223,1,230,401,401,2
1517157243.307744,200.01112776838943,9.9508023765367888,239,239,0,0,0,0,0,401,401,1.9998879432678223,1,240,401,401,2
1517157244.3126719,199.01925824910384,9.9509629124551928,249,249,0,0,0,0,0,400,400,1.9998719692230225,1,250,401,401,2
1517157245.317616,200.01112776838943,8.9557221388831092,258,258,0,0,0,0,0,400,400,1.9998719692230225,1,260,401,401,2
1517157246.3225441,200.01430708706624,9.9509605515953368,268,268,0,0,0,0,0,401,401,1.9998722076416016,1,270,401,401,2
1517157247.3274879,200.01117522016398,9.950804737321592,278,278,0,0,0,0,0,401,401,1.9998719692230225,1,280,401,401,2
1517157248.3324161,199.01921103190674,9.9509605515953368,288,288,0,0,0,0,0,400,400,1.9998719692230225,1,289,401,401,2
1517157249.3373599,200.01117522016398,9.950804737321592,298,298,0,0,0,0,0,400,400,1.9998719692230225,1,299,401,401,2
1517157250.342304,200.01112776838943,9.9508023765367888,308,308,0,0,0,0,0,401,401,1.9998879432678223,1,309,401,401,2
1517157251.3472481,199.01604753073576,9.9508023765367888,318,318,0,0,0,0,0,400,400,1.9998881816864014,1,319,401,401,2
1517157252.352176,200.01435454034936,9.9509629124551928,328,328,0,0,0,0,0,400,400,1.9998719692230225,1,329,401,401,2
1517157253.35712,200.01112776838943,9.9508023765367888,338,338,0,0,0,0,0,401,401,1.9998719692230225,1,339,401,401,2
1517157254.3620479,200.01435454034936,9.9509629124551928,348,348,0,0,0,0,0,401,401,1.9998719692230225,1,349,401,401,2
1517157255.366992,200.01112776838943,9.9508023765367888,358,358,0,0,0,0,0,401,401,1.9998719692230225,1,359,401,401,2
1517157256.3719201,200.01430708706624,9.9509605515953368,368,368,0,0,0,0,0,401,401,1.9998722076416016,1,369,401,401,2
1517157257.376864,200.01117522016398,9.950804737321592,378,378,0,0,0,0,0,401,401,1.9998719692230225,1,379,401,401,2
1517157258.381808,200.01112776838943,9.9508023765367888,388,388,0,0,0,0,0,401,401,1.9998879432678223,1,389,401,401,2
